tree
version=v4
num_class=1
num_tree_per_iteration=1
label_index=0
max_feature_idx=15
objective=binary sigmoid:1
feature_names=jaccard overlap_coef n_common_tokens n_kw_matched fuzz_ratio fuzz_token_sort fuzz_token_set fuzz_partial vol_same_unit vol_ratio price_ratio has_price_data temp_match name_len_diff plat_name_len our_name_len
feature_infos=[0:1] [0:1] [0:45] [0:23] [0.048800000000000003:1] [0.045499999999999999:1] [0.045499999999999999:1] [0.1143:1] [0:1] [-1:1] none none [0:1] [0:37] [4:59] [9:40]
tree_sizes=2633 2758 2748 2568 3298 2872 2874 3300 2877 2580 3308 3409 2565 2767 2787 2467 2779 2902 2577 2662 2777 2574 2886 2677 2793 2582 2684 2681 2687 2777 2683 2684 2685 2675 2796 2687 3001 3103 3113 3402 2893 3005 2367 2678 2873 3101 2998 2759 3089 2800 3089 2888 3093 2990 2995 2889 3098 2985 2461 2989 2372 2994 2994 3098 2569 3212 2997 2685 3208 2896 3102 2898 2578 3220 2891 3013 3221 3116 3193 3406 3083 3116 2362 3219 2481 3205 3215 3442 2794 2798 3445 2996 2587 3442 3423 3004 3456 2809 3102 3082 3213 3423 2695 3010 3302 3322 3230 3446 3208 3431 3205 3092 3008 3111 1736 2910 3323 2900 3112 2897 3009 3227 3441 1728 3430 3415 3311 1746 3458 3452 3006 3215 1954 3336 3239 3339 1949 3422 3025 2911 3217 3326 3445 1739 3417 3342 3431 3315 3324 3227 1527 3328 3456 3014 3234 3428 1955 2270 1747 3122 1521 1968 3120 2799 2703 3430 3124 2488 1732 3331 1950 1728 2582 2999 3442 3454 3337 3101 3324 2698 3448 3119 3348 2483 3008 2480 2483 3315 3432 3243 3316 3443 3413 2675 1721 2570 2384 3235 2463 1519 3231 3438 2589 2901 2596 3039 2372 3118 1734 2593 3444 3445 2474 3450 3323 2591 2803 3228 1323 2685 3234 2795 3010 1334 3126 2702 3452 2819 3449 2703 1969 2912 3214 2043 2588 3448 1327 2480 2999 3451 2808 3449 2804 2376 2488 1325 3132 3437 3452 3441 3332 2583 2698 2503 2359 1327 3228 2889 2572 3233 2486 3020 1326 3142 2690 2162 3023 2397 2593 3232 2726 2368 3236 2902 3210 3445 3232 2149 3453 2703 3022 3466 2695 2361 2177 1732 2918 2578 2071 2681 2142 2915 2722 2164 2376 3244 2466 3021 2574 3035

Tree=0
num_leaves=24
num_cat=0
split_feature=6 1 14 4 1 5 5 4 15 15 1 0 14 1 1 3 6 0 1 2 0 2 4
split_gain=13439.8 3017.88 2064.62 1115.43 582.185 605.039 550.166 440.236 276.418 221.388 58.5912 52.052 49.5968 39.2658 84.51 24.085 8.46664 15.5182 3.42754 11.8096 0.664241 0.846127 0.450134
threshold=0.91780000000000006 0.90550000000000008 28.500000000000004 0.34430000000000005 0.74130000000000018 0.30265000000000003 0.56295000000000017 0.58380000000000021 19.500000000000004 36.500000000000007 0.94030000000000014 0.73505000000000009 15.500000000000002 0.9215500000000002 0.91365000000000018 7.5000000000000009 0.98650000000000004 0.90765000000000018 0.8136500000000001 11.500000000000002 0.95295000000000007 21.500000000000004 0.78405000000000014
decision_type=2 2 2 2 2 2 2 2 2 2 2 2 2 2 2 2 2 2 2 2 2 2 2
left_child=1 2 3 9 5 -4 -6 -5 13 -1 11 -10 -12 14 -3 -15 17 -2 19 22 21 -20 -18
right_child=16 8 4 7 6 -7 -8 -9 10 -11 12 -13 -14 15 -16 -17 18 -19 20 -21 -22 -23 -24
leaf_value=-1.115534190901273 -1.000891511000997 -0.9252937482492638 -1.0673789498179254 -1.043075013329783 -1.0284230762378963 -1.138637409739268 -1.1143956372199253 -0.98811180423325151 -0.99076208336223426 -1.0311479600324081 -1.0055978984054297 -1.0472280255431405 -0.95162383921882365 -0.91977485314473784 -1.0371357579371707 -1.0142476398613418 -0.90224729703272444 -0.89893528118210053 -0.90389466106326088 -0.96559561732463206 -0.91485301642980443 -0.90093241059331075 -0.91036186799765861
leaf_weight=601.80359713733196 6.3752849251031867 49.320016473531723 371.04393383860588 1832.5967597812414 364.12699024379253 1510.8335104435682 380.58046221733093 454.71610181033611 84.942522168159485 89.250141322612762 77.815455943346024 78.560824528336525 93.94829349219799 244.72672119736671 25.687321528792381 6.9376780390739432 30.193092912435532 9.0017099380493146 1219.9106106907129 9.7509261518716794 12.564601778984068 300.43121415376663 39.381839707493782
leaf_count=2808 20 105 1493 6780 1276 7515 1770 1349 255 316 249 295 233 503 93 23 55 16 2249 26 25 542 76
internal_value=-1.03229 -1.06554 -1.07746 -1.04897 -1.10978 -1.12459 -1.07236 -1.03215 -0.964576 -1.10464 -0.996469 -1.01789 -0.976076 -0.931843 -0.963596 -0.922379 -0.904281 -0.941206 -0.903928 -0.914063 -0.903404 -0.903309 -0.90684
internal_weight=7894.5 6266.89 5604.95 2978.37 2626.58 1881.88 744.707 2287.31 661.939 691.054 335.267 163.503 171.764 326.672 75.0073 251.664 1627.61 15.377 1612.23 79.3259 1532.91 1520.34 69.5749
internal_count=28072 25063 23307 11253 12054 9008 3046 8129 1756 3124 1032 550 482 724 198 526 3009 36 2973 157 2816 2791 131
is_linear=0
shrinkage=1


Tree=1
num_leaves=25
num_cat=0
split_feature=6 14 4 9 6 15 0 0 0 4 9 4 2 3 3 15 6 0 0 2 8 2 0 3
split_gain=10512.5 2552.66 1466.57 1209.24 628.311 476.215 377.69 341.4 313.735 294.877 279.066 221.027 158.24 192.98 89.7926 12.8404 5.901 11.2663 1.48786 8.79076 1.01106 0.604159 0.581331 0.42509
threshold=0.91780000000000006 28.500000000000004 0.43795000000000006 0.93475177304964552 0.57735000000000014 36.500000000000007 0.53950000000000009 0.43000000000000005 0.8136500000000001 0.30165000000000003 0.98726062966569306 0.30665000000000003 3.5000000000000004 1.5000000000000002 4.5000000000000009 19.500000000000004 0.98650000000000004 0.90765000000000018 0.79060000000000008 12.500000000000002 1.0000000180025095e-35 15.500000000000002 0.95295000000000007 1.5000000000000002
decision_type=2 2 2 2 2 2 2 2 2 2 2 2 2 2 2 2 2 2 2 2 2 2 2 2
left_child=1 2 5 12 7 9 -6 -5 10 -1 -4 -7 13 -3 -14 -10 17 -2 19 23 21 -20 -22 -18
right_child=16 3 8 4 6 11 -8 -9 15 -11 -12 -13 14 -15 -16 -17 18 -19 20 -21 22 -23 -24 -25
leaf_value=-0.025809226848482004 0.088782624559836959 -0.027180625286017602 0.059731771311559261 0.034587798424127847 -0.056525488196998985 0.026317697141437647 0.036690986896802925 0.10520695243954165 0.1625443177048167 0.026494864757058079 0.098350609383914239 0.14607802393901348 -0.054512554424784559 0.066945931593977728 -0.028467037952659653 0.13154417803260232 0.15656360593472246 0.17284927848410514 0.16448261487028018 0.11967057145283302 0.17012095768786478 0.16878087101195885 0.15952279533121849 0.16800118155601473
leaf_weight=361.75687272846699 6.6836200803518322 171.29615038633347 854.42809547483921 432.96127532422543 235.76056176424026 60.535019844770432 201.57261110842228 283.01366125047207 114.29782545566559 1056.2938070297241 1033.7563828229904 105.96857303380966 616.4607889354229 79.831518068909645 714.4012007266283 47.196553200483322 8.6039748191833478 9.8721952438354474 144.4769222587347 10.308340653777121 1254.1066060811281 188.31075114011765 13.073926091194151 145.52700978517532
leaf_count=1746 20 826 2923 1731 1251 236 795 818 208 4196 3000 246 3241 286 3448 112 16 16 252 25 2091 317 24 248
internal_value=0.0612349 0.0312084 0.0586689 -0.00527682 0.0336593 0.0225442 -0.0135608 0.0625024 0.086596 0.0131516 0.0808751 0.102537 -0.0336622 0.00274147 -0.0405314 0.153485 0.168623 0.138911 0.168902 0.164373 0.169367 0.166915 0.170012 0.167363
internal_weight=8150.49 6369.53 3634.23 2735.3 1153.31 1584.55 437.333 715.975 2049.68 1418.05 1888.18 166.504 1581.99 251.128 1330.86 161.494 1780.96 16.5558 1764.41 164.439 1599.97 332.788 1267.18 154.131
internal_count=28072 25063 12667 12396 4595 6424 2046 2549 6243 5942 5923 482 7801 1112 6689 320 3009 36 2973 289 2684 569 2115 264
is_linear=0
shrinkage=0.05


Tree=2
num_leaves=25
num_cat=0
split_feature=6 1 2 3 1 0 5 5 15 0 1 15 0 6 2 1 1 0 0 6 0 1 2 8
split_gain=8545.85 2177.84 767.738 1923.54 1001.85 537.031 299.827 213.731 178.797 171.076 39.4551 42.7807 39.5405 34.9023 28.8315 60.6691 26.1014 14.8351 12.8329 4.4747 8.77728 1.95521 7.16664 0.696299
threshold=0.83795000000000008 0.90550000000000008 4.5000000000000009 2.5000000000000004 0.70185000000000008 0.23465000000000005 0.52240000000000009 0.37575000000000008 19.500000000000004 0.29680000000000006 0.94030000000000014 20.500000000000004 0.73505000000000009 0.91780000000000006 10.500000000000002 0.9215500000000002 0.91365000000000018 0.23465000000000005 0.66145000000000009 0.98650000000000004 0.90765000000000018 0.8136500000000001 11.500000000000002 1.0000000180025095e-35
decision_type=2 2 2 2 2 2 2 2 2 2 2 2 2 2 2 2 2 2 2 2 2 2 2 2
left_child=1 2 3 5 7 -1 -6 -4 14 -5 12 -12 -10 16 17 -16 18 -3 -2 20 -15 22 -21 -23
right_child=13 8 4 9 6 -7 -8 -9 10 -11 11 -13 -14 19 15 -17 -18 -19 -20 21 -22 23 -24 -25
leaf_value=0.0023500901792650897 0.074765802890081057 0.091202366749973895 0.00028569414073912231 0.13856114179419124 0.046391989152897259 0.059860221921822027 0.0037160122727836597 -0.040011163323819952 0.091128279661646175 0.021806995876963414 0.038846344635084767 0.11125502044212066 0.043202824630459102 0.080991242143626491 0.049087650456154638 0.13511152260940543 0.1446938495043166 0.14822669855155263 -0.032098710585125638 0.14804138754695126 0.15334873914338684 0.14846606408614316 0.10507077262871221 0.15088077490030316
leaf_weight=1468.8056396096945 9.3372388184070569 11.988468006253241 483.67951308190823 439.0959947258234 999.22203266620636 560.96107077598572 699.81983442604542 1029.2846109420061 92.241970986127853 33.789418578147888 23.372190788388252 160.34975154697895 80.681851834058762 6.9528294354677227 26.697714284062386 88.233442470431328 11.790264427661896 234.49970610439777 4.0182712227106103 81.151062577962875 10.551666259765623 378.49853776395321 11.020904883742331 1413.2387064248323
leaf_count=6302 28 31 2127 998 3552 1891 3002 5251 255 139 80 394 291 20 92 170 22 420 18 131 16 606 26 2210
internal_value=0.0566194 0.0289527 0.01864 0.039402 0.00246318 0.018244 0.0288141 -0.0271287 0.111026 0.130219 0.0859093 0.102044 0.0687675 0.148998 0.13581 0.115129 0.0904766 0.145453 0.0426135 0.149772 0.124608 0.150005 0.142903 0.150371
internal_weight=8359.28 6432.72 5714.66 2502.65 3212.01 2029.77 1699.04 1512.96 718.065 472.885 356.646 183.722 172.924 1926.56 361.419 114.931 25.1458 246.488 13.3555 1901.41 17.5045 1883.91 92.172 1791.74
internal_count=28072 24995 23262 9330 13932 8193 6554 7378 1733 1137 1020 474 546 3077 713 262 68 451 46 3009 36 2973 157 2816
is_linear=0
shrinkage=0.05


Tree=3
num_leaves=23
num_cat=0
split_feature=7 14 9 7 1 7 9 9 3 1 9 7 2 1 3 13 0 1 2 0 8 15
split_gain=7140.72 1992.89 1072.6 1058.25 631.655 441.084 428.514 367.337 329.074 267.649 197.353 176.855 142.027 166.732 107.734 41.7915 13.4328 1.4732 6.28817 0.69257 0.698199 0.394491
threshold=0.99350000000000016 28.500000000000004 0.93475177304964552 0.56070000000000009 0.70185000000000008 0.64075000000000004 0.96039215686274526 0.10005512679162072 1.0000000180025095e-35 0.94030000000000014 0.98726062966569306 0.70680000000000009 2.5000000000000004 0.81015000000000004 2.5000000000000004 6.5000000000000009 0.5698000000000002 0.8198000000000002 11.500000000000002 0.95550000000000013 1.0000000180025095e-35 28.500000000000004
decision_type=2 2 2 2 2 2 2 2 2 2 2 2 2 2 2 2 2 2 2 2 2 2
left_child=1 3 12 6 5 -4 7 -1 -8 10 -5 -6 14 -14 -3 -11 -2 18 21 20 -19 -18
right_child=16 2 4 9 11 -7 8 -9 -10 15 -12 -13 13 -15 -16 -17 17 19 -20 -21 -22 -23
leaf_value=0.019421922867608271 0.077388041829762444 -0.0032311516804999756 0.035544737351220636 0.050870682547663859 0.094561614439892638 -0.049168023069242166 -0.017148003674958005 -0.055600974400903461 0.06754110181972961 0.13252911103576731 0.088008614533914883 0.037982772147336079 -0.045092112927909322 -0.00040182961809770776 0.11756596371977808 0.090353454900107849 0.13313087446781957 0.13409477460305039 0.096182089451779584 0.12347484203580091 0.13644396245292262 0.14359745619278272
leaf_weight=1018.9859405755997 9.9744201600551587 106.54352889955044 328.07552292943001 683.01061104238033 308.77739188075066 289.03764142096043 136.91510418057442 194.2675674110651 707.05884563922882 228.83082424104214 751.11994177103043 249.89767917990685 1169.7568089216948 254.0285869538784 22.3255635201931 79.018326386809349 76.166923001408577 402.30945606529713 12.318512067198752 11.206524312496184 1479.247541770339 10.209287405014036
leaf_count=4023 27 480 1269 2244 834 1555 622 970 2203 392 2007 931 6150 1115 52 195 118 616 28 19 2207 15
internal_value=0.052645 0.0273123 -0.00528806 0.0507247 0.030737 -0.00413223 0.0264419 0.00740917 0.0538023 0.0794019 0.0703215 0.0692537 -0.032569 -0.0371186 0.017696 0.121704 0.135267 0.135557 0.129602 0.135868 0.135942 0.134368
internal_weight=8529.08 6527.65 2728.44 3799.21 1175.79 617.113 2057.23 1213.25 843.974 1741.98 1434.13 558.675 1552.65 1423.79 128.869 307.849 2001.43 1991.46 98.6947 1892.76 1881.56 86.3762
internal_count=28072 25042 12386 12656 4589 2824 7818 4993 2825 4838 4251 1765 7797 7265 532 587 3030 3003 161 2842 2823 133
is_linear=0
shrinkage=0.05


Tree=4
num_leaves=30
num_cat=0
split_feature=1 9 14 6 9 1 14 3 5 4 1 0 9 2 3 6 6 5 13 1 13 13 9 14 6 1 9 4 4
split_gain=6114.03 1646.81 763.955 720.453 517.056 369.953 469.568 443.063 380.908 324.353 323.893 293.995 242.043 175.503 164.96 156.286 126.853 108.702 64.1098 45.0134 42.2619 29.9514 21.9423 5.13057 1.77963 0.437904 0.679123 0.162211 0.0889216
threshold=0.84810000000000008 0.96039215686274526 27.500000000000004 0.91780000000000006 0.011892857142857103 0.73505000000000009 29.500000000000004 1.5000000000000002 0.46545000000000009 0.35045000000000004 0.90550000000000008 0.6211500000000002 0.8935439560439562 3.5000000000000004 1.5000000000000002 0.82845000000000013 0.98650000000000004 0.59610000000000019 6.5000000000000009 0.98915000000000008 13.500000000000002 5.5000000000000009 0.10005512679162072 41.500000000000007 0.98650000000000004 0.9215500000000002 0.99975502204801581 0.74650000000000005 0.93540000000000012
decision_type=2 2 2 2 2 2 2 2 2 2 2 2 2 2 2 2 2 2 2 2 2 2 2 2 2 2 2 2 2
left_child=1 2 4 10 9 6 7 -3 -8 -1 11 21 -13 14 -4 17 -15 -7 19 -12 -20 -2 -6 -17 28 27 -27 -26 -5
right_child=3 5 13 24 22 15 8 -9 -10 -11 18 12 -14 16 -16 23 -18 -19 20 -21 -22 -23 -24 -25 25 26 -28 -29 -30
leaf_value=-0.0053996341219954176 0.13932838734263414 0.024925958321684212 -0.026038270107108404 0.10471298481550345 -0.016046903035486112 0.074031884317422331 0.041147758262461365 0.090399905311378301 -0.036807306222485757 0.048673173598787908 0.0880111647058857 -0.023689482941353167 0.064626174876964537 -0.042943859531987323 0.053036121298979368 0.12438472392083982 0.11376522047247839 0.024324332168451826 0.066301218743363519 0.12096636415690398 0.10275492874933885 0.088023674281685865 -0.051525218295369449 0.095321896679249687 0.12370493556839882 0.12198649645307265 0.12485785568361388 0.1261696282053214 0.11200228205285948
leaf_weight=411.49223910272121 42.684571996331215 574.34368066489697 183.88445965945721 8.2161024510860443 54.261206105351448 571.87430788576603 294.7415274232626 469.68891966342926 334.58429935574532 850.62438043951988 173.5373847335577 175.93613111972809 138.77626706659794 1182.6755213588476 102.84162265062332 130.58138746023178 13.056299060583113 136.17468823492527 229.86620970070362 257.17397904396057 121.54891136288643 85.288644567131996 221.41341930627823 17.18387208878994 75.894272446632385 260.70813070237637 980.02433134615421 554.45336645841599 8.5249906182289124
leaf_count=1815 83 2096 904 16 238 1597 1077 1217 1749 2813 416 805 427 6310 346 194 21 513 638 429 273 237 1103 34 111 389 1415 792 14
internal_value=0.0491888 0.0177285 -0.00719657 0.105279 0.0174936 0.0474931 0.0338174 0.0543813 -0.000297451 0.0310436 0.0754141 0.0412377 0.0152544 -0.0328084 0.00232378 0.074233 -0.0412327 0.0644719 0.0947581 0.107688 0.07891 0.105136 -0.044542 0.121005 0.124655 0.1248 0.124255 0.125873 0.108425
internal_weight=8662.06 5549.42 3020.25 3112.63 1537.79 2529.17 1673.36 1044.03 629.326 1262.12 1224.81 442.686 314.712 1482.46 286.726 855.814 1195.73 708.049 782.126 430.711 351.415 127.973 275.675 147.765 1887.82 1871.08 1240.73 630.348 16.7411
internal_count=28072 22027 13550 6045 5969 8477 6139 3313 2826 4628 3308 1552 1232 7581 1250 2338 6331 2110 1756 845 911 320 1341 228 2737 2707 1804 903 30
is_linear=0
shrinkage=0.05


Tree=5
num_leaves=26
num_cat=0
split_feature=6 14 7 1 5 5 7 15 1 3 5 1 1 1 3 15 7 5 5 5 6 14 1 2 8
split_gain=5324.2 1532.62 811.361 653.231 494.414 420.238 285.742 298.599 269.18 179.813 143.454 109.55 66.0649 65.7222 56.1323 39.5922 27.242 26.8987 6.11394 2.63976 1.17601 2.01383 0.665804 5.30519 0.420498
threshold=0.83795000000000008 28.500000000000004 0.51665000000000016 0.78680000000000005 0.46545000000000009 0.57735000000000014 0.36490000000000006 36.500000000000007 0.93215000000000015 1.5000000000000002 0.30265000000000003 0.9215500000000002 0.88515000000000021 0.68585000000000018 2.5000000000000004 19.500000000000004 0.99350000000000016 0.86815000000000009 0.89180000000000015 0.85055000000000003 0.98650000000000004 15.500000000000002 0.8136500000000001 11.500000000000002 1.0000000180025095e-35
decision_type=2 2 2 2 2 2 2 2 2 2 2 2 2 2 2 2 2 2 2 2 2 2 2 2 2
left_child=1 2 6 4 10 12 14 -8 9 -4 -3 -7 -5 -6 -1 -10 17 19 -19 -2 21 -18 23 -22 -24
right_child=16 3 8 5 13 11 7 -9 15 -11 -12 -13 -14 -15 -16 -17 20 18 -20 -21 22 -23 24 -25 -26
leaf_value=-0.032278853959328335 0.083312567557509876 0.027233151239300854 0.029070365323947158 0.065281281061244312 -0.054450846658196654 -0.011077557345299404 0.018734318512031039 0.10030716386253524 0.11230135210384451 0.063783710450008566 -0.010256934031012271 0.075715893766481551 0.11731131334365544 -0.025445231847367564 0.043427588176966458 0.079924867480012499 0.1196369625218085 0.037088167659556963 -0.040735013853167988 0.12456131739790244 0.11570345299470325 0.089198846106459145 0.11424271687878218 0.080520799643209684 0.11602289297483562
leaf_weight=294.48868578672409 7.445506393909457 406.34777554869652 501.91199864447117 248.20127080380917 657.63464197516441 306.18741610646248 1117.8301628828049 124.70040462911129 246.63862836360931 1453.0373387038708 685.82702630758286 41.254741743206978 80.895023301243782 277.78586229681969 26.704551950097084 153.00325579941273 10.421416848897936 5.3027156740426999 4.8156638741493225 8.0964383631944639 89.759643107652664 11.355029910802839 420.55912061035633 12.167228192090986 1570.442700535059
leaf_count=1430 17 1575 1713 748 3773 1381 4240 294 395 4087 3283 109 157 1360 96 354 16 16 21 13 131 22 606 26 2209
internal_value=0.0461482 0.0239912 0.0439734 -0.00496307 -0.0191584 0.0375805 0.016054 0.026921 0.0625151 0.0548714 0.00369139 -0.000771838 0.0780708 -0.0458372 -0.0259845 0.099906 0.114703 0.0634953 4.96002e-05 0.104801 0.115325 0.103765 0.115445 0.111504 0.115647
internal_weight=8762.81 6622.45 3918.32 2704.13 2027.6 676.538 1563.72 1242.53 2354.59 1954.95 1092.17 347.442 329.096 935.421 321.193 399.642 2140.37 25.6603 10.1184 15.5419 2114.71 21.7764 2092.93 101.927 1991
internal_count=28072 24995 12609 12386 9991 2395 6060 4534 6549 5800 4858 1490 905 5133 1526 749 3077 67 37 30 3010 38 2972 157 2815
is_linear=0
shrinkage=0.05


Tree=6
num_leaves=26
num_cat=0
split_feature=6 9 14 9 1 7 7 6 1 4 14 1 5 4 5 7 4 9 5 5 6 0 1 2 9
split_gain=4696.32 1370.8 1062.51 647.151 427.917 454.532 422.469 131.061 150.013 139.27 117.759 82.1177 79.3574 70.5649 33.2596 24.1981 23.2264 20.5204 5.53605 2.23825 1.1429 2.67577 0.669952 4.73952 0.390229
threshold=0.83795000000000008 0.963409192324855 27.500000000000004 0.017928571428571401 0.73505000000000009 0.78910000000000002 0.59175000000000011 0.37885000000000008 0.79060000000000008 0.37790000000000007 29.500000000000004 0.90160000000000007 0.58500000000000008 0.76830000000000009 0.22085000000000002 0.99350000000000016 0.86815000000000009 0.10005512679162072 0.89180000000000015 0.85055000000000003 0.98650000000000004 0.90765000000000018 0.8136500000000001 11.500000000000002 0.99975502204801581
decision_type=2 2 2 2 2 2 2 2 2 2 2 2 2 2 2 2 2 2 2 2 2 2 2 2 2
left_child=1 2 3 6 5 10 -1 9 -9 -4 -3 12 -6 -7 -13 16 19 -5 -18 -2 21 -17 23 -22 -24
right_child=15 4 7 17 11 13 -8 8 -10 -11 -12 14 -14 -15 -16 20 18 -19 -20 -21 22 -23 24 -25 -26
leaf_value=0.019204289031533706 0.077329334838972752 0.049078340653169419 -0.018625047230482594 -0.014380258273805841 0.067956579699378614 -0.052047550676849665 0.070934915059187517 -0.048920816933322224 -0.0069477007245172563 0.05480195383538812 0.018147043586338122 0.0059670039104996429 0.034136336744267214 0.033510725535682011 0.08815284490892028 0.07800660871807695 0.034817214280373897 -0.048277773578836045 -0.039354217623871757 0.11482483155935824 0.10797203412311362 0.11278567800684258 0.10681206450082446 0.075027112600328419 0.10851377561759518
leaf_weight=1103.5941389501095 7.6158351600170162 1043.5750770270824 404.87071385979652 54.659410521388054 701.16627085208893 173.18948689103127 614.40183809399605 827.71547044813633 286.57946626842022 76.833528816699982 436.37696784734726 12.674790546298025 230.45937956869602 27.994801968336105 427.89193513989449 10.370049729943277 5.364499628543852 243.73146812617779 4.7374130934476852 8.3370591104030591 91.332934305071831 11.849948406219481 427.13800498843193 12.398874402046202 1594.4735949486494
leaf_count=4117 17 3197 1971 235 1841 1003 1544 4724 1275 273 1784 42 807 112 865 22 16 1205 21 13 131 16 606 26 2209
internal_value=0.0434321 0.0226204 0.00177438 0.0258995 0.0472833 0.0303723 0.0377046 -0.0287053 -0.038126 -0.00691318 0.039958 0.0680017 0.0595904 -0.0401421 0.0857884 0.107254 0.0593583 -0.0420684 3.3632e-05 0.0969247 0.107835 0.0965543 0.107953 0.104034 0.108154
internal_weight=8839.33 6665.71 3612.39 2016.39 3053.33 1681.14 1718 1596 1114.29 481.704 1479.95 1372.19 931.626 201.184 440.567 2173.62 26.0548 298.391 10.1019 15.9529 2147.56 22.22 2125.34 103.732 2021.61
internal_count=28072 24995 15344 7101 9651 6096 5661 8243 5999 2244 4981 3555 2648 1115 907 3077 67 1440 37 30 3010 38 2972 157 2815
is_linear=0
shrinkage=0.05


Tree=7
num_leaves=30
num_cat=0
split_feature=1 9 9 6 14 3 7 14 1 1 0 9 1 6 15 15 15 15 9 1 9 7 15 0 6 15 1 8 4
split_gain=4193.01 1253.16 642.225 502.345 425.412 289.281 259.079 240.54 391.565 224.254 224.447 195.202 167.039 124.422 105.905 84.3293 89.905 89.0894 41.9049 95.1009 32.111 31.9933 23.622 12.5948 1.26149 0.82918 0.373208 0.550121 0.140283
threshold=0.84810000000000008 0.96039215686274526 0.050641025641025607 0.91780000000000006 29.500000000000004 1.0000000180025095e-35 0.38170000000000009 29.500000000000004 0.70185000000000008 0.90550000000000008 0.6211500000000002 0.8935439560439562 0.35385000000000005 0.47675000000000006 19.500000000000004 28.500000000000004 30.500000000000004 12.500000000000002 0.8935439560439562 0.70900000000000019 0.20060362173038235 0.84030000000000016 24.500000000000004 0.7703000000000001 0.98650000000000004 17.500000000000004 0.9215500000000002 1.0000000180025095e-35 0.74650000000000005
decision_type=2 2 2 2 2 2 2 2 2 2 2 2 2 2 2 2 2 2 2 2 2 2 2 2 2 2 2 2 2
left_child=1 2 4 9 6 15 -1 12 -9 10 22 -12 -7 -6 23 17 -17 -3 20 -20 -4 -16 -2 -11 25 -5 28 -28 -26
right_child=3 5 18 24 13 7 -8 8 -10 14 11 -13 -14 -15 21 16 -18 -19 19 -21 -22 -23 -24 -25 26 -27 27 -29 -30
leaf_value=-0.02327486246026424 0.10539924558548737 0.13503968735110125 -0.034791527248704011 0.10057675462265939 -0.0062855426260697532 0.10980045250391185 0.032034976404860221 -0.0038614852397337233 0.058401683676113203 0.10225024633504182 -0.024377209310889783 0.053635130484177611 0.052925495010858303 -0.047510440703995939 0.064579822125950356 0.10521370076650577 -0.01782607547237278 -0.037404238036726711 -0.046083768466069611 0.083398634525365389 -0.0569879509191214 0.023113840363049191 0.063714195610725805 0.084756778100857827 0.1009303278137306 0.07875448843829691 0.099447380708545322 0.10197069931604684 0.10316875451999946
leaf_weight=256.99235348403454 77.677227929234505 7.8346535116434088 247.42627108097076 7.8602937161922481 422.69660219550133 144.24047200381756 1201.9436398893595 513.47400060296059 496.84633915126324 243.34721474349499 176.72734412550926 146.78687447309494 1229.6611179113388 322.80364347994328 357.29006376862526 27.518800631165504 32.241652548313141 170.15927594900131 49.014494210481644 19.95397162437439 477.1841392070055 53.480217263102531 60.421573266386986 178.26401031017303 79.574860811233521 9.7556639015674573 273.5134536921978 1027.2194640040398 581.3156545907259
leaf_count=1212 159 13 1282 12 2069 288 4070 2415 1343 396 805 427 3433 1852 857 74 141 770 274 67 2724 175 161 328 111 18 389 1415 792
internal_value=0.0409876 0.0147862 -0.00729395 0.0859741 0.00659096 0.0400331 0.0222921 0.0452777 0.0267577 0.061749 0.0337981 0.011019 0.0588966 -0.024136 0.0772497 -0.0125595 0.0388319 -0.0298139 -0.045864 -0.00862189 -0.0494087 0.0591812 0.087161 0.0948537 0.101812 0.0884916 0.101932 0.10144 0.102899
internal_weight=8893.23 5619.99 2998.02 3273.23 2204.44 2621.98 1458.94 2384.22 1010.32 1293.99 461.613 323.514 1373.9 745.5 832.382 237.754 59.7605 177.994 793.579 68.9685 724.61 410.77 138.099 421.611 1979.24 17.616 1961.62 1300.73 660.891
internal_count=28072 22027 13550 6045 9203 8477 5282 7479 3758 3308 1552 1232 3721 3921 1756 998 215 783 4347 341 4006 1032 320 724 2737 30 2707 1804 903
is_linear=0
shrinkage=0.05


Tree=8
num_leaves=26
num_cat=0
split_feature=6 9 9 3 7 13 2 13 4 2 9 0 4 2 7 9 7 4 0 5 6 0 2 0 4
split_gain=3810.48 1064.66 908.607 296.239 357.127 277.665 284.17 224.9 224.206 186.026 62.6884 66.5156 49.1824 51.8914 37.2099 35.2333 19.5962 19.5291 5.22114 1.94113 1.02031 2.45976 0.45672 1.1627 0.186993
threshold=0.83795000000000008 0.963409192324855 0.050641025641025607 1.0000000180025095e-35 0.79210000000000014 5.5000000000000009 3.5000000000000004 6.5000000000000009 0.43190000000000006 1.5000000000000002 0.8935439560439562 0.45890000000000003 0.53140000000000009 2.5000000000000004 0.71040000000000003 0.20060362173038235 0.99350000000000016 0.86815000000000009 0.70710000000000017 0.85055000000000003 0.98650000000000004 0.90765000000000018 9.5000000000000018 0.78020000000000012 0.74650000000000005
decision_type=2 2 2 2 2 2 2 2 2 2 2 2 2 2 2 2 2 2 2 2 2 2 2 2 2
left_child=1 2 5 12 9 8 -7 -6 -1 -5 15 -12 13 -3 -14 -4 17 19 -19 -2 21 -18 24 -24 -22
right_child=16 3 10 4 7 6 -8 -9 -10 -11 11 -13 14 -15 -16 -17 20 18 -20 -21 22 -23 23 -25 -26
leaf_value=0.0071026692297247885 0.068932294704749986 -0.03543095760217338 -0.033318218794645076 0.122548505815623 0.084611044891146681 0.029894090427930738 -0.013784215953620808 -0.014173565621060633 0.0525844082460592 0.050251430289655223 -0.03427775464838121 0.060971679709899897 0.065827777995865366 0.026362300127772804 -0.042104711254113115 -0.055739893787162667 0.068427334807261861 0.029950519618838808 -0.042500800116799485 0.10338845739738092 0.094690310290249324 0.1014284591585398 0.087951932753799353 0.096519733008921318 0.099558667583011795
leaf_weight=449.45530998706818 7.8141991198062959 156.95588293671608 268.79781070351601 92.408979564905167 69.362194806337357 586.99077349901199 1018.5133321434259 340.26644037663937 682.31557203829288 2394.8418487459421 53.856071308255196 27.785197168588638 30.700233981013298 43.360169038176537 10.792578145861624 503.22464130818844 10.66389846801758 5.7564416676759702 4.3776945471763611 8.5708726495504362 22.498030170798302 12.000712931156157 40.429041773080826 1925.6374696046114 159.98569944500923
leaf_count=1835 17 725 1396 148 155 2131 4771 1596 1893 6737 291 96 80 157 53 2931 22 19 18 13 32 16 65 2654 221
internal_value=0.0387707 0.020103 0.00150995 0.041375 0.045813 0.0155555 0.00218508 0.00255358 0.0345224 0.0529375 -0.0435271 -0.00186125 -0.0117924 -0.0220553 0.0377538 -0.0479333 0.0959325 0.0532117 -0.00134665 0.086956 0.0964543 0.0859011 0.0965656 0.0963435 0.0989585
internal_weight=8927.36 6729.63 3590.94 3138.69 2896.88 2737.27 1605.5 409.629 1131.77 2487.25 853.664 81.6413 241.809 200.316 41.4928 772.022 2197.73 26.5192 10.1341 16.3851 2171.21 22.6646 2148.55 1966.07 182.484
internal_count=28072 24995 15344 9651 8636 10630 6902 1751 3728 6885 4714 387 1015 882 133 4327 3077 67 37 30 3010 38 2972 2719 253
is_linear=0
shrinkage=0.05


Tree=9
num_leaves=23
num_cat=0
split_feature=6 14 9 7 6 7 0 15 3 6 9 3 0 0 3 0 6 0 0 3 0 0
split_gain=3463.59 1016.21 652.318 582.529 347.438 302.158 288.247 180.89 159.559 118.064 120.431 78.5496 114.839 81.6377 73.9845 59.2824 1.94022 4.92763 0.362446 0.422302 0.810891 0.168965
threshold=0.91780000000000006 28.500000000000004 0.92893217893217905 0.58395000000000008 0.52110000000000012 0.38955000000000006 0.48215000000000002 36.500000000000007 1.5000000000000002 0.47675000000000006 0.050641025641025607 1.5000000000000002 0.15705000000000005 0.26600000000000007 2.5000000000000004 0.70710000000000017 0.98650000000000004 0.8651500000000002 0.95295000000000007 10.500000000000002 0.91045000000000009 0.91780000000000006
decision_type=2 2 2 2 2 2 2 2 2 2 2 2 2 2 2 2 2 2 2 2 2 2
left_child=1 3 9 5 8 14 -6 -7 -4 10 -3 13 -13 -5 -1 -11 17 -2 19 20 -18 -21
right_child=16 2 4 11 6 7 -8 -9 -10 15 -12 12 -14 -15 -16 -17 18 -19 -20 21 -22 -23
leaf_value=-0.025208613168682899 0.042826666173817571 0.00018848241616997786 -0.009247400288161298 0.011168316798471913 -0.048263891832893618 0.023596079314904463 0.023738193831121825 0.082515452994433136 0.056564176428754054 -0.051302526780824087 -0.04190621975590697 0.10000153001461634 0.057267194618065301 0.059336716724828702 0.031292205324299313 -0.015994729347713156 0.091949812316457102 0.094665493242703957 0.084605290618734452 0.094921082833448675 0.087152425056189142 0.092556875862137691
leaf_weight=398.12370927631855 7.0983094573020962 491.27857105433941 110.04753765463829 166.22411058843136 244.12731856107712 1852.6931632012129 322.78682360053062 140.12033730745316 564.69909889996052 518.62822733819485 259.74755831062794 182.72252614796162 1125.8635527938604 186.83628822863102 67.806969374418259 154.24078914523125 1732.9779699444771 12.943334177136419 16.734519898891449 149.18384897708893 92.80002897977829 153.160380423069
leaf_count=1872 18 2327 465 550 1409 6208 1132 308 1615 3196 1514 328 2734 430 237 738 2404 18 25 200 134 210
internal_value=0.0367237 0.019156 -0.00490048 0.0347186 0.0215872 0.0192635 -0.00726769 0.0277389 0.0458307 -0.0279981 -0.0143703 0.0575876 0.0632343 0.0366586 -0.016986 -0.043209 0.0917903 0.0763053 0.091935 0.0919926 0.091706 0.0937234
internal_weight=8950.84 6785.95 2665.56 4120.39 1241.66 2458.74 566.914 1992.81 674.747 1423.9 751.026 1661.65 1308.59 353.06 465.931 672.869 2164.9 20.0416 2144.86 2128.12 1825.78 302.344
internal_count=28072 25063 12396 12667 4621 8625 2541 6516 2080 7775 3841 4042 3062 980 2109 3934 3009 36 2973 2948 2538 410
is_linear=0
shrinkage=0.05


Tree=10
num_leaves=30
num_cat=0
split_feature=1 14 6 4 6 6 1 1 0 15 4 14 15 15 1 15 0 4 7 14 0 6 1 14 1 0 0 8 14
split_gain=3231.71 531.27 613.285 442.924 395.81 361.081 264.974 176.537 181.648 157.905 183.315 111.782 87.6443 85.2761 76.9192 76.9052 49.4229 38.9145 27.0279 20.4324 10.8925 3.26602 14.7395 3.16589 2.77304 0.526608 0.350235 0.37533 0.123375
threshold=0.84810000000000008 29.500000000000004 0.91780000000000006 0.33530000000000004 0.52110000000000012 0.83795000000000008 0.69335000000000013 0.90550000000000008 0.6211500000000002 36.500000000000007 0.52975000000000005 15.500000000000002 19.500000000000004 36.500000000000007 0.74130000000000018 14.500000000000002 0.12615000000000001 0.25160000000000005 0.83750000000000013 14.500000000000002 0.7703000000000001 0.98650000000000004 0.91835000000000011 41.500000000000007 0.80325000000000013 0.66145000000000009 0.95295000000000007 1.0000000180025095e-35 15.500000000000002
decision_type=2 2 2 2 2 2 2 2 2 2 2 2 2 2 2 2 2 2 2 2 2 2 2 2 2 2 2 2 2
left_child=1 3 4 13 6 7 -3 8 19 10 -5 -10 20 15 -6 -1 -11 -15 -14 -2 -9 22 -7 25 -25 -4 27 -23 -24
right_child=5 2 23 9 14 21 -8 12 11 16 -12 -13 18 17 -16 -17 -18 -19 -20 -21 -22 26 28 24 -26 -27 -28 -29 -30
leaf_value=0.11371928967872076 0.10335578476322745 -0.010621591077579819 0.09771208194942714 0.021374450284681892 -0.052959088913451538 0.013385163932652992 0.040503838370956224 0.090384651085300971 -0.053464577696984199 0.11872208710876575 0.049346712467113349 0.022365370350402161 0.055909628802583135 -0.011247869544582539 -0.019945287051533398 -0.021442224821029102 0.05350229649579772 0.053927001304006267 0.01648084079107633 0.062966107534596194 0.07412457378838995 0.086727064463830189 0.093224975331451299 0.083981574141750448 0.046418067996228059 0.088734180961397568 0.080770900750893632 0.088419220111967664 0.086682667949408904
leaf_weight=10.721899852156637 46.30747227370739 959.1904236972332 18.870035827159882 1721.2511551529169 527.54517850279808 8.1009706705808622 344.44528821110725 245.65253165364265 59.631036430597305 66.069958493113518 887.82175135612488 262.69802398979664 365.24507874250412 35.366089776158333 265.09358228743076 570.79542860388756 51.838061705231667 64.990634247660637 49.33437217772007 96.700438722968102 177.35862155258656 418.24165968596935 13.17317193746567 12.219110876321794 8.2173062711954099 121.50660510361195 16.654341101646423 1513.6956213861704 15.908979967236517
leaf_count=29 83 4721 26 5739 3351 26 1139 392 262 101 2329 955 853 146 1253 2676 132 177 167 236 321 590 19 19 17 172 25 2092 24
internal_value=0.0348642 0.0119799 -0.0068359 0.0244382 -0.0140547 0.0742905 0.00288672 0.0538371 0.0291449 0.0334507 0.0308929 0.00833679 0.0675552 -0.0116046 -0.0419178 -0.0189501 0.0900483 0.0309591 0.0512177 0.0760447 0.0835672 0.0877105 0.0730314 0.0872643 0.0688776 0.089941 0.0879907 0.0880529 0.0896461
internal_weight=8954.64 5665.94 2257.09 3408.85 2096.27 3288.7 1303.64 1302.93 465.337 2726.98 2609.07 322.329 837.591 681.874 792.639 581.517 117.908 100.357 414.579 143.008 423.011 1985.77 37.1831 160.813 20.4364 140.377 1948.59 1931.94 29.0822
internal_count=28072 22027 10698 11329 10464 6045 5860 3269 1536 8301 8068 1217 1733 3028 4604 2705 233 323 1020 319 713 2776 69 234 36 198 2707 2682 43
is_linear=0
shrinkage=0.05


Tree=11
num_leaves=31
num_cat=0
split_feature=1 9 9 6 14 7 6 7 1 0 9 6 13 4 15 15 9 1 14 9 0 14 6 1 1 14 1 9 4 14
split_gain=2934.7 884.121 503.504 351.906 307.384 199.33 188.691 295.921 159.482 169.816 180.809 156.099 130.261 85.4473 57.2526 40.357 37.5704 77.5055 31.5919 30.3297 10.2858 3.96456 3.28496 13.4321 1.87852 1.22249 0.356079 0.602171 0.136793 0.108213
threshold=0.84810000000000008 0.96039215686274526 0.050641025641025607 0.83795000000000008 27.500000000000004 0.37090000000000006 0.82845000000000013 0.78910000000000002 0.9215500000000002 0.62680000000000013 0.8935439560439562 0.4592500000000001 6.5000000000000009 0.26945000000000002 19.500000000000004 20.500000000000004 0.8935439560439562 0.70900000000000019 16.500000000000004 0.20060362173038235 0.23465000000000005 41.500000000000007 0.98650000000000004 0.91835000000000011 0.80325000000000013 19.500000000000004 0.9215500000000002 0.99975502204801581 0.74650000000000005 15.500000000000002
decision_type=2 2 2 2 2 2 2 2 2 2 2 2 2 2 2 2 2 2 2 2 2 2 2 2 2 2 2 2 2 2
left_child=1 2 4 8 5 -1 7 13 9 15 -11 -6 -9 -3 20 -2 19 -18 -16 -4 -10 25 23 -5 -23 -8 28 -28 -24 -25
right_child=3 6 16 22 11 -7 21 12 14 10 -12 -13 -14 -15 18 -17 17 -19 -20 -21 -22 24 26 29 -26 -27 27 -29 -30 -31
leaf_value=-0.027536933126524457 0.098707536902678861 -0.0098380014166491205 -0.032298342088218045 0.012668262666567315 -0.00070244887314948115 0.026768642793288284 0.10176091380736599 0.060756215231243242 0.041779899055750414 -0.01248695065204623 0.049794671205753857 -0.044114611316718975 -0.03197204276078619 0.037013461746441587 0.036974654342988772 0.054166760511820455 -0.043915746268166259 0.071433175256741949 0.069540554894473153 -0.054536555721495475 0.085330588663678306 0.07482672474843699 0.083471203747332565 0.088738807879682094 0.044105438752676709 0.084697011563379984 0.081894645208133762 0.084554533193925877 0.08569997566822915 0.082604212329070476
leaf_weight=197.24249455332756 79.999462530016899 101.96953038871288 236.01089598238468 8.1306504309177381 482.85063776373863 1179.0870646387339 11.365581393241881 44.514417946338654 14.170649811625479 245.42539551854134 221.88351564109325 362.54741974174976 253.85405583679676 2133.2811014056206 149.84044124186039 139.60139791667461 46.291689977049828 21.246807381510735 148.0554137378931 437.62286856770515 313.48811621963978 12.618435904383661 78.27879524230957 13.147607058286669 8.215766489505766 137.20552530884743 269.61188338696957 1009.4617955684662 571.27077782154083 15.860748350620268
leaf_count=969 132 426 1282 26 2276 3775 16 112 31 1019 577 2183 1400 6287 378 339 274 67 308 2724 485 21 111 19 17 198 389 1415 792 24
internal_value=0.0331557 0.0113703 -0.00749473 0.0708086 0.00441021 0.0189861 0.032049 0.028633 0.05076 0.0341272 0.0170851 -0.0193197 -0.0181377 0.0348762 0.0690241 0.0703927 -0.0431808 -0.00762835 0.05316 -0.0467453 0.0834471 0.083138 0.0841944 0.0694652 0.0627121 0.0860024 0.084478 0.0839939 0.0854314 0.0853846
internal_weight=8944.15 5665.92 2962.9 3278.23 2221.73 1376.33 2703.02 2533.62 1312.46 686.91 467.309 845.398 298.368 2235.25 625.555 219.601 741.172 67.5385 297.896 673.634 327.659 169.405 1965.76 37.139 20.8342 148.571 1928.62 1279.07 649.55 29.0084
internal_count=28072 22027 13550 6045 9203 4744 8477 8225 3269 2067 1596 4459 1512 6713 1202 471 4347 341 686 4006 516 252 2776 69 38 214 2707 1804 903 43
is_linear=0
shrinkage=0.05


Tree=12
num_leaves=23
num_cat=0
split_feature=6 1 9 9 14 6 14 4 9 13 5 14 1 1 13 13 6 0 1 1 2 1
split_gain=2704.06 783.49 755.419 495.854 306.641 197.508 299.158 147.039 45.7985 38.4884 33.7229 95.3762 28.2862 28.18 28.038 4.4991 2.06508 4.69952 0.416196 0.5628 4.86664 0.398183
threshold=0.91780000000000006 0.90160000000000007 0.96039215686274526 0.050641025641025607 29.500000000000004 0.50285000000000013 27.500000000000004 0.50285000000000013 0.8935439560439562 6.5000000000000009 0.6704500000000001 19.500000000000004 0.98915000000000008 0.9245000000000001 1.5000000000000002 4.5000000000000009 0.98650000000000004 0.90765000000000018 0.70900000000000019 0.8136500000000001 11.500000000000002 0.9215500000000002
decision_type=2 2 2 2 2 2 2 2 2 2 2 2 2 2 2 2 2 2 2 2 2 2
left_child=1 2 3 4 -1 7 -7 -4 -5 12 11 -11 14 -12 -3 -14 17 -2 -18 20 -20 -21
right_child=16 9 5 8 -6 6 -8 -9 -10 10 13 -13 15 -15 -16 -17 18 -19 19 21 -22 -23
leaf_value=0.016553565805401259 0.036179765998071781 0.085215845281871164 0.030065707226350921 -0.045735152903821089 -0.021888577107279487 0.050971869970903111 -0.013211580021241601 0.062978343985542126 -0.0039198363326495558 0.034500773771418559 -0.014019387517460645 0.09005689263119121 0.08413001881284575 0.046954515824025433 0.043772017546130353 0.069650348932302875 0.091480480462689653 0.085529225541988579 0.082018210612423537 0.082367546122557811 0.049056649819324366 0.080891972802054901
leaf_weight=1627.2207987010479 8.230009078979494 57.171250775456429 1524.9777236431837 698.81872275471687 761.51009771227837 272.05278661847115 545.73408378660679 436.47736965119839 72.251999378204346 199.86823445558548 34.933708980679512 125.92617574334145 203.92556399106979 41.413441881537437 142.60372924804688 72.798678562045097 9.9829951375722867 11.657693624496458 81.149369493126869 716.87488813698292 12.991065517067907 1262.1369998306036
leaf_count=5670 20 93 4632 4229 4196 644 2560 960 357 500 138 214 302 104 337 127 14 16 117 1012 26 1804
internal_value=0.0315778 0.0162887 0.00976914 -0.00695482 0.00429849 0.0287831 0.0081403 0.0373897 -0.0418169 0.0603564 0.0489652 0.0559743 0.06997 0.0190551 0.0556323 0.0803208 0.0811428 0.0651072 0.0812958 0.0812468 0.0774696 0.0814265
internal_weight=8920.71 6817.68 5939.04 3159.8 2388.73 2779.24 817.787 1961.46 771.071 878.641 402.142 325.794 476.499 76.3472 199.775 276.724 2103.02 19.8877 2083.14 2073.15 94.1404 1979.01
internal_count=28072 25063 23248 14452 9866 8796 3204 5592 4586 1815 956 714 859 242 430 429 3009 36 2973 2959 143 2816
is_linear=0
shrinkage=0.05


Tree=13
num_leaves=25
num_cat=0
split_feature=6 1 9 9 2 7 3 14 9 1 14 4 4 7 14 4 6 0 2 0 14 3 1 1
split_gain=2511.04 705.174 677.016 459.928 288.549 206.397 275.553 134.703 43.7234 33.3466 44.6909 85.2411 47.93 23.4161 37.7945 8.08109 2.03328 4.49455 0.394759 0.547462 1.23567 0.6139 0.187017 0.0810393
threshold=0.91780000000000006 0.90160000000000007 0.96039215686274526 0.050641025641025607 4.5000000000000009 0.79210000000000014 1.5000000000000002 27.500000000000004 0.8935439560439562 0.95060000000000011 18.500000000000004 0.6704500000000001 0.6845500000000001 0.46970000000000006 13.500000000000002 0.36980000000000007 0.98650000000000004 0.90765000000000018 23.500000000000004 0.90160000000000007 39.500000000000007 8.5000000000000018 0.96925000000000006 0.9607500000000001
decision_type=2 2 2 2 2 2 2 2 2 2 2 2 2 2 2 2 2 2 2 2 2 2 2 2
left_child=1 2 3 4 -1 6 -4 -7 -5 10 12 -12 -3 14 -11 -15 17 -2 19 21 -21 -18 23 -20
right_child=16 9 5 8 -6 7 -8 -9 -10 13 11 -13 -14 15 -16 -17 18 -19 22 20 -22 -23 -24 -25
leaf_value=0.022388850430394371 0.034243906515544126 0.012568237663951921 0.0083368955466564271 -0.04467934299723391 -0.012413685757848125 0.06067373413455715 0.044002907608528014 -0.023100032761346513 -0.0037316642042527549 -0.044717772259913705 0.07893404702093007 0.01508872681113997 0.074763972243527474 0.10323061322579215 0.070919535361601102 0.06818601216896028 0.078239614347172942 0.082617843215242667 0.081367492257961554 0.078259817364098941 0.070659977497248144 0.081360652565462099 0.074618864325979015 0.079385408275574221
leaf_weight=1132.0818580240011 8.2596948593854922 130.12711147964001 807.41215218603611 680.0464154779911 1256.729759901762 57.628943398594856 1644.6364807337523 286.71957924962044 72.104464337229729 12.014775022864344 180.54800640046597 73.587371438741684 40.653330594301224 17.139315456151962 17.154918313026428 409.06424321234226 1360.4140747338533 11.469776213169096 154.73812367022038 192.29894645512104 74.09332649409771 178.19544300436974 13.339321851730345 77.346554890275002
leaf_count=4053 20 359 2744 4229 5813 123 4399 1530 357 45 327 232 72 26 35 719 1979 16 218 279 115 251 20 111
internal_value=0.0301111 0.0154662 0.00927444 -0.00665647 0.00407959 0.0271683 0.0322588 -0.00907995 -0.0407539 0.0572286 0.0471543 0.060447 0.0273736 0.0666291 0.0232894 0.0695953 0.0783409 0.0623662 0.0784946 0.0782387 0.076146 0.0786011 0.080376 0.0807069
internal_weight=8887.8 6817.65 5937.36 3140.96 2388.81 2796.4 2452.05 344.349 752.151 880.289 424.916 254.135 170.78 455.373 29.1697 426.204 2070.16 19.7295 2050.43 1805 266.392 1538.61 245.424 232.085
internal_count=28072 25063 23248 14452 9866 8796 7143 1653 4586 1815 990 559 431 825 80 745 3009 36 2973 2624 394 2230 349 329
is_linear=0
shrinkage=0.05


Tree=14
num_leaves=25
num_cat=0
split_feature=6 9 9 15 3 15 2 15 3 15 15 4 9 15 9 15 6 0 2 0 15 0 4 0
split_gain=2341.38 607.847 614.128 261.074 222.007 190.427 176.756 151.622 86.9947 80.1906 83.3444 64.9433 50.5962 69.2597 34.4833 4.04614 2.0125 4.33226 0.395318 0.795297 0.622579 0.726657 0.364307 0.203765
threshold=0.91780000000000006 0.963409192324855 0.050641025641025607 18.500000000000004 1.0000000180025095e-35 39.500000000000007 1.5000000000000002 17.500000000000004 1.0000000180025095e-35 28.500000000000004 30.500000000000004 0.50945000000000007 0.8935439560439562 18.500000000000004 0.20060362173038235 27.500000000000004 0.98650000000000004 0.8651500000000002 21.500000000000004 0.94205000000000017 21.500000000000004 0.91045000000000009 0.74650000000000005 0.91365000000000018
decision_type=2 2 2 2 2 2 2 2 2 2 2 2 2 2 2 2 2 2 2 2 2 2 2 2
left_child=1 2 3 8 9 -5 15 -8 -1 11 -11 -3 14 -14 -4 -6 17 -2 20 23 22 -22 -18 -20
right_child=16 4 12 5 6 -7 7 -9 -10 10 -12 -13 13 -15 -16 -17 18 -19 19 -21 21 -23 -24 -25
leaf_value=-0.015224381379345934 0.029369563447989556 -0.049343151454179023 -0.028724278490722427 -0.00038128845983217345 0.11067894426651204 0.093427307001810914 0.060311087426500425 0.027206455680431386 0.042833746110857628 0.092313581023532432 -0.022857215478291715 0.018569559874732588 0.11239031695231283 -0.020619734436587621 -0.052075991586391812 0.090261926627666605 0.074621101293347564 0.078038835321649694 0.079137024831617428 0.065568524222035615 0.075163992205579205 0.069306487419265636 0.077419162041384992 0.076772734081858959
leaf_weight=71.606239542365074 7.3002297431230572 137.292784973979 246.90716753900051 1995.7074899226427 47.747109711170197 55.605677679181099 400.6330960392952 2530.7931188344955 652.15827175974846 30.73570953309536 32.128709837794304 47.340720474720001 11.404247701168059 69.016563788056374 439.50039189308882 49.342684283852577 149.28165790438652 12.236720710992811 170.32112933695316 13.622961491346357 900.84933757781982 56.253607749938965 527.01995794475079 196.00569678843021
leaf_count=286 18 643 1402 8414 69 131 881 7643 1824 76 142 154 28 359 2932 79 223 18 244 22 1341 88 768 287
internal_value=0.0287273 0.0146848 0.000326758 0.0112712 0.0302082 0.00216161 0.0339291 0.0317308 0.0370897 -0.015323 0.0334522 -0.0319301 -0.03928 -0.00175796 -0.0436762 0.100303 0.0758232 0.0598529 0.0759782 0.0774309 0.0756403 0.0748197 0.0768015 0.077872
internal_weight=8850.81 6817.92 3541.91 2775.08 3276.01 2051.31 3028.52 2931.43 723.765 247.498 62.8644 184.634 766.828 80.4208 686.408 97.0898 2032.89 19.537 2013.35 379.95 1633.4 957.103 676.302 366.327
internal_count=28072 25063 15376 10655 9687 8545 8672 8524 2110 1015 218 797 4721 387 4334 148 3009 36 2973 553 2420 1429 991 531
is_linear=0
shrinkage=0.05


Tree=15
num_leaves=22
num_cat=0
split_feature=7 1 9 9 14 7 3 1 15 9 7 14 1 2 7 0 0 0 2 5 1
split_gain=2190.99 622.929 544.291 390.963 261.179 187.969 234.342 142.022 66.4375 39.6698 24.5878 48.9308 20.5695 15.0749 46.4286 10.4657 4.18216 0.676034 0.658127 0.606859 0.174437
threshold=0.99350000000000016 0.90160000000000007 0.96039215686274526 0.050641025641025607 29.500000000000004 0.79210000000000014 1.5000000000000002 0.68585000000000018 19.500000000000004 0.8935439560439562 0.84030000000000016 19.500000000000004 0.9436500000000001 10.500000000000002 0.65645000000000009 0.23465000000000005 0.5698000000000002 0.95550000000000013 21.500000000000004 0.78405000000000014 0.9436500000000001
decision_type=2 2 2 2 2 2 2 2 2 2 2 2 2 2 2 2 2 2 2 2 2
left_child=1 2 3 4 -1 6 -4 -7 13 -5 11 -10 -12 15 -15 -3 -2 18 19 -18 -20
right_child=16 8 5 9 -6 7 -8 -9 10 -11 12 -13 -14 14 -16 -17 17 -19 20 -21 -22
leaf_value=0.014500508206041811 0.042340116122966925 0.032078400432532093 0.0067516825457420784 -0.04266888139561982 -0.021073166465795733 -0.046025664643853485 0.039480820246476402 0.018678549970689916 0.032137542630761053 -0.003466006818218174 -0.010587526475046766 0.069799204584004668 0.052554120974547473 -0.0029838522766111441 0.068717423583426071 0.076204143429130844 0.074415316680228147 0.061439318961923686 0.076695702856140704 0.072432371082937055 0.07451440240761234
leaf_weight=1647.5930677652359 10.76669931411743 14.13521598279476 812.94518835842609 644.25535792857409 751.21859203279018 155.63353802263737 1671.307458370924 186.35299298167229 263.74373425543308 71.713440299034119 39.905647248029709 128.14593677222729 19.058362439274788 28.461170196533203 109.20968945324421 272.32043854892254 640.69644732773304 11.388209164142607 177.15976345539093 969.97513689100742 189.89565746486187
leaf_count=5673 27 31 2744 4231 4192 967 4399 674 639 357 154 250 43 81 186 421 959 19 260 1481 284
internal_value=0.0274012 0.0138993 0.00809847 -0.00631757 0.00336016 0.0239863 0.0287706 -0.0107675 0.0532866 -0.0387422 0.0399235 0.0444527 0.00982113 0.0674918 0.0538944 0.0740267 0.0734184 0.0735866 0.0736566 0.0732212 0.0755672
internal_weight=8815.88 6816 5941.02 3114.78 2398.81 2826.24 2484.25 341.987 874.98 715.969 450.854 391.89 58.964 424.127 137.671 286.456 1999.88 1989.12 1977.73 1610.67 367.055
internal_count=28072 25042 23237 14453 9865 8784 7143 1641 1805 4588 1086 889 197 719 267 452 3030 3003 2984 2440 544
is_linear=0
shrinkage=0.05


Tree=16
num_leaves=25
num_cat=0
split_feature=6 1 9 9 2 7 13 4 15 9 7 14 1 2 7 13 6 1 2 9 1 14 1 14
split_gain=2055.91 561.788 489.901 362.134 246.91 164.212 130.994 90.4193 65.172 37.8121 25.726 43.8402 14.8603 14.2079 42.3216 6.84046 2.08195 0.664518 5.77985 0.511075 0.831483 0.50653 0.387998 0.322958
threshold=0.91780000000000006 0.90160000000000007 0.96039215686274526 0.050641025641025607 4.5000000000000009 0.79210000000000014 6.5000000000000009 0.65730000000000011 19.500000000000004 0.8935439560439562 0.84030000000000016 20.500000000000004 0.9436500000000001 10.500000000000002 0.65645000000000009 5.5000000000000009 0.98650000000000004 0.8136500000000001 11.500000000000002 0.99975502204801581 0.94805000000000017 15.500000000000002 0.98915000000000008 33.500000000000007
decision_type=2 2 2 2 2 2 2 2 2 2 2 2 2 2 2 2 2 2 2 2 2 2 2 2
left_child=1 2 3 4 -1 7 -7 -4 13 -5 11 -10 -12 15 -15 -3 21 18 23 20 -19 -2 -21 -18
right_child=16 8 5 9 -6 6 -8 -9 10 -11 12 -13 -14 14 -16 -17 17 19 -20 22 -22 -23 -24 -25
leaf_value=0.019928689403825861 0.064942823056324775 0.075051696349103081 0.024948614077798557 -0.041657834162600112 -0.012189207159604733 0.055803936824693916 -0.024279039943628331 0.067907985456761591 0.031217611641405785 -0.0032988319245086245 -0.010670162189465668 0.067743702207494677 0.041962551982453758 -0.0028350477948727269 0.065665786427937772 0.056250558085566033 0.074897290206484585 0.071219065230139184 0.036187064791889469 0.072439325460762094 0.064711781678165145 0.048336179909626902 0.067563983998491409 0.068666605878480419
leaf_weight=1148.3435995429754 7.7048020958900478 225.19351726770401 2369.4885315150023 626.61488833278418 1249.4796293079853 62.413748219609261 280.78828452527523 129.16245926916599 276.42402702569962 71.583686307072639 40.012411236763 116.88702560961246 20.171670332551003 28.457371562719345 108.58592487871647 61.61623303592205 50.151310965418816 331.27979783713818 12.714404821395872 1399.8776216059923 57.629886522889137 11.364808157086371 42.034693449735641 35.533265933394432
leaf_count=4053 13 343 6889 4229 5813 145 1508 254 663 357 155 226 47 81 186 114 75 512 26 2143 94 23 67 56
internal_value=0.0261911 0.0132426 0.00772457 -0.00603508 0.0031924 0.0227149 -0.00971538 0.0271693 0.0505888 -0.037725 0.0374142 0.0420727 0.00697054 0.0646847 0.0514414 0.0710126 0.0714857 0.0716482 0.0676454 0.0718633 0.0702548 0.0550459 0.0722972 0.0723134
internal_weight=8763.51 6815.22 5937.87 3096.02 2397.82 2841.85 343.202 2498.65 877.348 698.199 453.495 393.311 60.1841 423.853 137.043 286.81 1948.29 1929.22 98.399 1830.82 388.91 19.0696 1441.91 85.6846
internal_count=28072 25063 23248 14452 9866 8796 1653 7143 1815 4586 1091 889 202 724 267 457 3009 2973 157 2816 606 36 2210 131
is_linear=0
shrinkage=0.05


Tree=17
num_leaves=26
num_cat=0
split_feature=6 14 4 9 6 4 3 2 6 3 9 15 15 6 4 13 6 2 2 14 4 4 3 2 8
split_gain=1932.74 523.958 408.918 364.234 203.82 182.208 154.243 151.558 118.674 107.652 92.7303 88.3688 61.1164 47.3867 39.5625 35.2903 2.14278 0.895958 0.434453 0.670338 0.381522 0.335305 0.0999682 0.144093 0.00037979
threshold=0.91780000000000006 27.500000000000004 0.34430000000000005 0.92893217893217905 0.52110000000000012 0.58895000000000008 4.5000000000000009 1.5000000000000002 0.47675000000000006 1.5000000000000002 0.063250000000000015 36.500000000000007 14.500000000000002 0.59205000000000008 0.30665000000000003 23.500000000000004 0.98650000000000004 9.5000000000000018 21.500000000000004 33.500000000000007 0.74650000000000005 0.84735000000000016 9.5000000000000018 23.500000000000004 1.0000000180025095e-35
decision_type=2 2 2 2 2 2 2 2 2 2 2 2 2 2 2 2 2 2 2 2 2 2 2 2 2
left_child=1 2 11 8 9 7 -6 -4 10 -5 -3 12 -1 -7 -13 -10 17 -2 19 20 -18 -21 24 -24 -20
right_child=16 3 5 4 6 13 -8 -9 15 -11 -12 14 -14 -15 -16 -17 18 -19 22 21 -22 -23 23 -25 -26
leaf_value=0.097876952180559362 0.037567888434641525 0.0020480745249836269 0.071531025520659944 -0.011267165766703375 -0.041810704400749701 0.064133030502248528 0.011373325901312617 0.021633458591840085 -0.040013931605327763 0.038737975347711263 -0.03648454620678402 0.0072924682823059727 -0.019696592651110716 0.039743868026513023 0.068927481568387461 0.078919743971862577 0.068310681029177575 0.060607849100420691 0.073728904405850004 0.068211351246874566 0.071262065031816049 0.071738747195102329 0.069376421490148305 0.071730406579469802 0.073406755935252047
leaf_weight=11.259868845343588 6.3666756004095104 533.59295815229416 162.55093659460545 128.70744523406029 217.47374594211578 407.33244098722935 365.3625685274601 2385.4396780729294 610.31780159473419 657.24141527712345 220.7231866940856 67.120391860604286 601.49462158232927 389.69853773713112 42.53457598388195 6.30153465270996 139.67148473858833 12.511682599782942 12.44482100009918 808.79234009981155 506.8697202205658 73.492651477456093 93.338719099760056 214.18802002072334 34.545415163040161
leaf_count=26 14 2532 371 514 1244 765 1362 6958 4012 1740 1539 232 2740 914 87 27 223 22 19 1293 790 114 148 333 53
internal_value=0.0250422 0.012591 0.0239759 -0.00431115 0.013934 0.0313434 -0.00847123 0.0248167 -0.0225277 0.0305491 -0.0092271 -0.0101383 -0.0175361 0.0522082 0.0312004 -0.0387985 0.0695991 0.0528377 0.0697671 0.0694014 0.0706245 0.0685052 0.0713441 0.0710159 0.0734921
internal_weight=8709.37 6807.15 4067.43 2739.72 1368.79 3345.02 582.836 2547.99 1370.94 785.949 754.316 722.409 612.754 797.031 109.655 616.619 1902.22 18.8784 1883.34 1528.83 646.541 882.285 354.517 307.527 46.9902
internal_count=28072 25063 12093 12970 4860 9008 2606 7329 8110 2254 4071 3085 2766 1679 319 4039 3009 36 2973 2420 1013 1407 553 481 72
is_linear=0
shrinkage=0.05


Tree=18
num_leaves=23
num_cat=0
split_feature=7 1 2 3 15 1 1 9 0 7 14 15 15 1 14 3 0 1 2 0 8 15
split_gain=1819.53 499.468 505.684 892.413 248.258 203.756 187.145 190.733 214.866 113.973 60.7199 57.2258 42.1062 40.4906 22.5037 10.4171 3.94569 0.826636 5.82661 0.734603 0.745959 0.554807
threshold=0.99350000000000016 0.74130000000000018 3.5000000000000004 2.5000000000000004 37.500000000000007 0.53710000000000002 0.9215500000000002 0.8935439560439562 0.6120000000000001 0.74465000000000015 26.500000000000004 17.500000000000004 19.500000000000004 0.20415000000000003 16.500000000000004 7.5000000000000009 0.5698000000000002 0.8136500000000001 11.500000000000002 0.95550000000000013 1.0000000180025095e-35 28.500000000000004
decision_type=2 2 2 2 2 2 2 2 2 2 2 2 2 2 2 2 2 2 2 2 2 2
left_child=1 2 3 4 -1 10 7 8 -3 -7 -4 -9 15 -5 -14 -8 -2 18 21 20 -19 -18
right_child=16 6 5 13 -6 9 12 11 -10 -11 -12 -13 14 -15 -16 -17 17 19 -20 -21 -22 -23
leaf_value=-0.0045484585113070514 0.037346261939045187 0.026133242787905072 -0.015094320621185675 0.11457523100432671 0.069205195829656466 0.0051975811225967901 0.066549572150601768 0.063945610068926712 -0.019285211530828496 -0.037096212580283609 -0.044808043426887295 0.030858782764468858 0.0255978547612364 0.074661798755666184 0.052610542990822476 0.01224200564583176 0.066668462329904338 0.066258391593461238 0.03153625361965616 0.055093982277113054 0.068772171955962108 0.079153292513920545
leaf_weight=1556.3805526196957 10.62062546610832 579.92072904109955 238.54013857245445 77.776821583509445 123.12361896038055 798.46820898354053 306.56006482243538 150.18704389035702 472.62259814143181 198.98756913095713 615.73228519409895 1006.3452911823988 155.30152462422848 347.16161753237247 153.11608555912971 9.0919850766658765 69.807938128709793 375.9634366184473 12.486738309264181 10.705527275800703 1372.4807783514261 10.198517978191374
leaf_count=6074 27 1989 942 123 305 3431 498 303 2170 1289 3871 2631 379 703 311 23 113 617 26 19 2213 15
internal_value=0.0239533 0.0119443 0.000467808 0.0172362 0.000858385 -0.0185891 0.0279698 0.0211396 0.00573903 -0.00323982 -0.036511 0.0351554 0.0521475 0.0819672 0.0390085 0.0649853 0.0677351 0.0679094 0.0633022 0.0681517 0.0682316 0.0682599
internal_weight=8651.58 6789.32 3956.17 2104.44 1679.5 1851.73 2833.15 2209.08 1052.54 997.456 854.272 1156.53 624.07 424.938 308.418 315.652 1862.26 1851.64 92.4932 1759.15 1748.44 80.0065
internal_count=28072 25042 16738 7205 6379 9533 8304 7093 4159 4720 4813 2934 1211 826 690 521 3030 3003 154 2849 2830 128
is_linear=0
shrinkage=0.05


Tree=19
num_leaves=24
num_cat=0
split_feature=6 1 9 9 14 6 14 4 15 9 14 15 1 2 2 0 6 0 1 2 0 8 14
split_gain=1718.1 456.626 388.267 312.485 197.461 132.456 201.322 110.955 57.7666 35.3186 16.4037 24.7131 23.0735 13.9512 34.6725 10.6505 2.2878 4.70125 0.914154 5.67142 0.83983 0.635666 0.328981
threshold=0.91780000000000006 0.90160000000000007 0.96039215686274526 0.050641025641025607 29.500000000000004 0.50285000000000013 27.500000000000004 0.51315000000000011 19.500000000000004 0.8935439560439562 15.500000000000002 20.500000000000004 0.94805000000000017 10.500000000000002 11.500000000000002 0.23465000000000005 0.98650000000000004 0.90765000000000018 0.8136500000000001 11.500000000000002 0.95550000000000013 1.0000000180025095e-35 33.500000000000007
decision_type=2 2 2 2 2 2 2 2 2 2 2 2 2 2 2 2 2 2 2 2 2 2 2
left_child=1 2 3 4 -1 7 -7 -4 13 -5 11 -10 -12 15 -15 -3 17 -2 19 22 21 -20 -18
right_child=16 8 5 9 -6 6 -8 -9 10 -11 12 -13 -14 14 -16 -17 18 -19 20 -21 -22 -23 -24
leaf_value=0.011987366479076471 0.02066702363848455 0.022478487815072914 0.020636837188792261 -0.040133615693484365 -0.019235212504205249 0.037246347468252387 -0.014914235391159226 0.049637332970145241 -0.028695163829178746 -0.0027817548053839128 0.030353592451795832 0.02809104694423703 0.059705364414049548 0.0031872528912242461 0.060837529409135019 0.067490797085841339 0.069183583068965868 0.071563639309017962 0.064943199754282699 0.030158356696796909 0.052158455353203903 0.06731173076930401 0.062682010629878451
leaf_weight=1666.189287930727 8.2360530793666857 13.829984977841375 1615.5776077955961 597.30069106072187 727.4860160574317 280.0958836376667 544.80482342839241 414.4251606464386 23.04528521001339 70.787986323237419 221.25907862186432 113.62487325072289 96.008588179945946 35.434706166386604 98.801265269517899 263.99427899718285 46.901905864477158 10.102133691310881 360.35668781399727 12.406455025076864 9.8443083465099317 1324.3514768779278 33.250724777579308
leaf_count=5670 20 31 4712 4229 4196 644 2560 880 74 357 568 273 176 97 170 426 75 16 605 26 18 2193 56
internal_value=0.022929 0.0113908 0.00642755 -0.00594065 0.0024982 0.0196919 0.00279694 0.0265573 0.045301 -0.036176 0.0329974 0.0185158 0.0392358 0.058855 0.0456194 0.0652501 0.0662754 0.0487049 0.0664557 0.0616171 0.06672 0.0668051 0.0664865
internal_weight=8588.12 6782.67 5916.67 3061.76 2393.68 2854.9 824.901 2030 865.998 668.089 453.938 136.67 317.268 412.06 134.236 277.824 1805.45 18.3382 1787.11 92.5591 1694.55 1684.71 80.1526
internal_count=28072 25063 23248 14452 9866 8796 3204 5592 1815 4586 1091 347 744 724 267 457 3009 36 2973 157 2816 2798 131
is_linear=0
shrinkage=0.05


Tree=20
num_leaves=25
num_cat=0
split_feature=6 1 2 3 9 6 15 1 5 1 4 9 15 1 15 3 6 1 2 2 8 1 1 3
split_gain=1622.95 434.124 511.869 846.449 245.42 210.371 186.238 112.247 98.6247 97.792 74.0562 57.9761 40.7717 34.267 21.4493 10.0671 2.29162 0.981089 5.5099 0.88886 0.584831 0.87836 0.41314 0.308107
threshold=0.91780000000000006 0.79060000000000008 3.5000000000000004 2.5000000000000004 0.98581488933601624 0.46710000000000007 37.500000000000007 0.9215500000000002 0.57735000000000014 0.54230000000000012 0.60120000000000007 0.8935439560439562 19.500000000000004 0.36940000000000006 20.500000000000004 7.5000000000000009 0.98650000000000004 0.8136500000000001 11.500000000000002 9.5000000000000018 1.0000000180025095e-35 0.94805000000000017 0.98915000000000008 1.5000000000000002
decision_type=2 2 2 2 2 2 2 2 2 2 2 2 2 2 2 2 2 2 2 2 2 2 2 2
left_child=1 2 3 6 9 -6 -1 8 10 -4 -3 -10 15 -5 -14 -9 19 18 23 -2 21 -19 -22 -18
right_child=16 7 4 13 5 -7 -8 12 11 -11 -12 -13 14 -15 -16 -17 17 20 -20 -21 22 -23 -24 -25
leaf_value=-0.00091062221926172253 0.031939647319890768 0.026400237460286566 -0.045616607780584267 0.09297595742661767 0.025290430545094458 -0.021698658770554775 0.059533565186044017 0.062076735645494222 -0.016465011946848056 -0.017453664536743529 0.071355690991162721 0.019489414425168779 -0.0010076123923499559 0.065993180917603284 0.039668616525803918 0.0086117257477822864 0.056395868121538378 0.064498890536439632 0.0288454423001335 0.055213136176162164 0.06591001493301811 0.057468529576905618 0.060618994140622606 0.065986607152895713
leaf_weight=1821.9870194718242 6.3099375963211086 918.98970986902714 540.94430158287287 191.22613415122032 525.48312985897064 435.68457035720348 137.02226516604424 300.04697312414646 209.23534470796585 716.52818636596203 101.75167468190193 241.56396697461605 36.784705549478531 305.86867909133434 272.48229593038559 9.0706760287284833 9.5380579978227598 299.14852067828178 12.324700042605398 11.727111041545866 1257.610997825861 52.177159801125526 38.009310141205788 68.619968667626381
leaf_count=6841 14 2680 3544 317 1459 2104 337 503 1034 3967 178 741 102 641 592 23 17 512 26 22 2143 94 67 114
internal_value=0.0219638 0.0108472 0.00237806 0.018103 -0.01503 0.0039909 0.00331713 0.029791 0.0222794 -0.0295689 0.0308816 0.00280142 0.0476661 0.0763731 0.0348305 0.0605079 0.0648016 0.0649857 0.0599166 0.0470713 0.0652642 0.0634548 0.0657548 0.0648162
internal_weight=8520.14 6764.67 4674.74 2456.1 2218.64 961.168 1959.01 2089.93 1471.54 1257.47 1020.74 450.799 618.385 497.095 309.267 309.118 1755.47 1737.43 90.4827 18.037 1646.95 351.326 1295.62 78.158
internal_count=28072 25063 19210 8136 11074 3563 7178 5853 4633 7511 2858 1775 1220 958 694 526 3009 2973 157 36 2816 606 2210 131
is_linear=0
shrinkage=0.05


Tree=21
num_leaves=23
num_cat=0
split_feature=6 14 7 9 6 0 7 3 2 6 13 7 3 2 13 15 6 0 0 2 0 0
split_gain=1534.82 361.774 310.45 240.065 151.789 167.317 138.269 113.553 103.949 97.5304 88.7053 81.8016 66.4236 74.0226 64.0005 45.3113 2.34821 4.63352 0.831671 0.847121 0.739473 0.220476
threshold=0.91780000000000006 29.500000000000004 0.39175000000000004 0.8935439560439562 0.57735000000000014 0.53950000000000009 0.61415000000000008 4.5000000000000009 1.5000000000000002 0.30665000000000003 6.5000000000000009 0.34850000000000009 2.5000000000000004 2.5000000000000004 17.500000000000004 14.500000000000002 0.98650000000000004 0.90765000000000018 0.95550000000000013 21.500000000000004 0.91045000000000009 0.91365000000000018
decision_type=2 2 2 2 2 2 2 2 2 2 2 2 2 2 2 2 2 2 2 2 2 2
left_child=1 2 12 9 7 -6 8 -5 -4 11 -8 -3 15 -14 -11 -1 17 -2 19 20 -18 -21
right_child=16 3 6 4 5 -7 10 -9 -10 14 -12 -13 13 -15 -16 -17 18 -19 -20 21 -22 -23
leaf_value=0.10116385989932462 0.017812348707599165 -0.03307741088641987 0.054266354207303302 0.0037053480751303466 -0.051016684045318596 0.013718793554031428 0.04383741518750639 0.041305258708137643 0.01345287094857929 -0.034252125170509601 0.017103800235185651 0.036293061574692205 0.092998336346655608 -0.010030730032466264 0.0038174954679048162 -0.028246802510201736 0.063402978606500501 0.068997450016653791 0.048791514411195433 0.067511051868112751 0.057453735479279615 0.0648423206101163
leaf_weight=6.8757119178771964 8.2156872451305407 67.008627988398075 167.38694877922535 405.02454793453217 180.57713388651609 223.17766006290913 1012.7023701667786 398.23525807261467 2295.384236484766 800.68845842033625 447.37005504220724 116.17184813320637 25.947879523038864 53.129384331405163 128.05576329678297 416.50874412059784 1311.2014688998461 9.5737605690956098 9.4029513746499997 141.62058266997337 54.399281606078148 170.64074869453907
leaf_count=16 20 375 433 1473 1243 780 2234 985 7192 5547 1307 508 47 228 716 1979 2312 16 18 244 100 299
internal_value=0.0210471 0.0103321 0.018715 -0.00566527 0.00977556 -0.0152338 0.0234547 0.0223464 0.0162268 -0.0224266 0.0356462 0.0109169 -0.0182885 0.0237765 -0.0290031 -0.0261452 0.0634296 0.0453587 0.0636201 0.0637032 0.063166 0.0660527
internal_weight=8449.3 6744.24 4425.31 2318.94 1207.01 403.755 3922.84 803.26 2462.77 1111.92 1460.07 183.18 502.462 79.0773 928.744 423.384 1705.05 17.7894 1687.27 1677.86 1365.6 312.261
internal_count=28072 25063 13436 11627 4481 2023 11166 2458 7625 7146 3541 883 2270 275 6263 1995 3009 36 2973 2955 2412 543
is_linear=0
shrinkage=0.05


Tree=22
num_leaves=26
num_cat=0
split_feature=6 1 14 5 4 1 9 1 9 9 1 15 5 13 5 14 6 1 14 1 8 1 1 14 4
split_gain=1453.79 374.164 346.064 284.958 248.621 104.345 102.061 90.8224 86.2088 110.359 47.689 46.4012 23.6617 23.3931 10.7718 5.81157 2.35607 1.183 5.22521 4.81802 0.648448 0.889737 0.419517 0.294376 0.145733
threshold=0.91780000000000006 0.79060000000000008 29.500000000000004 0.46545000000000009 0.33530000000000004 0.92980000000000007 0.97034659329741302 0.26495000000000007 0.8935439560439562 0.20419135396093921 0.68585000000000018 14.500000000000002 0.58500000000000008 4.5000000000000009 0.34335000000000004 17.500000000000004 0.98650000000000004 0.8136500000000001 41.500000000000007 0.79705000000000015 1.0000000180025095e-35 0.94805000000000017 0.98915000000000008 33.500000000000007 0.93540000000000012
decision_type=2 2 2 2 2 2 2 2 2 2 2 2 2 2 2 2 2 2 2 2 2 2 2 2 2
left_child=1 2 4 6 11 8 -4 -6 9 -3 -5 -1 -10 15 -15 -7 24 18 23 -20 21 -19 -22 -18 -2
right_child=16 5 3 10 7 13 -8 -9 12 -11 -12 -13 -14 14 -16 -17 17 20 19 -21 22 -23 -24 -25 -26
leaf_value=0.080592267609424478 0.048020999911053047 0.015202313498573469 -0.012514700793425588 -0.049080685908792852 0.05601243374748114 0.063682701245730125 0.020785873601053294 0.017046624942747876 0.038424827129135627 -0.049117769835270886 -0.021687305455927949 -0.017078565831604938 0.01998787664830988 0.025282834424877589 0.044867708028394043 0.041519667761931098 0.064663868793018595 0.061782654437021703 0.057118709797760292 -0.0016433125177422805 0.063354289564593144 0.054508452524820665 0.057874508113778367 0.058143386232064033 0.038844586087396549
leaf_weight=12.3962514847517 9.6054228544235247 693.21124453097582 536.88924364745617 482.4440864995122 160.59032399952412 171.55185157060623 402.65115891396999 2173.823383666575 540.90858687460423 73.787694908678532 236.89312894642353 638.48722121119499 256.56764106452465 106.43587824702263 206.26742959022522 35.740720003843307 43.309757620096207 282.04782254993916 7.1990791857242566 6.7674931138753891 1183.4747939258814 49.39949169754982 35.989262476563454 28.833041578531265 7.8729083091020575
leaf_count=29 19 2407 3214 3650 387 286 1205 6518 1194 469 1325 2882 759 249 419 70 75 512 13 17 2143 94 67 52 17
internal_value=0.0201577 0.0098328 0.00193365 -0.016376 0.012108 0.027432 0.00175665 0.0197272 0.0209826 0.00901452 -0.0400595 -0.0152184 0.0324932 0.0468361 0.0382015 0.0598614 0.0621479 0.0623428 0.0566385 0.0286456 0.0626596 0.0606985 0.0631926 0.0620579 0.0438876
internal_weight=8383.14 6728.65 4644.17 1658.88 2985.3 2084.47 939.54 2334.41 1564.48 766.999 719.337 650.883 797.476 519.996 312.703 207.293 1654.5 1637.02 86.1094 13.9666 1550.91 331.447 1219.46 72.1428 17.4783
internal_count=28072 25063 19210 9394 9816 5853 4419 6905 4829 2876 4975 2911 1953 1024 668 356 3009 2973 157 30 2816 606 2210 127 36
is_linear=0
shrinkage=0.05


Tree=23
num_leaves=24
num_cat=0
split_feature=6 1 9 9 2 7 1 15 15 15 7 14 0 2 7 0 6 0 1 2 0 8 14
split_gain=1377.76 340.968 290.035 283.743 166.914 93.6561 97.968 62.4949 51.4832 30.7759 18.9969 41.7814 18.5161 13.8472 36.4923 15.1262 2.44288 4.7118 1.24385 5.50648 0.898581 0.741711 0.334735
threshold=0.91780000000000006 0.90160000000000007 0.93475177304964552 0.050641025641025607 4.5000000000000009 0.79210000000000014 0.68585000000000018 17.500000000000004 19.500000000000004 37.500000000000007 0.84030000000000016 20.500000000000004 0.86755000000000015 10.500000000000002 0.65645000000000009 0.23000000000000001 0.98650000000000004 0.90765000000000018 0.8136500000000001 11.500000000000002 0.95550000000000013 1.0000000180025095e-35 33.500000000000007
decision_type=2 2 2 2 2 2 2 2 2 2 2 2 2 2 2 2 2 2 2 2 2 2 2
left_child=1 2 3 4 -1 7 -7 -4 13 -5 11 -10 -12 15 -15 -3 17 -2 19 22 21 -20 -18
right_child=16 8 5 9 -6 6 -8 -9 10 -11 12 -13 -14 14 -16 -17 18 -19 20 -21 -22 -23 -24
leaf_value=0.015496219070714901 0.014688017585516414 -0.013642832943996397 0.039284969987007132 -0.038277451069218975 -0.011023514668799911 -0.040681406064452814 0.014573365194808105 0.016526487934404633 0.021044335559680202 0.025993142454481595 -0.021104252762876981 0.05683809674214646 0.035405023224500148 -0.011566079858660767 0.052897317235991649 0.060901650044970862 0.063324321318755775 0.067012251989436597 0.059447366319535837 0.023807804004927238 0.045694954124534351 0.062159620808404994 0.056407293984642295
leaf_weight=1164.0255987346172 8.1715856343507784 6.9912080168724051 349.55132915079594 590.83848482370377 1210.1795324012637 138.58794358372688 190.47533017396927 2201.0385140329599 276.59219817817211 19.23256804049015 36.277029260993004 115.60348360240459 24.143692165613174 28.02349442243576 101.36550801992416 255.75828765332699 42.046730771660805 9.0869869589805585 321.07484802603722 11.957931429147719 8.9598221778869611 1172.7744415998459 29.948348999023438
leaf_count=4053 20 19 849 4340 5813 986 687 6389 663 131 139 226 63 81 186 438 75 16 605 26 18 2193 56
internal_value=0.0193183 0.00936492 0.00508655 -0.0058367 0.00197858 0.0164067 -0.00869768 0.0196455 0.0390636 -0.0362513 0.0275743 0.0315949 0.00147645 0.0523248 0.0389356 0.0589182 0.0609476 0.0422378 0.0611511 0.0552283 0.061482 0.0615767 0.060447
internal_weight=8312.7 6708.68 5863.93 2984.28 2374.21 2879.65 329.063 2550.59 844.755 610.071 452.616 392.196 60.4207 392.138 129.389 262.749 1604.02 17.2586 1586.76 83.953 1502.81 1493.85 71.9951
internal_count=28072 25063 23248 14337 9866 8911 1673 7238 1815 4471 1091 889 202 724 267 457 3009 36 2973 157 2816 2798 131
is_linear=0
shrinkage=0.05


Tree=24
num_leaves=25
num_cat=0
split_feature=6 1 2 1 7 6 15 1 9 9 5 15 1 15 15 7 6 14 1 2 8 1 1 14
split_gain=1307.05 328.704 341.131 177.913 173.267 165.163 137.528 115.204 118.612 113.848 69.3754 48.5344 47.3622 37.5951 20.0525 11.478 2.45376 1.61393 1.30679 5.37753 0.686881 0.915491 0.437435 0.33093
threshold=0.91780000000000006 0.74130000000000018 3.5000000000000004 0.53710000000000002 0.36490000000000006 0.52110000000000012 36.500000000000007 0.9215500000000002 0.8935439560439562 0.20419135396093921 0.34000000000000002 17.500000000000004 0.36940000000000006 19.500000000000004 20.500000000000004 0.47415000000000007 0.98650000000000004 16.500000000000004 0.8136500000000001 11.500000000000002 1.0000000180025095e-35 0.94805000000000017 0.98915000000000008 33.500000000000007
decision_type=2 2 2 2 2 2 2 2 2 2 2 2 2 2 2 2 2 2 2 2 2 2 2 2
left_child=1 2 4 10 12 -5 -6 8 9 -3 -4 -10 -1 15 -15 -9 17 -2 19 23 21 -20 -22 -18
right_child=16 7 3 5 6 -7 -8 13 11 -11 -12 -13 -14 14 -16 -17 18 -19 20 -21 22 -23 -24 -25
leaf_value=-0.0033661740289208444 0.053218767592892437 0.0097224770292099125 -0.013492482548511129 0.011758366568086506 0.015424585901589884 -0.032648139176346243 0.068534281320789481 -0.024583810382470039 0.054178706922101444 -0.047180106992502829 -0.044718071819327687 0.023721128857015349 -0.040581768221476626 -0.0054460823345903499 0.033944696112299326 0.055591171844401058 0.062073173141668408 0.0215704947317477 0.059433419176435687 0.022775909502119017 0.061115474595863251 0.051839484809460559 0.055352606720844577 0.055096770710307864
leaf_weight=202.05019053816795 10.348818287253382 947.6446844637394 267.82763109356165 660.10150244086981 1636.5374818593264 306.67245182394981 131.70389124006033 4.5349371135234824 150.10581001639366 96.890179641544819 529.64366989582777 1016.8356342762709 148.19583420455456 36.690750986337662 270.52265956997871 285.586928576231 40.781672656536102 6.5957574993371955 265.28185161948204 11.876826941967009 1109.127850189805 46.670322045683861 33.936354950070381 29.148082658648491
leaf_count=929 20 3479 1272 2690 5289 2030 259 13 303 678 3541 2639 734 102 592 513 75 16 512 26 2143 94 67 56
internal_value=0.0185098 0.00891706 -0.000508383 -0.0167487 0.0130163 -0.00232792 0.0193804 0.0219462 0.0166835 0.00444424 -0.0342311 0.0276389 -0.0191128 0.04143 0.0292402 0.0543379 0.0598225 0.0408995 0.0600311 0.0538822 0.0603769 0.0582973 0.0609444 0.0591653
internal_weight=8245.31 6691.54 3882.73 1764.25 2118.49 966.774 1768.24 2808.81 2211.48 1044.53 797.471 1166.94 350.246 597.335 307.213 290.122 1553.77 16.9446 1536.82 81.8066 1455.02 311.952 1143.06 69.9298
internal_count=28072 25063 16744 9533 7211 4720 5548 8319 7099 4157 4813 2942 1663 1220 694 526 3009 36 2973 157 2816 606 2210 131
is_linear=0
shrinkage=0.05


Tree=25
num_leaves=23
num_cat=0
split_feature=6 14 4 9 15 6 0 4 6 3 2 3 6 4 0 6 6 0 0 2 0 0
split_gain=1240.5 261.362 273.846 214.944 138.822 126.472 132.228 115.703 112.459 102.009 92.4911 83.3115 78.4146 63.9066 44.9705 25.6256 2.51535 4.68335 0.89641 1.0149 0.803594 0.253194
threshold=0.91780000000000006 27.500000000000004 0.38150000000000006 0.88282035995081432 36.500000000000007 0.57735000000000014 0.53450000000000009 0.65730000000000011 0.47675000000000006 5.5000000000000009 1.5000000000000002 7.5000000000000009 0.25160000000000005 0.30665000000000003 0.70710000000000017 0.38760000000000006 0.98650000000000004 0.90765000000000018 0.95550000000000013 21.500000000000004 0.91045000000000009 0.91365000000000018
decision_type=2 2 2 2 2 2 2 2 2 2 2 2 2 2 2 2 2 2 2 2 2 2
left_child=1 2 4 8 12 9 -7 10 11 -5 -4 -3 -1 -6 -10 -9 17 -2 19 20 -18 -21
right_child=16 3 7 5 13 6 -8 15 14 -11 -12 -13 -14 -15 -16 -17 18 -19 -20 21 -22 -23
leaf_value=-0.025695277901176136 0.012231057319106797 -0.0093217405443446078 0.059008546920583244 0.010211088060350322 0.00091498389091155651 -0.046698574725218912 0.010251546525380153 0.072490801601459501 -0.045142523761601855 0.047697715076432889 0.017983753836789265 0.080605297613117674 0.0032916539278859121 0.064314120759094179 -0.01215709497166334 0.042271890044673049 0.058706795253478807 0.065218300677811175 0.042806535781362731 0.06348280113260199 0.052118644988268507 0.060431128763420876
leaf_weight=503.04519357532263 8.1157938241958636 668.40996919572353 145.7602574378252 725.14876822382212 68.48450381308794 173.54973209649324 246.96044928580523 89.072817280888557 390.54757799208164 242.05650155246258 2391.7431832998991 26.787335358560085 435.11154042184353 94.728977903723717 140.50293755531311 330.31243501603603 1156.3245730400085 8.5776687860488874 8.5234292298555356 124.20993073284626 48.215993657708168 150.11727711558342
leaf_count=2288 20 3882 313 2382 232 1292 850 143 3183 545 6607 91 1628 175 745 707 2312 16 18 244 100 299
internal_value=0.017739 0.00849227 0.0164344 -0.0038381 -0.00484721 0.0096398 -0.0132525 0.0243613 -0.0190907 0.0195926 0.0203403 -0.00585667 -0.0122513 0.0377118 -0.0364154 0.0486901 0.0587584 0.0394577 0.058975 0.0590682 0.0584431 0.0618129
internal_weight=8176.31 6672.22 4058.26 2613.96 1101.37 1387.72 420.51 2956.89 1226.25 967.205 2537.5 695.197 938.157 163.213 531.051 419.385 1504.08 16.6935 1487.39 1478.87 1204.54 274.327
internal_count=28072 25063 12093 12970 4323 5069 2142 7770 7901 2927 6920 3973 3916 407 3928 850 3009 36 2973 2955 2412 543
is_linear=0
shrinkage=0.05


Tree=26
num_leaves=24
num_cat=0
split_feature=6 1 2 3 15 9 6 3 0 1 9 1 15 1 1 0 6 0 1 2 0 8 3
split_gain=1177.67 282.898 353.988 746.387 212.015 187.816 145.843 141.669 120.267 137.055 102.486 87.2969 63.4269 34.9927 21.7435 18.0088 2.52559 4.53569 1.51418 5.55625 0.942254 0.843696 0.370704
threshold=0.91780000000000006 0.79060000000000008 3.5000000000000004 1.5000000000000002 37.500000000000007 0.98581488933601624 0.46710000000000007 2.5000000000000004 0.63245000000000007 0.90550000000000008 0.8935439560439562 0.54230000000000012 18.500000000000004 0.95060000000000011 0.80325000000000013 0.58955000000000013 0.98650000000000004 0.90765000000000018 0.8136500000000001 11.500000000000002 0.95550000000000013 1.0000000180025095e-35 1.5000000000000002
decision_type=2 2 2 2 2 2 2 2 2 2 2 2 2 2 2 2 2 2 2 2 2 2 2
left_child=1 2 3 4 -1 11 -7 -5 12 10 -10 -4 15 -11 -14 -3 17 -2 19 22 21 -20 -18
right_child=16 8 5 7 -6 6 -8 -9 9 13 -12 -13 14 -15 -16 -17 18 -19 20 -21 -22 -23 -24
leaf_value=-0.012426186774607169 0.011636920891038037 0.065766600118407265 -0.043034675756668583 0.028585660202104481 0.059291915027522769 0.020137358375493412 -0.019460424250444659 0.067829740553668846 -0.02429586783009241 0.020869194817064403 0.016393016163743928 -0.015500814592135476 0.011717371372584091 0.048453352264063915 0.033325302094022645 0.031647133404707643 0.046741125525703364 0.064258265989198399 0.056080564417696405 0.019230977078313408 0.041599836299952536 0.059115815738655077 0.058189368920779819
leaf_weight=1427.4244625046849 8.1039564013481158 188.73488622903824 495.41623890399933 429.55944251269102 111.06844891607761 532.90704455971718 412.54820193350315 494.93263664841652 300.71376690268517 275.2397295832634 318.84879173338413 687.18210200220346 145.36776978522539 197.45460149645805 584.73625899106264 48.641345925629139 8.0576585531234723 8.2781223356723768 291.94025348126888 11.580860152840613 8.3369287401437742 1061.0644464343786 57.755345985293388
leaf_count=5616 20 360 3544 1299 263 1459 2104 958 1512 681 879 3967 455 384 1452 130 17 16 605 26 18 2193 114
internal_value=0.0170042 0.00808977 0.00118261 0.014088 -0.00724864 -0.0137539 0.00285892 0.0495952 0.0234854 0.0121145 -0.00335593 -0.0270353 0.0363229 0.0323917 0.029023 0.0587751 0.0577486 0.0382273 0.0579709 0.0511679 0.0583576 0.0584609 0.0567877
internal_weight=8105.89 6650.78 4591.04 2462.98 1538.49 2128.05 945.455 924.492 2059.74 1092.26 619.563 1182.6 967.48 472.694 730.104 237.376 1455.12 16.3821 1438.74 77.3939 1361.34 1353 65.813
internal_count=28072 25063 19210 8136 5879 11074 3563 2257 5853 3456 2391 7511 2397 1065 1907 490 3009 36 2973 157 2816 2798 131
is_linear=0
shrinkage=0.05


Tree=27
num_leaves=24
num_cat=0
split_feature=6 1 2 3 15 1 3 6 0 1 14 5 15 0 6 7 6 0 1 2 0 8 4
split_gain=1117.83 259.071 285.338 734.547 185.208 171.231 146.401 130.974 68.7588 87.1795 160.05 52.2377 35.3968 14.9004 12.3943 9.02351 2.53736 4.3965 1.57361 5.42622 0.948147 0.869019 0.369663
threshold=0.91780000000000006 0.82480000000000009 4.5000000000000009 1.5000000000000002 37.500000000000007 0.53710000000000002 2.5000000000000004 0.51900000000000002 0.62680000000000013 0.95060000000000011 15.500000000000002 0.34000000000000002 18.500000000000004 0.23465000000000005 0.5656000000000001 0.93585000000000018 0.98650000000000004 0.90765000000000018 0.8136500000000001 11.500000000000002 0.95550000000000013 1.0000000180025095e-35 0.78405000000000014
decision_type=2 2 2 2 2 2 2 2 2 2 2 2 2 2 2 2 2 2 2 2 2 2 2
left_child=1 2 3 4 -1 11 -5 -7 12 10 -10 -4 13 -3 -14 -11 17 -2 19 22 21 -20 -18
right_child=16 8 5 6 -6 7 -8 -9 9 15 -12 -13 14 -15 -16 -17 18 -19 20 -21 -22 -23 -24
leaf_value=-0.012074179901708422 0.011071544890037801 -0.022956614900810079 -0.011845469820316271 0.026155578136212023 0.05400061435426598 0.0073016573548185179 0.063071358053425369 -0.022545665094750731 -0.050014004474532595 0.049269769677853577 0.01817694268554108 -0.043106207741269144 0.034913141943706823 0.062182497792246862 0.012290513862488701 0.00031021176085246818 0.060121269333937022 0.063371595022889401 0.055075731264271482 0.018389600475988459 0.040427685002447145 0.058207322939869771 0.052421942536275239
leaf_weight=1569.9123682007194 8.0922083556652087 5.3249542713165274 194.76076905429363 518.31420478224754 113.73794113099575 1116.6986203193665 557.39195273071527 547.87368490546942 99.058081805706024 184.48561672866344 655.18570318073034 425.80958253890276 403.950967669487 147.16015541553497 71.219108045101166 9.9169952869415265 27.101958632469177 7.9817599952220908 282.64000229537487 11.507105901837347 8.1544062048196775 1024.6685977429152 36.701463013887405
leaf_count=6296 20 15 961 1634 276 4227 1137 3160 392 357 2087 3076 939 273 206 27 55 16 605 26 18 2193 76
internal_value=0.0163177 0.00771704 0.00218818 0.0130098 -0.00761054 -0.0108792 0.045284 -0.00252223 0.0254105 0.0169163 0.00922113 -0.0332953 0.0382488 0.0592093 0.0315224 0.0467722 0.0567936 0.0370419 0.0570218 0.0499927 0.0574243 0.0575303 0.0556924
internal_weight=8027.65 6620.8 5044.5 2759.36 1683.65 2285.14 1075.71 1664.57 1576.3 948.646 754.244 620.57 627.655 152.485 475.17 194.403 1406.85 16.074 1390.77 75.3105 1315.46 1307.31 63.8034
internal_count=28072 25063 20767 9343 6572 11424 2771 7387 4296 2863 2479 4037 1433 288 1145 384 3009 36 2973 157 2816 2798 131
is_linear=0
shrinkage=0.05


Tree=28
num_leaves=24
num_cat=0
split_feature=6 1 2 3 1 1 5 1 0 14 1 0 6 13 14 0 6 0 1 2 0 8 3
split_gain=1061.83 238.426 247.578 565.208 151.307 109.763 99.2243 89.0971 131.375 85.0558 76.1384 71.3451 67.6777 26.7741 18.2781 15.158 2.5492 4.26452 1.63194 5.30281 0.955246 0.895893 0.378675
threshold=0.91780000000000006 0.74130000000000018 3.5000000000000004 1.5000000000000002 0.63245000000000007 0.36940000000000006 0.34180000000000005 0.90160000000000007 0.6211500000000002 15.500000000000002 0.80325000000000013 0.11585000000000002 0.52110000000000012 3.5000000000000004 20.500000000000004 0.82480000000000009 0.98650000000000004 0.90765000000000018 0.8136500000000001 11.500000000000002 0.95550000000000013 1.0000000180025095e-35 1.5000000000000002
decision_type=2 2 2 2 2 2 2 2 2 2 2 2 2 2 2 2 2 2 2 2 2 2 2
left_child=1 2 3 11 6 -5 -4 8 10 -10 -3 -1 -6 15 -15 -9 17 -2 19 22 21 -20 -18
right_child=16 7 4 5 12 -7 -8 13 9 -11 -12 -13 -14 14 -16 -17 18 -19 20 -21 -22 -23 -24
leaf_value=-0.022943438360666302 0.010533478651992256 0.013739939654449765 -0.004590868143117279 0.074457834472405102 0.014327519223254873 0.032937665251308125 -0.037175780249197793 0.035034102520763249 -0.057283115133074561 0.0012397641428763045 0.039829288175976515 0.00060050199513897234 -0.021898832769429138 0.019666167771096341 0.038230332591185336 0.060155816341426686 0.044212618927153211 0.062551147028064621 0.054112371578551345 0.017582743809713686 0.039287116371285437 0.057345519780947818 0.056114328633895164
leaf_weight=506.83627735078335 8.0805946141481382 835.71367988735437 347.042485229671 236.54379642754793 462.57334123551846 486.66963322460651 714.89100880175829 133.68119712173939 68.696484841406345 645.1805973649025 420.29255017638206 881.22391995042562 178.7423462793231 360.72045142948627 209.65961812436581 109.01069313287735 7.6232468634843817 7.6895333528518668 273.52039632201195 11.435270935297011 7.9761667102575293 988.97086918354034 54.200525894761086
leaf_count=2354 20 2625 1594 450 1768 1321 5009 288 306 2525 1048 3086 1162 847 485 195 17 16 605 26 18 2193 114
internal_value=0.0156463 0.00735494 -0.000763835 0.0106774 -0.0149459 0.0465178 -0.026527 0.0184831 0.0127354 -0.0043919 0.0224701 -0.00799633 0.0042308 0.0324084 0.02649 0.0463181 0.0558831 0.0358974 0.0561177 0.0488613 0.0565361 0.0566451 0.0546468
internal_weight=7956.97 6597.48 3814.52 2111.27 1703.25 723.213 1061.93 2782.96 1969.88 713.877 1256.01 1388.06 641.316 813.072 570.38 242.692 1359.5 15.7701 1343.73 73.259 1270.47 1262.49 61.8238
internal_count=28072 25063 16744 7211 9533 1771 6603 8319 6504 2831 3673 5440 2930 1815 1332 483 3009 36 2973 157 2816 2798 131
is_linear=0
shrinkage=0.05


Tree=29
num_leaves=25
num_cat=0
split_feature=6 1 2 3 9 15 3 6 9 1 14 5 7 13 14 2 6 1 2 14 9 1 1 5
split_gain=1008.86 216.038 243.59 608.648 180.598 167.661 130.807 98.0653 82.6893 52.2044 59.5833 98.7324 81.4803 22.3466 17.181 7.30668 2.56082 1.69026 9.67126 1.5247 0.832938 1.05953 0.502076 0.383124
threshold=0.91780000000000006 0.82480000000000009 4.5000000000000009 1.5000000000000002 0.8935439560439562 37.500000000000007 2.5000000000000004 0.51900000000000002 0.10005512679162072 0.94030000000000014 16.500000000000004 0.57735000000000014 0.69920000000000015 5.5000000000000009 14.500000000000002 16.500000000000004 0.98650000000000004 0.8136500000000001 12.500000000000002 16.500000000000004 0.99975502204801581 0.94805000000000017 0.98915000000000008 0.78405000000000014
decision_type=2 2 2 2 2 2 2 2 2 2 2 2 2 2 2 2 2 2 2 2 2 2 2 2
left_child=1 2 3 5 8 -1 -5 -6 -4 10 12 -12 -3 15 -15 -11 19 18 23 -2 21 -19 -22 -18
right_child=16 9 4 6 7 -7 -8 -9 -10 13 11 -13 -14 14 -16 -17 17 20 -20 -21 22 -23 -24 -25
leaf_value=-0.01124268533686041 0.047744942563418269 -0.021732564717439198 -0.016674305892904428 0.023294324859899934 0.015469135578471065 0.051504663581729164 0.058130408299400541 -0.016057691449283162 -0.0484560944726668 0.052099647888250424 0.038268790373683033 0.0037806519976784645 0.036421834691803427 0.013171161907943377 0.040502551129376473 0.0083218888466778228 0.058363722626198523 0.054537731080144175 -0.010774022578714229 0.015772108359914366 0.056574003272563692 0.045699591872594904 0.049896214582560092 0.05048551539407159
leaf_weight=1558.31465164572 9.2027138322591764 184.4453414529562 908.02727238088846 523.88504149019718 706.68938395380974 114.26458288729191 554.89029134809971 378.90951524674892 264.20990630984306 194.76578299701214 503.34673860669136 353.09401644766331 89.439086139202118 111.59916213154793 118.61254897713661 10.021757081151007 25.325976550579071 225.1919105052948 6.4195614159107199 6.2686770409345618 932.3049048781395 39.921860471367836 29.024060219526291 39.502430185675621
leaf_count=6296 20 631 5001 1634 2017 276 1137 2009 2397 379 1215 1338 199 271 239 24 55 512 17 16 2143 94 67 85
internal_value=0.0150006 0.00700893 0.00194227 0.0119305 -0.0102292 -0.00695601 0.041213 0.00446524 -0.0238376 0.0232227 0.0175582 0.02405 -0.00274179 0.0379417 0.0272532 0.0499573 0.0550121 0.0552532 0.0477663 0.0347902 0.0556881 0.0532068 0.0563724 0.0535632
internal_weight=7887.68 6574.52 5009.19 2751.35 2257.84 1672.58 1078.78 1085.6 1172.24 1565.32 1130.33 856.441 273.884 434.999 230.212 204.788 1313.16 1297.69 71.248 15.4714 1226.44 265.114 961.329 64.8284
internal_count=28072 25063 20767 9343 11424 6572 2771 4026 7398 4296 3383 2553 830 913 510 403 3009 2973 157 36 2816 606 2210 140
is_linear=0
shrinkage=0.05


Tree=30
num_leaves=24
num_cat=0
split_feature=6 1 2 3 1 6 3 1 0 9 1 5 1 7 14 7 6 0 1 2 0 8 5
split_gain=958.134 202.756 208.846 465.657 141.952 119.603 89.6012 77.9538 95.8707 118.547 69.9319 58.5484 29.0129 19.1117 26.6498 7.33989 2.621 4.23651 1.74342 9.2031 1.00459 0.95464 0.39566
threshold=0.91780000000000006 0.74130000000000018 3.5000000000000004 2.5000000000000004 0.53710000000000002 0.52110000000000012 1.0000000180025095e-35 0.94030000000000014 0.63245000000000007 0.8935439560439562 0.80325000000000013 0.34000000000000002 0.36940000000000006 0.46970000000000006 13.500000000000002 0.93125000000000013 0.98650000000000004 0.90765000000000018 0.8136500000000001 12.500000000000002 0.95550000000000013 1.0000000180025095e-35 0.78405000000000014
decision_type=2 2 2 2 2 2 2 2 2 2 2 2 2 2 2 2 2 2 2 2 2 2 2
left_child=1 2 3 6 11 -6 -1 8 10 -10 -3 -4 -5 14 -9 -15 17 -2 19 22 21 -20 -18
right_child=16 7 4 12 5 -7 -8 13 9 -11 -12 -13 -14 15 -16 -17 18 -19 20 -21 -22 -23 -24
leaf_value=-0.021329533728427313 0.0085532710453858959 0.0126251910480024 -0.011359891614635379 0.071522614672912557 0.010509796924507084 -0.028440180021782627 0.0048094107064535034 -0.058135034204348505 -0.018055068295534278 0.017901814038307522 0.035361714048143589 -0.040902477161762534 0.045069239946166309 0.040860946321348096 0.036787948459187918 0.005996930802882822 0.05752467180107837 0.061346891129124038 0.052291351204289752 -0.010197632959387637 0.03672806360931493 0.055744042849522162 0.049385361876496531
leaf_weight=446.28852173686028 8.0209628343582136 865.12475883960724 259.03407358378172 184.71263362467289 658.39476307481527 281.29995810985565 1235.4025454372168 12.377761900424959 437.41484113037586 481.62531900405884 555.2561499774456 475.694235868752 236.17997409403324 382.66992729902267 18.365186527371407 15.716467365622519 24.433278650045395 7.2210867702960959 255.88200496137142 6.4426768869161597 7.5769891887903205 920.0034696906805 38.39168356359005
leaf_count=1988 20 2747 1272 317 2690 2030 4396 45 2033 1271 1355 3541 510 788 39 41 55 16 605 17 18 2193 85
internal_value=0.0143926 0.00668634 -0.000847836 0.00964433 -0.0140229 -0.00114998 -0.00212736 0.0169649 0.0133715 0.000788227 0.0215134 -0.030487 0.0566785 0.0365543 -0.00143005 0.0394856 0.0541738 0.0335648 0.0544245 0.0467145 0.0548758 0.0549927 0.0525508
internal_weight=7813.53 6545.56 3777.01 2102.58 1674.42 939.695 1681.69 2768.55 2339.42 919.04 1420.38 734.728 420.893 429.129 30.7429 398.386 1267.97 15.242 1252.73 69.2676 1183.46 1175.89 62.825
internal_count=28072 25063 16744 7211 9533 4720 6384 8319 7406 3304 4102 4813 827 913 84 829 3009 36 2973 157 2816 2798 140
is_linear=0
shrinkage=0.05


Tree=31
num_leaves=24
num_cat=0
split_feature=6 1 2 3 15 1 6 2 15 5 1 0 2 1 2 14 6 0 1 2 0 2 5
split_gain=910.225 183.291 189.926 427.784 156.875 131.544 109.31 99.3159 94.8217 55.7496 53.1002 89.9294 43.7017 52.4873 41.3721 24.5447 2.62992 4.10629 1.79474 8.76276 1.01274 0.996014 0.408351
threshold=0.91780000000000006 0.74130000000000018 3.5000000000000004 1.5000000000000002 37.500000000000007 0.53710000000000002 0.52110000000000012 2.5000000000000004 16.500000000000004 0.34000000000000002 0.8136500000000001 0.62680000000000013 7.5000000000000009 0.90550000000000008 6.5000000000000009 14.500000000000002 0.98650000000000004 0.90765000000000018 0.8136500000000001 12.500000000000002 0.95550000000000013 21.500000000000004 0.78405000000000014
decision_type=2 2 2 2 2 2 2 2 2 2 2 2 2 2 2 2 2 2 2 2 2 2 2
left_child=1 2 3 4 -1 9 -7 -5 12 -4 14 -12 15 -14 -10 -3 17 -2 19 22 21 -20 -18
right_child=16 8 5 7 -6 6 -8 -9 10 -11 11 -13 13 -15 -16 -17 18 -19 20 -21 -22 -23 -24
leaf_value=-0.012036829230559019 0.0081364532356170329 0.041904130670352702 -0.010849064926273806 0.054462355475214753 0.051275929531875944 0.0099472242316405828 -0.027490333127315587 0.01593017632642443 0.016609584069422041 -0.039851154061404409 0.032167334785995469 0.0078235703611696707 -0.0077958776099113745 0.055643062347332142 -0.0054392980997554352 0.07842347606879177 0.056726523674012166 0.06067243823770363 0.053485153858068749 -0.0096544515734154762 0.035676395182927916 0.057220995379610819 0.048318443680364413
leaf_weight=1270.1954882591963 8.0105445683002454 110.95526070892811 257.70392827689648 457.59676403552294 106.0038430839777 660.78601782768965 276.59039130061865 263.53978379815817 347.37791278958321 464.12860413640738 671.09399791061878 872.73357949405909 75.37283144146204 57.461723193526268 548.9702176079154 78.605431206524372 23.560368448495865 6.9433246552944174 912.37958659231663 6.4643260836601248 7.414508879184722 221.78296023607254 37.305205956101418
leaf_count=5191 20 246 1272 979 249 2690 2030 792 967 3541 1592 2844 270 109 2151 140 55 16 2255 17 18 543 85
internal_value=0.0138039 0.00637611 -0.000813548 0.00918611 -0.00716007 -0.0134537 -0.00109943 0.0403807 0.0161526 -0.029497 0.0127855 0.0184057 0.0416375 0.0196466 0.0031057 0.0570477 0.0533696 0.0325298 0.0536274 0.0456947 0.0540953 0.0542157 0.0515731
internal_weight=7742.98 6519.12 3756.54 2097.34 1376.2 1659.21 937.376 721.137 2762.57 721.833 2440.18 1543.83 322.395 132.835 896.348 189.561 1223.86 14.9539 1208.91 67.3299 1141.58 1134.16 60.8656
internal_count=28072 25063 16744 7211 5440 9533 4720 1771 8319 4813 7554 4436 765 379 3118 386 3009 36 2973 157 2816 2798 140
is_linear=0
shrinkage=0.05


Tree=32
num_leaves=24
num_cat=0
split_feature=6 9 9 7 3 6 0 1 9 1 3 1 3 4 13 7 6 0 1 0 0 8 4
split_gain=864.796 179.836 272.345 114.57 113.562 103.019 57.6933 54.0492 46.1222 51.2331 37.6797 29.2912 28.1626 28.1009 25.1029 19.881 2.63787 3.98121 1.84405 3.96129 1.02127 1.04806 0.625618
threshold=0.91780000000000006 0.98360215053763456 0.050641025641025607 0.37090000000000006 1.0000000180025095e-35 0.51900000000000002 0.077650000000000011 0.71715000000000007 0.8935439560439562 0.73205000000000009 1.0000000180025095e-35 0.39210000000000006 2.5000000000000004 0.53140000000000009 13.500000000000002 0.71040000000000003 0.98650000000000004 0.90765000000000018 0.8136500000000001 0.7633000000000002 0.95550000000000013 1.0000000180025095e-35 0.78405000000000014
decision_type=2 2 2 2 2 2 2 2 2 2 2 2 2 2 2 2 2 2 2 2 2 2 2
left_child=1 2 3 12 13 -5 11 -8 10 -10 -4 -6 -1 14 -3 -15 17 -2 19 22 21 -20 -18
right_child=16 4 8 5 6 -7 7 -9 9 -11 -12 -13 -14 15 -16 -17 18 -19 20 -21 -22 -23 -24
leaf_value=-0.03185854154712698 0.0077396784179358793 -0.034184266229747455 0.019240258564986203 0.014092344622366353 0.064093220484466903 -0.010964068030438284 0.0087564739055304135 0.022558766837960133 -0.026574519974166828 0.048223519214768036 -0.0401204553439862 -0.026810503084540367 0.011193527177528247 0.036721615463441243 0.011360861427578956 -0.045928198938705381 0.055964933802394083 0.060044813842521749 0.050537129414916726 0.013414742830356369 0.034647581035668944 0.054284499952505227 0.045244873291632771
leaf_weight=239.36330536007881 8.0004079490900022 165.82831650972366 28.197105213999748 1853.033404327929 88.300635576248169 526.85597112029791 1355.2466408461332 1488.143527880311 64.699359469115734 35.430097043514252 514.8932800963521 9.8501787483692151 45.151418797671795 33.436897724866867 37.005061268806458 9.2996662408113462 22.708563476800919 6.6719756424427024 238.67240683734417 8.7615342289209348 7.2569959163665763 854.90879929065704 33.96775871515274
leaf_count=1258 20 738 186 6508 164 2701 4731 3665 375 94 4148 32 188 80 142 53 55 16 605 22 18 2193 80
internal_value=0.0132348 0.00607821 -0.0020889 0.00496049 0.0145541 0.0085454 0.0172812 0.0159802 -0.0312895 -0.000107765 -0.0370385 0.0549703 -0.0250263 -0.0181112 -0.025875 0.0187366 0.0525928 0.0315244 0.0528578 0.0447032 0.0533426 0.0534666 0.0495401
internal_weight=7675.68 6494.73 3307.62 2664.4 3187.11 2379.89 2941.54 2843.39 643.22 100.129 543.09 98.1508 284.515 245.57 202.833 42.7366 1180.95 14.6724 1166.28 65.4379 1100.84 1093.58 56.6763
internal_count=28072 25063 15458 10655 9605 9209 8592 8396 4803 469 4334 196 1446 1013 880 133 3009 36 2973 157 2816 2798 135
is_linear=0
shrinkage=0.05


Tree=33
num_leaves=24
num_cat=0
split_feature=6 1 9 9 2 3 2 15 15 13 13 7 2 7 2 6 1 2 14 9 1 1 5
split_gain=821.922 166.263 168.281 208.561 102.767 83.4223 96.7071 74.0542 47.0057 27.0388 16.4872 14.006 12.6634 32.5286 9.23484 2.64419 1.90924 8.3139 1.43289 0.973863 1.19805 0.56783 0.424264
threshold=0.91780000000000006 0.90160000000000007 0.93475177304964552 0.10535714285714286 4.5000000000000009 1.0000000180025095e-35 1.5000000000000002 28.500000000000004 19.500000000000004 22.500000000000004 1.5000000000000002 0.84295000000000009 10.500000000000002 0.65645000000000009 3.5000000000000004 0.98650000000000004 0.8136500000000001 12.500000000000002 16.500000000000004 0.99975502204801581 0.94805000000000017 0.98915000000000008 0.78405000000000014
decision_type=2 2 2 2 2 2 2 2 2 2 2 2 2 2 2 2 2 2 2 2 2 2 2
left_child=1 2 3 4 -1 7 -7 -4 12 -5 -10 -12 14 -14 -3 18 17 22 -2 20 -18 -21 -17
right_child=15 8 5 9 -6 6 -8 -9 10 -11 11 -13 13 -15 -16 16 19 -19 -20 21 -22 -23 -24
leaf_value=0.010822429571255348 0.04394381311640054 0.037041505811670927 -0.033317768267154206 -0.037669441901376305 -0.0099238820644981674 0.066923499708973391 0.012308069371644328 0.030601729623075564 0.064430458274147201 0.039134130005521128 0.018238414790965038 -0.0082419414217362857 -0.020105434339680688 0.042324632885088531 0.057398098765005894 0.055235994869998528 0.051266064235776489 -0.010142395259200007 0.011975531933355259 0.053646955915892004 0.041227405912805701 0.046063878235912306 0.04637558213173279
leaf_weight=1179.9187297821045 8.364162400364874 101.51739211380482 176.37550666183233 468.32003453373909 1208.0660022050142 83.763646155595779 2504.4445474818349 60.979314535856247 17.295260384678841 11.746906727552412 366.09603825211525 57.822015002369881 27.086117818951607 90.843705117702484 123.47979068756104 21.878895252943039 196.11214564740658 6.4439098536968222 6.0338137894868842 804.65405781567097 35.029877975583076 25.468321308493614 35.322181329131126
leaf_count=4179 20 225 782 3912 6177 152 7763 214 29 69 866 196 81 186 232 55 512 17 16 2143 94 67 85
internal_value=0.0126744 0.00578634 0.00281359 -0.00571843 0.000327005 0.0114739 0.0140756 -0.0168961 0.0273714 -0.0357901 0.0165788 0.0146265 0.0412572 0.0279857 0.0482133 0.0518381 0.0521106 0.0436992 0.0305467 0.0526151 0.0497447 0.0534143 0.0497646
internal_weight=7617.06 6477.76 5693.61 2868.05 2387.98 2825.56 2588.21 237.355 784.14 480.067 441.213 423.918 342.927 117.93 224.997 1139.31 1124.91 63.645 14.398 1061.26 231.142 830.122 57.2011
internal_count=28072 25063 23248 14337 10356 8911 7915 996 1815 3981 1091 1062 724 267 457 3009 2973 157 36 2816 606 2210 140
is_linear=0
shrinkage=0.05


Tree=34
num_leaves=25
num_cat=0
split_feature=6 1 9 9 15 15 3 0 1 9 15 13 15 3 9 13 6 0 1 15 0 0 8 3
split_gain=780.757 152.452 131.924 151.651 87.8557 85.0434 82.5793 78.6207 97.0049 82.5408 57.4181 40.7262 37.1297 32.6114 27.649 19.1702 2.69656 3.9406 1.95511 4.87411 4.4078 1.07322 1.1132 0.735861
threshold=0.91780000000000006 0.79060000000000008 0.99005568379481257 0.10535714285714286 14.500000000000002 17.500000000000004 1.5000000000000002 0.56330000000000013 0.90160000000000007 0.8935439560439562 18.500000000000004 13.500000000000002 19.500000000000004 1.0000000180025095e-35 0.90399385560675893 4.5000000000000009 0.98650000000000004 0.90765000000000018 0.8136500000000001 29.500000000000004 0.74645000000000017 0.95550000000000013 1.0000000180025095e-35 4.5000000000000009
decision_type=2 2 2 2 2 2 2 2 2 2 2 2 2 2 2 2 2 2 2 2 2 2 2 2
left_child=1 2 3 4 -1 13 -7 10 9 -9 15 -12 -10 -4 -5 -3 17 -2 19 23 -21 22 -20 -18
right_child=16 7 5 14 -6 6 -8 8 12 -11 11 -13 -14 -15 -16 -17 18 -19 21 20 -22 -23 -24 -25
leaf_value=0.056072981515293066 0.0060761257923271656 0.073826998754502979 0.00053196822933640855 -0.040645317412692436 -0.0038071097491289697 -0.0099514856295494693 0.012622362165576835 -0.018995943383245215 0.040431592466112248 0.013838722235907777 0.014363279896694923 0.045749225436031542 0.013810087175205144 0.041254924719143472 -0.0081796434240779554 0.04004904606535821 0.047304892377719683 0.059143866350026823 0.048920901735380079 0.04554110266521031 -0.015151111096313369 0.032253422473396749 0.052920181229337497 0.065468278924850881
leaf_weight=63.401974506676197 7.941615939140318 78.569901198148727 61.035209685564041 352.62481144070625 1809.3246804028749 605.21301746368408 1225.4890521690249 363.84151401370764 243.95100873708725 403.84595999121666 404.40413159132004 138.84353601932526 282.82786433398724 252.72596190869808 80.562589220702648 90.259186863899231 43.473671481013298 6.2521659135818481 222.90402211248875 5.7782031595706922 6.2030517160892487 6.8976803123950949 793.08500628173351 6.396740347146987
leaf_count=154 20 139 221 3236 8331 2223 4066 1800 522 1077 1063 317 729 589 390 206 113 16 605 14 17 18 2193 13
internal_value=0.0121445 0.00551379 0.000354976 -0.00794682 -0.00177984 0.00928179 0.00515966 0.0169557 0.00961509 -0.0017231 0.0303 0.0223849 0.0261385 0.0333332 -0.0346075 0.0557687 0.051104 0.0294517 0.0513873 0.0427549 0.0141189 0.0519093 0.0520428 0.0496347
internal_weight=7555.85 6456.92 4450.38 2305.91 1872.73 2144.46 1830.7 2006.54 1294.47 767.687 712.077 543.248 526.779 313.761 433.187 168.829 1098.93 14.1938 1084.74 61.8517 11.9813 1022.89 1015.99 49.8704
internal_count=28072 25063 19210 12111 8485 7099 6289 5853 4128 2877 1725 1380 1251 810 3626 345 3009 36 2973 157 31 2816 2798 126
is_linear=0
shrinkage=0.05


Tree=35
num_leaves=24
num_cat=0
split_feature=7 14 4 5 3 0 4 2 5 2 9 7 3 15 15 5 0 0 2 9 2 0 15
split_gain=740.186 146.645 191.368 152.68 121.453 119.973 111.706 105.274 94.3216 66.8117 61.7824 31.3374 26.9616 59.1136 53.7866 21.9932 4.19614 1.3415 7.84802 1.41122 1.38811 1.34207 0.49255
threshold=0.99350000000000016 29.500000000000004 0.30165000000000003 0.52240000000000009 4.5000000000000009 0.48215000000000002 0.65265000000000006 1.5000000000000002 0.30265000000000003 8.5000000000000018 0.8935439560439562 0.53910000000000002 1.0000000180025095e-35 16.500000000000004 37.500000000000007 0.38760000000000006 0.5698000000000002 0.79060000000000008 12.500000000000002 0.99975502204801581 15.500000000000002 0.95550000000000013 32.500000000000007
decision_type=2 2 2 2 2 2 2 2 2 2 2 2 2 2 2 2 2 2 2 2 2 2 2
left_child=1 2 12 4 8 11 7 -4 -3 -6 -7 -5 14 -14 -1 -8 -2 18 22 20 -19 -21 -18
right_child=16 3 6 5 9 10 15 -9 -10 -11 -12 -13 13 -15 -16 -17 17 19 -20 21 -22 -23 -24
leaf_value=-0.050456294733900821 0.016485981112516788 0.015891905883753797 0.045144603582903266 0.14086382552201876 0.097725922269462209 -0.028198780471716485 0.061597877263556179 0.0089081388534630011 -0.020982899050306678 0.019214102063244438 0.0061575090638939147 -0.048207138793281507 0.097064250119288278 -0.017206683937385343 0.050105223032165649 0.032880243168725252 0.048414009108681044 0.042815557153482259 0.002607052808392784 0.052321578625931453 0.051094839405934116 0.029159199604571952 0.06140873552097173
leaf_weight=121.88428390026093 9.1494039446115476 271.45814675092697 213.69854375720024 2.2074094973504534 28.596693634986877 219.97157299518585 83.689089134335518 3229.0357527732849 480.16061777621508 516.72075996920466 323.00037186592817 305.24786516278982 11.79787030816078 278.04467825591564 14.925146222114561 327.8461289703846 94.691150352358818 90.656049065291882 9.8114285469055158 733.89860261231661 114.65640488266945 6.3076052218675605 7.9005819857120505
leaf_count=720 27 1067 552 9 85 1553 151 9887 2990 1964 1110 2839 28 1281 39 767 254 260 27 2109 319 17 17
internal_value=0.0116362 0.00523456 0.0105832 -0.00542826 0.00536787 -0.0218928 0.0141004 0.0111574 -0.00766502 0.0233313 -0.00776109 -0.0468497 -0.0211908 -0.0125554 -0.0394856 0.0387202 0.0502014 0.050493 0.045329 0.0511069 0.0474391 0.0521242 0.0494147
internal_weight=7495.36 6428.28 4280.92 2147.36 1296.94 850.427 3854.27 3442.73 751.619 545.317 542.972 307.455 426.652 289.843 136.809 411.535 1067.07 1057.92 112.403 945.519 205.312 740.206 102.592
internal_count=28072 25042 13425 11617 6106 5511 11357 10439 4057 2049 2663 2848 2068 1309 759 918 3030 3003 298 2705 579 2126 271
is_linear=0
shrinkage=0.05


Tree=36
num_leaves=27
num_cat=0
split_feature=6 14 4 6 0 3 4 5 2 9 2 4 13 7 7 5 0 2 8 0 2 0 2 14 3 14
split_gain=704.44 135.068 181.492 147.607 113.495 112.002 83.9391 83.9261 68.8539 66.6184 65.1256 60.3231 47.8191 29.3714 26.9601 18.6261 1.30748 6.07782 1.19397 1.35821 1.01728 2.44244 0.98524 0.917543 0.594388 0.475341
threshold=0.98650000000000004 27.500000000000004 0.38150000000000006 0.52110000000000012 0.45890000000000003 4.5000000000000009 0.65730000000000011 0.30265000000000003 1.5000000000000002 0.8935439560439562 8.5000000000000018 0.25675000000000009 17.500000000000004 0.52705000000000013 0.53000000000000014 0.38760000000000006 0.79060000000000008 12.500000000000002 1.0000000180025095e-35 0.95550000000000013 15.500000000000002 0.90160000000000007 21.500000000000004 43.500000000000007 1.5000000000000002 33.500000000000007
decision_type=2 2 2 2 2 2 2 2 2 2 2 2 2 2 2 2 2 2 2 2 2 2 2 2 2 2
left_child=1 2 11 5 13 7 8 -3 -4 -6 -7 14 -13 -5 -1 -8 17 24 20 22 23 -22 -20 -18 -2 -26
right_child=16 3 6 4 9 10 15 -9 -10 -11 -12 12 -14 -15 -16 -17 18 -19 19 -21 21 -23 -24 -25 25 -27
leaf_value=-0.034203923553030091 0.032677422467831084 0.012974723239922634 0.048431480782878879 0.13579260085984657 -0.027505926536528592 0.079806704695103009 0.060544407831761397 -0.017672956815781352 0.011887759479499438 0.0058747206527663288 0.017287965242714524 -0.0056531297727538399 0.028853678090811647 -0.046038212871878245 0.092388657917792383 0.033278862203905551 0.04127942737855559 0.0063379630618529918 0.050855801676092917 0.028242871047722013 0.055838781739692846 0.040228965495062274 0.05561337959175449 0.058133518984468641 0.05489709061135363 0.047028455934035422
leaf_weight=196.15663386136293 5.5924849808216086 368.78344389051199 136.42385590076447 2.2371916621923438 250.22767478227615 44.909729011356831 77.66225928068161 566.54492184519768 2336.2891419231892 371.18239285051823 574.84559978544712 756.04846773296595 115.77376330643892 305.05723718181252 4.2979172617197028 323.77080723643303 76.501210063695908 9.3961343020200712 567.84650171548128 6.1896872967481604 71.036836482584476 38.71742382645607 134.618158608675 9.0282371640205366 27.877092465758324 61.61395438015461
leaf_count=1060 16 1418 313 8 1781 117 143 3379 6607 1284 2153 2954 299 2834 10 739 227 25 1698 17 202 115 400 25 77 171
internal_value=0.0111418 0.00504853 0.0107975 -0.00408582 -0.0198585 0.0053337 0.0173468 -0.00558912 0.0139039 -0.00756691 0.0218183 -0.00675739 -0.00107079 -0.0447144 -0.0314897 0.0385537 0.049996 0.0447004 0.0506081 0.0515621 0.0471465 0.0503322 0.0517675 0.0430585 0.0484913 0.0494796
internal_weight=7438.63 6430.21 3946.42 2483.79 928.704 1555.08 2874.15 935.328 2472.71 621.41 619.755 1072.28 871.822 307.294 200.455 401.433 1008.42 104.48 903.938 708.654 195.284 109.754 702.465 85.5294 95.0835 89.491
internal_count=28072 25099 12125 12974 5907 7067 7802 4797 6920 3065 2270 4323 3253 2842 1070 882 2973 289 2684 2115 569 317 2098 252 264 248
is_linear=0
shrinkage=0.05


Tree=37
num_leaves=28
num_cat=0
split_feature=7 1 2 3 15 9 3 9 5 15 14 5 1 1 13 2 1 2 9 4 13 2 1 1 9 15 1
split_gain=666.858 132.548 138.782 440.013 135.83 132.988 99.4418 77.1618 72.0041 31.3695 29.1572 57.0143 26.7765 25.6932 16.0395 12.9728 2.37539 5.17548 2.71927 1.96799 1.8535 0.98845 2.67715 1.15714 1.09736 3.22575 1.61161
threshold=0.99350000000000016 0.84810000000000008 4.5000000000000009 1.5000000000000002 37.500000000000007 0.88282035995081432 2.5000000000000004 0.22029411764705883 0.51975000000000005 19.500000000000004 19.500000000000004 0.58205000000000007 0.98915000000000008 0.90550000000000008 1.5000000000000002 10.500000000000002 0.83600000000000019 12.500000000000002 0.99975502204801581 0.81305000000000016 10.500000000000002 15.500000000000002 0.98915000000000008 0.94805000000000017 0.99975502204801581 34.500000000000007 0.90550000000000008
decision_type=2 2 2 2 2 2 2 2 2 2 2 2 2 2 2 2 2 2 2 2 2 2 2 2 2 2 2
left_child=1 2 3 4 -1 7 -5 -4 -7 13 12 -12 -11 14 -3 -15 17 18 19 -2 -20 24 23 -23 26 -26 -18
right_child=16 9 5 6 -6 8 -8 -9 -10 10 11 -13 -14 15 -16 -17 21 -19 20 -21 -22 22 -24 -25 25 -27 -28
leaf_value=-0.010998116870407084 0.042462827869777245 0.055388537765825911 -0.013897139491824355 0.018806051810671194 0.045481328418113587 0.013438342954138241 0.049476838802749182 -0.050351345650126715 -0.011654879142566313 -0.0076550278094001736 0.042335215209961731 0.0049724136777978692 0.019684603101589728 0.044894015608232751 0.0006560310339501353 0.023900907866182472 0.055471616981380659 0.0067875231908489167 0.072023473690032355 0.001339406267050999 0.046127743367908418 0.053513195978510675 0.018219759508128461 0.048264504098268143 0.049748066768710533 0.0086816389192413881 0.039767102768940889
leaf_weight=1529.9270205870271 6.164631322026251 15.778333142399786 1075.3417737856507 523.89319584518671 114.41271459311247 788.34498121589422 533.29771882295609 167.81316160410643 448.5340822301805 218.68910038471222 196.35269343852997 212.72019371390343 151.67303727567196 209.63146771490574 88.272020220756531 113.39795242249966 20.82897624373436 9.8649995476007444 7.8647760003805152 5.5092285573482513 56.918545112013817 290.36413937062025 6.0815063565969458 164.49787160009146 344.02968502044678 4.8492631688714019 75.736597955226898
leaf_count=6291 17 37 6047 1633 276 2220 1136 1859 2278 652 444 796 347 452 307 267 60 27 16 17 165 888 19 510 1063 17 231
internal_value=0.0106715 0.00474689 0.00127147 0.00911171 -0.00706829 -0.00726899 0.0342779 -0.0188181 0.00433869 0.0196726 0.0137047 0.0229063 0.00354127 0.0305642 0.00895574 0.0375245 0.0487965 0.0408711 0.0452687 0.0230555 0.0492715 0.0495513 0.0511744 0.051615 0.0478716 0.0491773 0.0431545
internal_weight=7380.79 6388.08 5181.56 2701.53 1644.34 2480.03 1057.19 1243.15 1236.88 1206.51 779.435 409.073 370.362 427.08 104.05 323.029 992.71 86.3222 76.4572 11.6739 64.7833 906.388 460.944 454.862 445.445 348.879 96.5656
internal_count=28072 25042 21740 9336 6567 12404 2769 7906 4498 3302 2239 1240 999 1063 344 719 3030 242 215 34 181 2788 1417 1398 1371 1080 291
is_linear=0
shrinkage=0.05


Tree=38
num_leaves=28
num_cat=0
split_feature=6 1 9 9 15 15 3 9 15 3 14 7 15 3 1 1 1 8 1 14 4 14 14 4 1 14 15
split_gain=635.119 124.073 121.876 146.567 86.1634 70.0613 76.1978 41.9008 39.4009 25.566 17.0884 20.279 19.2681 8.85738 8.06897 2.21212 5.49251 1.13376 1.3756 4.31936 1.77997 0.842936 0.860834 0.737998 0.650445 4.91282 1.40338
threshold=0.98650000000000004 0.90160000000000007 0.98360215053763456 0.10535714285714286 39.500000000000007 17.500000000000004 1.5000000000000002 0.8935439560439562 19.500000000000004 1.0000000180025095e-35 15.500000000000002 0.84030000000000016 20.500000000000004 7.5000000000000009 0.9215500000000002 0.8136500000000001 0.80325000000000013 1.0000000180025095e-35 0.94805000000000017 39.500000000000007 0.81165000000000009 33.500000000000007 29.500000000000004 0.79775000000000007 0.98915000000000008 40.500000000000007 29.500000000000004
decision_type=2 2 2 2 2 2 2 2 2 2 2 2 2 2 2 2 2 2 2 2 2 2 2 2 2 2 2
left_child=1 2 3 4 -1 9 -7 -5 13 -4 12 -12 -10 14 -3 16 21 18 20 -20 -17 22 -2 -23 26 -26 -19
right_child=15 8 5 7 -6 6 -8 -9 10 -11 11 -13 -14 -15 -16 17 -18 24 19 -21 -22 23 -24 -25 25 -27 -28
leaf_value=-0.0015016172428400857 0.038940361622941039 0.025025415618300823 1.2676790608867076e-06 -0.036731251125114293 0.059625017762837532 -0.0086522251935876506 0.011713350502481271 -0.00030670110486872649 -0.043084954063825787 0.035390104349437318 0.026513944034954273 -0.0063957712853959878 0.0073863174793450436 -0.014168147862088171 0.042856222269096148 0.042564916600589885 -0.0093483373703596353 0.049460460630662222 0.052091821773889213 0.013516197380677886 0.052957203944824394 0.024233138724148957 0.05769056672277726 0.043205164489812653 0.054754836352646531 -0.0017285977563856109 0.055556694708220049
leaf_weight=2304.7042216956615 10.020714938640596 87.473961681127548 60.949776917695999 406.57957338169217 59.129431441426277 622.74855104088783 1749.8454226702452 97.981051832437515 22.801076039671898 313.73829364776611 245.37003697454929 57.845334857702255 110.80879148840904 8.3633511960506421 230.9985146522522 83.508332818746567 5.3185639381408683 551.87092763185501 17.427489548921589 12.433957435190676 81.333079531788826 7.3949507772922543 15.730866223573683 16.705253452062607 16.655546709895138 5.0070190653204909 113.88580431044102
leaf_count=10225 29 198 221 3740 138 2281 5452 469 74 734 552 197 273 23 522 262 14 1783 51 43 250 24 46 44 49 18 360
internal_value=0.0102325 0.00458581 0.00201441 -0.00519434 2.74172e-05 0.00954096 0.00636788 -0.0296579 0.0234949 0.0296335 0.013671 0.0202357 -0.00122681 0.0366248 0.0379587 0.0486644 0.0389515 0.0492719 0.0459037 0.0360294 0.0476925 0.0441045 0.0503943 0.0373838 0.0502259 0.0416994 0.0505033
internal_weight=7316.63 6379.34 5615.68 2868.39 2363.83 2747.28 2372.59 504.561 763.661 374.688 436.825 303.215 133.61 326.836 318.472 937.293 55.1703 882.122 194.703 29.8614 164.841 49.8518 25.7516 24.1002 687.419 21.6626 665.757
internal_count=28072 25099 23260 14572 10363 8688 7733 4209 1839 955 1096 749 347 743 720 2973 157 2816 606 94 512 143 75 68 2210 67 2143
is_linear=0
shrinkage=0.05


Tree=39
num_leaves=31
num_cat=0
split_feature=0 9 9 15 15 15 9 4 9 1 15 4 5 14 5 4 0 14 14 14 14 9 5 13 2 5 14 4 13 4
split_gain=541.14 114.5 161.955 74.5689 75.5666 64.6892 66.3303 43.0422 40.0396 47.2709 32.8317 31.929 28.6806 34.4964 26.9544 22.4807 20.7626 25.3507 20.2934 13.1412 10.1511 5.18205 4.27026 3.2204 9.72972 2.72752 2.03009 2.02648 1.67648 7.2255
threshold=0.79060000000000008 0.99005568379481257 0.050641025641025607 39.500000000000007 18.500000000000004 17.500000000000004 0.99635195974576296 0.76830000000000009 0.8935439560439562 0.74130000000000018 37.500000000000007 0.24590000000000004 0.74850000000000005 29.500000000000004 0.60500000000000009 0.32860000000000006 0.8136500000000001 16.500000000000004 11.500000000000002 36.500000000000007 23.500000000000004 0.99975502204801581 0.30265000000000003 11.500000000000002 14.500000000000002 0.27075000000000005 37.500000000000007 0.83825000000000005 8.5000000000000018 0.77850000000000008
decision_type=2 2 2 2 2 2 2 2 2 2 2 2 2 2 2 2 2 2 2 2 2 2 2 2 2 2 2 2 2 2
left_child=1 2 3 4 -1 15 25 -8 10 -10 -4 -5 13 16 26 20 17 -2 -17 -16 -3 23 -18 24 -14 -7 -15 -25 29 -23
right_child=12 5 8 11 -6 6 7 -9 9 -11 -12 -13 21 14 19 18 22 -19 -20 -21 -22 28 -24 27 -26 -27 -28 -29 -30 -31
leaf_value=0.016317239597129062 -0.10241518577621339 -0.066380085410531961 -0.035545251952228261 -0.039140486630374227 -0.0037748043208534498 0.11395446517813002 0.0056211786756193488 0.034787520702814094 -0.024304950031566869 0.042447037007248375 0.035130496298875012 0.072639683354776677 0.048506857199082432 0.038465065077669329 0.002772875273802251 0.079858619232743067 0.072935135618308652 0.023892565981850782 0.028373243432730795 -0.04374186267780529 0.026747917980544864 0.004656166443311619 0.042289063885928374 0.038625986289624013 -0.023255365719848622 0.078628943468405155 0.069515436595485397 0.051694688622866851 0.049481097804944099 0.053138055256023588
leaf_weight=629.05635252594948 5.3196292668581036 8.8081103265285474 452.96454299241304 7.3047804236412039 1827.5207919478416 8.7949599027633685 2449.5722894519567 133.38184027373791 72.897033780813217 41.689848095178604 17.050598744302988 50.926980495452881 12.011278033256533 15.168183438479902 44.144204646348953 20.110568836331367 12.069015413522719 15.687764093279837 396.3031040802598 23.14565996825695 4.3818040341138831 11.037384554743765 195.41447710990906 130.11622855812311 7.7845313623547545 14.428789824247358 8.0619571357965452 38.422565758228302 584.48083715885878 25.302979908883572
leaf_count=2016 21 50 4106 28 8216 12 7834 424 414 106 127 102 29 34 173 35 19 40 995 94 14 32 496 436 33 26 15 123 1957 65
internal_value=0.00979754 0.00394521 -0.00281491 0.00269577 0.00137017 0.010847 0.00788367 0.00712731 -0.0265204 -1.87477e-05 -0.0329814 0.0586176 0.0416236 0.0289269 0.00280433 0.0288241 0.0392758 -0.00809191 0.0308597 -0.0132268 -0.0354422 0.0466293 0.0440717 0.0393646 0.020287 0.0920069 0.049241 0.0416053 0.0488332 0.038413
internal_weight=7263.36 6135.19 3099.41 2514.81 2456.58 3035.78 2606.18 2582.95 584.602 114.587 470.015 58.2318 1128.17 319.011 90.52 429.604 228.491 21.0074 416.414 67.2899 13.1899 809.156 207.483 188.335 19.7958 23.2237 23.2301 168.539 620.821 36.3404
internal_count=28072 24505 15115 10362 10232 9390 8296 8258 4753 520 4233 130 3567 892 316 1094 576 61 1030 267 64 2675 515 621 62 38 49 559 2054 97
is_linear=0
shrinkage=0.05


Tree=40
num_leaves=26
num_cat=0
split_feature=6 7 2 1 5 9 2 0 1 2 0 7 0 7 15 1 1 2 0 2 0 5 5 1 5
split_gain=574.432 117.082 109.379 202.11 86.1728 71.9323 64.825 69.5334 32.912 47.3523 38.8274 22.2186 17.5979 18.8256 8.55784 7.37391 2.2801 7.3477 1.2326 1.37057 1.56965 0.557857 1.16985 0.53764 0.460101
threshold=0.98650000000000004 0.36490000000000006 4.5000000000000009 0.63245000000000007 0.34180000000000005 0.86736111111111125 1.5000000000000002 0.23465000000000005 0.33810000000000001 2.5000000000000004 0.053100000000000008 0.43560000000000004 0.18255000000000002 0.31665000000000004 27.500000000000004 0.59730000000000005 0.8136500000000001 12.500000000000002 0.95550000000000013 21.500000000000004 0.91045000000000009 0.78405000000000014 0.79775000000000007 0.9436500000000001 0.76830000000000009
decision_type=2 2 2 2 2 2 2 2 2 2 2 2 2 2 2 2 2 2 2 2 2 2 2 2 2
left_child=1 8 6 4 -4 -5 11 -8 9 10 -1 -3 15 -14 -11 -10 17 21 19 20 -18 24 -23 -21 -2
right_child=16 2 3 5 -6 -7 7 -9 12 14 -12 -13 13 -15 -16 -17 18 -19 -20 23 -22 22 -24 -25 -26
leaf_value=-0.027588788992555669 0.039781214179956774 0.012231886533183719 0.0043188529023021676 -0.0019177741048962043 -0.032750916187523155 0.014716573735583422 0.0043304411905200511 0.022504924380319993 -0.039595395298378057 -0.064075988427920672 0.025147217229923965 0.045392741421650847 -0.066394865658855481 -0.0082539958551247853 -0.02706348354067975 -0.067996431158104831 0.047734345605966948 -0.013340254726032173 0.025365523783930057 0.055457942510954386 0.035772324272633257 0.022309960539236451 0.045681405908698486 0.049610750328083951 0.057082110345227935
leaf_weight=52.014403194189072 5.7643129825592068 67.385413840413094 218.34831114113331 1240.413922816515 555.91913240402937 1365.1977155916393 1408.0200218968093 840.37561897188425 97.009343177080154 27.894764505326748 106.09703548997641 201.74399523437023 16.773687392473221 81.916489511728287 35.483205541968346 29.898038968443871 627.96880389004946 6.301894173026084 5.9442867189645758 75.287416063249111 28.676596499979496 7.0866678357124355 21.902205318212509 82.274700500071049 11.528591036796568
leaf_count=279 19 258 959 5640 4474 3772 4811 2340 534 179 458 534 105 373 215 168 2155 17 18 259 100 24 61 284 36
internal_value=0.00937104 0.00413929 0.00600947 0.000132653 -0.022297 0.00679771 0.0138993 0.0111235 -0.0205297 -0.00683849 0.00779849 0.0370898 -0.0339716 -0.0181358 -0.0433539 -0.0462864 0.0474041 0.0373109 0.0480512 0.0482168 0.0472119 0.0442078 0.039968 0.0524047 0.0513151
internal_weight=7217.23 6344.49 5897.4 3379.88 774.267 2605.61 2517.53 2248.4 447.087 221.489 158.111 269.129 225.598 98.6902 63.378 126.907 872.735 52.5837 820.152 814.208 656.645 46.2818 28.9889 157.562 17.2929
internal_count=28072 25099 22788 14845 5433 9412 7943 7151 2311 1131 737 792 1180 478 394 702 2973 157 2816 2798 2255 140 85 543 55
is_linear=0
shrinkage=0.05


Tree=41
num_leaves=27
num_cat=0
split_feature=6 7 14 6 0 0 7 15 13 2 3 15 0 7 13 15 0 2 9 0 2 2 0 14 3 14
split_gain=544.789 106.579 123.918 147.669 100.047 81.7315 80.1774 63.8625 54.3731 29.1928 55.1165 31.6092 25.5768 16.9119 4.40212 3.76872 1.41587 5.69449 1.38799 1.54382 1.16591 1.11872 2.80383 1.01679 0.665713 0.550436
threshold=0.98650000000000004 0.36490000000000006 29.500000000000004 0.52110000000000012 0.48215000000000002 0.6120000000000001 0.61415000000000008 36.500000000000007 6.5000000000000009 2.5000000000000004 2.5000000000000004 21.500000000000004 0.17975000000000002 0.31665000000000004 14.500000000000002 30.500000000000004 0.79060000000000008 12.500000000000002 0.99975502204801581 0.95550000000000013 21.500000000000004 15.500000000000002 0.90160000000000007 43.500000000000007 1.5000000000000002 33.500000000000007
decision_type=2 2 2 2 2 2 2 2 2 2 2 2 2 2 2 2 2 2 2 2 2 2 2 2 2 2
left_child=1 9 6 5 -5 -4 7 -3 -8 10 11 -1 14 -14 -11 -12 17 24 21 20 -20 23 -23 -18 -2 -26
right_child=16 2 3 4 -6 -7 8 -9 -10 12 15 -13 13 -15 -16 -17 18 -19 19 -21 -22 22 -24 -25 25 -27
leaf_value=-0.050803434354431458 0.027134976949067153 0.0035299802665056407 0.0020964248859570681 -0.04455882085377421 -0.0079637826097859292 0.04281521390597768 0.027529110209604482 0.034593631218431981 0.0059443315718067102 -0.04430019407221121 0.096066829141258039 -0.0052235560564930913 -0.065158436059895866 -0.003866888091209374 -0.06773308688713052 0.050474112563017919 0.036797664778723198 0.0032270744774802736 0.047782738592742915 0.022154136323177052 0.053494793015161836 0.053636059833582918 0.035408038164592738 0.056294334923747441 0.052538331052894162 0.043354446936618177
leaf_weight=48.341440990567207 4.8807828724384299 2400.9166524559259 993.3340108692646 286.01692280173302 538.21552618592978 140.69124282896519 923.60671176016331 177.70131680369377 426.48674501478672 85.696951441466808 9.9596288800239581 178.44495224952698 13.338310390710829 72.045109108090401 26.160815961658955 8.3180078715085966 65.34283933788538 9.0473768413066846 470.46243470907211 5.4594435393810263 110.27423679828644 58.789866872131824 32.904276520013809 7.4496775269508353 23.565764576196671 53.028145968914032
leaf_count=306 16 7867 5037 2875 2679 355 2266 402 1307 506 15 894 90 326 157 17 227 25 1698 17 400 202 115 25 77 171
internal_value=0.00896351 0.00393911 0.00571757 -0.00455744 -0.0206626 0.00714814 0.0108391 0.00567068 0.0207106 -0.0197317 -0.00820763 -0.0149393 -0.0340499 -0.0134416 -0.0497806 0.0753179 0.0467674 0.0408602 0.0474797 0.0486186 0.0488674 0.043421 0.047095 0.038793 0.0450392 0.0461801
internal_weight=7170.48 6329.27 5886.97 1958.26 824.232 1134.03 3928.71 2578.62 1350.09 442.305 245.064 226.786 197.241 85.3834 111.858 18.2776 841.205 90.5221 750.683 586.196 580.737 164.487 91.6941 72.7925 81.4747 76.5939
internal_count=28072 25099 22788 10946 5554 5392 11842 8269 3573 2311 1232 1200 1079 416 663 32 2973 289 2684 2115 2098 569 317 252 264 248
is_linear=0
shrinkage=0.05


Tree=42
num_leaves=21
num_cat=0
split_feature=7 4 14 5 1 1 3 1 0 7 13 0 0 1 1 14 9 1 0 3
split_gain=512.625 103.118 105.55 128.276 137.91 122.713 109.826 89.5142 85.5566 40.8815 16.1467 13.4172 4.59098 10.0381 1.90642 5.82385 1.42871 1.95489 1.499 0.764663
threshold=0.99350000000000016 0.23015000000000005 29.500000000000004 0.52240000000000009 0.8136500000000001 0.69335000000000013 1.0000000180025095e-35 0.18350000000000002 0.28280000000000005 0.52110000000000012 29.500000000000004 0.075950000000000004 0.59320000000000006 0.66145000000000009 0.8136500000000001 41.500000000000007 0.99975502204801581 0.94805000000000017 0.95550000000000013 4.5000000000000009
decision_type=2 2 2 2 2 2 2 2 2 2 2 2 2 2 2 2 2 2 2 2
left_child=1 9 6 5 -5 -4 8 -8 -3 10 11 -1 13 -2 15 19 17 -16 -18 -14
right_child=12 2 3 4 -6 -7 7 -9 -10 -11 -12 -13 14 -15 16 -17 18 -19 -20 -21
leaf_value=-0.061494034081888985 0.065628412977188452 -0.028177963461159184 -0.0060911118704626097 -0.038463193344963953 0.003204149330145819 0.026822756508152391 0.083433820426000102 0.011096133357996772 0.04092204200007496 0.11390272911617046 0.078070408242681674 -0.030717211342800827 0.042381578265528144 -0.03354423189582325 0.044959328614908228 0.0025323496474853749 0.047910172309381348 0.030995553141892292 0.021385932661799754 0.062839582203337283
leaf_weight=50.509943149983883 4.7422318309545499 291.69422577321529 795.27111341431737 448.72545687481761 356.23757524043322 439.79279590398073 43.268441803753376 3685.9967801012099 52.923278711736202 4.5530757606029502 2.9503435567021361 118.47371098399162 32.135207988321781 5.5235686153173447 143.93737295269966 10.114448413252829 593.04116230458021 30.349186934530735 5.3749650567769995 5.3243265748023978
leaf_count=322 11 1271 4521 4089 1422 1365 85 11145 146 9 10 657 106 21 513 30 2213 106 17 13
internal_value=0.00857788 0.00370324 0.0047909 -0.00449288 -0.0200232 0.00562916 0.00943983 0.0119354 -0.0175662 -0.0339759 -0.0378919 -0.0399165 0.0454977 0.012268 0.0459135 0.036199 0.0465116 0.0425278 0.0476719 0.0452894
internal_weight=7120.94 6290.4 6113.91 2040.03 804.963 1235.06 4073.88 3729.27 344.618 176.487 171.934 168.984 830.542 10.2658 820.277 47.574 772.703 174.287 598.416 37.4595
internal_count=28072 25042 24044 11397 5511 5886 12647 11230 1417 998 989 979 3030 32 2998 149 2849 619 2230 119
is_linear=0
shrinkage=0.05


Tree=43
num_leaves=24
num_cat=0
split_feature=6 4 2 9 9 3 3 4 7 14 0 2 7 0 2 9 0 2 2 0 14 3 14
split_gain=489.384 94.883 113.895 87.1941 171.253 62.6456 60.6915 51.4356 36.7383 20.628 12.6365 20.6349 2.02856 1.49883 5.6007 1.45317 1.54232 1.24932 1.18148 2.88372 1.05972 0.689105 0.568137
threshold=0.98650000000000004 0.23015000000000005 1.5000000000000002 0.99005568379481257 0.050641025641025607 1.0000000180025095e-35 1.0000000180025095e-35 0.30665000000000003 0.52110000000000012 14.500000000000002 0.063150000000000012 1.5000000000000002 0.41105000000000008 0.79060000000000008 12.500000000000002 0.99975502204801581 0.95550000000000013 21.500000000000004 15.500000000000002 0.90160000000000007 43.500000000000007 1.5000000000000002 33.500000000000007
decision_type=2 2 2 2 2 2 2 2 2 2 2 2 2 2 2 2 2 2 2 2 2 2 2
left_child=1 8 5 4 -4 7 -5 -3 10 -7 12 -12 -1 14 21 18 17 -17 20 -20 -15 -2 -23
right_child=13 2 3 6 -6 9 -8 -9 -10 -11 11 -13 -14 15 -16 16 -18 -19 19 -21 -22 22 -24
leaf_value=-0.063399777407717794 0.024933492821018963 -0.059023935726886481 0.002667362797684739 -0.01983493187790426 -0.028754297884376796 0.025344636605355204 0.010864793215368486 0.024651205187888884 0.10534189467390023 0.058568285347031207 0.021561118338421916 -0.036994022222314508 -0.014678376083216236 0.034993942104472875 0.0016940132352303234 0.046591652220413213 0.020635382675494068 0.052746983149076679 0.052848717698056637 0.033773814439192175 0.055688237193654337 0.051560066960033284 0.041887342076852824
leaf_weight=39.195114739239216 4.6310218423604956 27.088016659021378 2337.1647887676954 170.90606521815062 532.41166783869267 67.242965072393417 2774.7324233725667 57.037866696715355 4.673590585589408 153.07709290087223 17.442002609372139 109.51509681344032 2.259590968489646 61.380467765033245 8.8912009596824628 435.98566934466362 5.2940395921468726 101.65591183304787 54.388875871896744 31.16845229268074 6.8796476125717154 21.832758389413357 49.825910046696663
leaf_count=260 16 165 9601 714 4488 192 8345 207 9 389 93 627 9 227 25 1698 17 400 202 115 25 77 171
internal_value=0.00820443 0.00356882 0.00460137 0.00304063 -0.00316251 0.0344131 0.00908359 -0.00229168 -0.0329383 0.0484282 -0.0367757 -0.0289494 -0.0607441 0.0455102 0.0392494 0.0462756 0.047491 0.0477555 0.0419856 0.0458997 0.0370796 0.0436264 0.0448344
internal_weight=7074.68 6292.75 6119.66 5815.21 2869.58 304.446 2945.64 84.1259 173.085 220.32 168.412 126.957 41.4547 781.934 85.1809 696.753 542.936 537.642 153.817 85.5573 68.2601 76.2897 71.6587
internal_count=28072 25099 24101 23148 14089 953 9059 372 998 581 989 720 269 2973 289 2684 2115 2098 569 317 252 264 248
is_linear=0
shrinkage=0.05


Tree=44
num_leaves=26
num_cat=0
split_feature=6 1 7 3 7 13 0 13 15 14 7 0 3 0 3 1 14 8 0 1 14 15 3 3 14
split_gain=463.49 96.7197 87.6742 105.742 76.6639 74.6853 45.15 37.9162 35.0038 17.3636 35.1033 25.6814 15.2908 13.4348 8.80928 2.48497 5.33301 1.30442 1.52254 1.50074 4.90311 2.01899 1.15518 0.882835 1.0408
threshold=0.98650000000000004 0.90160000000000007 0.79210000000000014 7.5000000000000009 0.36490000000000006 6.5000000000000009 0.32390000000000002 20.500000000000004 19.500000000000004 20.500000000000004 0.81015000000000004 0.29220000000000007 2.5000000000000004 0.23000000000000001 7.5000000000000009 0.8136500000000001 41.500000000000007 1.0000000180025095e-35 0.95550000000000013 0.94805000000000017 39.500000000000007 25.500000000000004 10.500000000000002 4.5000000000000009 33.500000000000007
decision_type=2 2 2 2 2 2 2 2 2 2 2 2 2 2 2 2 2 2 2 2 2 2 2 2 2
left_child=1 2 3 4 -1 12 -5 -7 13 11 -11 -10 -4 -3 -15 16 23 19 22 21 -21 -17 -19 24 -2
right_child=15 8 5 6 -6 7 -8 -9 9 10 -12 -13 -14 14 -16 17 -18 18 -20 20 -22 -23 -24 -25 -26
leaf_value=-0.018578125712203148 0.046397520610150615 -0.040010635149211604 -0.011211620173918364 0.12387722708461452 0.0036237447977565105 -0.029845832779183741 0.032641758012872488 0.11547723319988537 0.032734233999681339 0.042599480005859697 -0.0062308707230482249 -0.0045216484969391761 0.033789952465622136 0.036141652032529392 -0.016170225597251172 0.037815003037583783 0.00123532323807211 0.04613596007193866 0.01990247954175943 0.049309054471456081 0.0046697734846200449 0.050091793743132454 0.052906677982501926 0.061984372198721861 0.027813955751929881
leaf_weight=426.26895106583834 20.079029701650143 6.1373988389968863 26.153968945145607 14.697451077401636 4426.1585560292006 399.72027830779552 175.26828924939036 4.5394218489527693 59.023153081536293 98.701406359672546 58.690296575427055 213.84483586251736 67.83459659293294 294.45459640026093 8.2739917039871198 69.280369758605957 9.9400527924299222 469.51395823806524 5.2165523618459693 14.563161149621012 10.649980813264845 64.824652098119259 72.759740516543388 5.0128837823867789 12.059573352336882
leaf_count=2301 71 19 83 30 17090 2967 589 8 125 206 200 565 192 701 23 264 30 1896 17 51 43 248 297 13 43
internal_value=0.00784247 0.00339529 0.0011289 0.00310601 0.00167339 -0.0188799 0.0397006 -0.028214 0.0203846 0.0111655 0.024391 0.00353705 0.0212675 0.0332271 0.0347119 0.0448861 0.0337649 0.0456271 0.0467858 0.0416453 0.0304535 0.0437494 0.0470444 0.0424683 0.0394243
internal_weight=7033.67 6279.77 5540.64 5042.39 4852.43 498.248 189.966 404.26 739.126 430.26 157.392 272.868 93.9886 308.866 302.729 753.9 47.0915 706.808 547.49 159.318 25.2131 134.105 542.274 37.1515 32.1386
internal_count=28072 25099 23260 20010 19391 3250 619 2975 1839 1096 406 690 275 743 724 2973 157 2816 2210 606 94 512 2193 127 114
is_linear=0
shrinkage=0.05


Tree=45
num_leaves=28
num_cat=0
split_feature=6 1 2 3 0 9 9 5 0 0 14 13 13 3 14 4 1 2 8 0 1 14 2 2 4 4 4
split_gain=438.691 89.4044 136.043 376.341 123.575 92.8008 55.5165 50.1521 38.1774 56.4494 70.7623 33.9169 44.8725 23.9467 11.5493 9.90706 2.52265 6.62114 1.33244 1.51836 1.49251 4.7374 3.10187 1.38968 0.590394 1.29248 0.537764
threshold=0.98650000000000004 0.82480000000000009 4.5000000000000009 2.5000000000000004 0.23465000000000005 0.8935439560439562 0.10005512679162072 0.46845000000000009 0.62680000000000013 0.8651500000000002 19.500000000000004 5.5000000000000009 13.500000000000002 4.5000000000000009 35.500000000000007 0.65730000000000011 0.8136500000000001 12.500000000000002 1.0000000180025095e-35 0.95550000000000013 0.94805000000000017 39.500000000000007 15.500000000000002 21.500000000000004 0.78405000000000014 0.79775000000000007 0.76830000000000009
decision_type=2 2 2 2 2 2 2 2 2 2 2 2 2 2 2 2 2 2 2 2 2 2 2 2 2 2 2
left_child=1 2 3 4 -1 6 -4 -7 11 10 -10 15 -13 -5 -11 -3 17 24 20 23 22 -22 -18 -20 26 -26 -2
right_child=16 8 5 13 -6 7 -8 -9 9 14 -12 12 -14 -15 -16 -17 18 -19 19 -21 21 -23 -24 -25 25 -27 -28
leaf_value=-0.0097977327889230484 0.034992435223575646 0.033468485938486968 -0.014438588740774356 0.040436930311000097 0.016197517582145844 0.010795746735406963 -0.043601913074525891 -0.011066059555308152 -0.016290249269104096 0.048143857949898443 0.014612631940852262 0.0014944158494070514 0.036326000774617978 0.067698237173719575 0.0029096496434929398 0.057954670466500491 0.0361043628170492 -0.015063505302639488 0.045285243034253686 0.019187225382641768 0.048741068622217276 0.0044528204937111394 0.051664322615771557 0.05201681558920123 0.015995402849994417 0.04226005852997855 0.055492573302540073
leaf_weight=1485.1347500421107 4.8332305699586859 140.65094619989395 863.5641860999167 418.30054058134556 660.49906387925148 582.51030451804399 201.21083508431911 477.28066159784794 300.08066772669554 92.150411814451218 484.06160283088684 233.91290332376957 152.90760460495949 99.767926320433617 16.662796318531036 58.485934421420097 71.408443450927734 6.2161667495965949 428.44685756415129 5.1423883363604537 14.010269641876222 10.611444592475889 58.080459363758564 93.379640407860279 6.1933519393205669 19.220608286559582 9.4612574428319913
leaf_count=6302 19 323 5002 965 1907 1613 2397 2415 973 216 1655 638 357 172 48 116 279 17 1793 17 51 43 233 400 24 61 36
internal_value=0.00749647 0.00323153 -8.73831e-05 0.00743942 -0.00179551 -0.00952421 -0.0199496 0.000950204 0.0139771 0.00746956 0.00278652 0.0238942 0.0152631 0.0456868 0.041217 0.04066 0.0442626 0.0329202 0.0450274 0.0462234 0.0409379 0.0296538 0.0430836 0.0464898 0.0404318 0.0358594 0.0485611
internal_weight=6994.19 6267.18 4788.27 2663.7 2145.63 2124.57 1064.78 1059.79 1478.91 892.955 784.142 585.957 386.821 518.068 108.813 199.137 727.004 45.9246 681.08 526.969 154.111 24.6217 129.489 521.826 39.7084 25.414 14.2945
internal_count=28072 25099 20773 9346 8209 11427 7399 4028 4326 2892 2628 1434 995 1137 264 439 2973 157 2816 2210 606 94 512 2193 140 85 55
is_linear=0
shrinkage=0.05


Tree=46
num_leaves=27
num_cat=0
split_feature=6 1 9 9 9 15 3 15 15 15 14 4 0 0 14 0 1 14 8 0 1 4 4 3 3 14
split_gain=414.801 83.0642 78.2799 133.196 100.747 55.7107 59.2783 43.5001 32.6355 20.8394 14.9678 31.5723 22.3883 8.94804 22.3522 9.02425 2.53569 5.06212 1.35859 1.513 1.48377 1.63957 1.39628 1.21834 0.905149 1.0263
threshold=0.98650000000000004 0.90160000000000007 0.92893217893217905 0.20060362173038235 0.19836704593341761 17.500000000000004 1.5000000000000002 37.500000000000007 19.500000000000004 15.500000000000002 20.500000000000004 0.65415000000000012 0.29220000000000007 0.23465000000000005 13.500000000000002 0.71200000000000008 0.8136500000000001 41.500000000000007 1.0000000180025095e-35 0.95550000000000013 0.92725000000000002 0.74650000000000005 0.83825000000000005 10.500000000000002 4.5000000000000009 33.500000000000007
decision_type=2 2 2 2 2 2 2 2 2 2 2 2 2 2 2 2 2 2 2 2 2 2 2 2 2 2
left_child=1 2 3 4 -1 9 -7 -5 13 -4 12 -12 -10 14 -3 -15 17 24 20 23 21 -18 -22 -20 25 -2
right_child=16 8 5 7 -6 6 -8 -9 10 -11 11 -13 -14 15 -16 -17 18 -19 19 -21 22 -23 -24 -25 -26 -27
leaf_value=-0.0022249290104992031 0.045091473537927182 -0.079900734196018189 0.0025031104621541372 -0.040317643569206391 0.098407546371453575 -0.0091517906683616628 0.0087629772163966453 0.070050528577601287 0.030465536926461763 0.030929970167157178 0.044484888591492515 -0.00052656815092610271 -0.004497286855939032 0.045039738918796146 0.064132993864180296 0.026643890918376892 0.027910960799086549 0.00036553153313615734 0.044973208807000585 0.018489612856288515 0.032017795622840718 0.049077457944138619 0.047450222494693217 0.052228220189299117 0.061354706314758457 0.02612481729774236
leaf_weight=2420.3435016907752 18.671372771263126 5.8020041733980161 82.42971870303154 284.07761037349701 25.129431936889887 624.66061181947589 1770.6293038129807 9.2174356840550882 58.288390025496483 295.9315327256918 79.529656127095222 76.36787174642086 213.49933613836765 104.09746596217155 5.0277062654495239 185.40761870890856 10.895802080631254 9.7975467890501005 435.46283903717995 5.0714328810572615 61.945516958832741 57.065601877868176 19.199770331382751 66.735737882554531 4.7365538328886023 11.540998399257658
leaf_count=11104 71 21 229 3005 130 2318 5655 76 125 743 163 243 565 237 10 475 45 30 1896 17 254 230 77 297 13 43
internal_value=0.0071799 0.00308304 0.00098666 -0.00500949 -0.00119084 0.0069074 0.00409104 -0.0368491 0.0189564 0.0247369 0.0100852 0.0224356 0.00300094 0.0315893 -0.0130329 0.0332585 0.0436445 0.0321281 0.0444296 0.0456629 0.0402339 0.045684 0.0356693 0.0459373 0.0410323 0.0378463
internal_weight=6941.56 6240.44 5512.42 2738.77 2445.47 2773.65 2395.29 293.295 728.02 378.361 427.685 155.898 271.788 300.335 10.8297 289.505 701.123 44.7465 656.377 507.27 149.107 67.9614 81.1453 502.199 34.9489 30.2124
internal_count=28072 25099 23260 14315 11234 8945 7973 3081 1839 972 1096 406 690 743 31 712 2973 157 2816 2210 606 275 331 2193 127 114
is_linear=0
shrinkage=0.05


Tree=47
num_leaves=25
num_cat=0
split_feature=6 4 2 1 6 15 7 15 4 0 1 0 1 2 7 8 1 14 2 0 2 4 4 4
split_gain=392.144 79.7762 105.346 100.548 105.67 60.1039 32.3268 22.4069 37.8963 12.5165 19.715 4.47088 2.56479 6.25812 2.00992 1.38608 1.51031 4.74777 3.2348 1.50635 1.47008 0.592515 1.28112 0.565695
threshold=0.98650000000000004 0.23015000000000005 1.5000000000000002 0.70185000000000008 0.37885000000000008 18.500000000000004 0.52110000000000012 36.500000000000007 0.35930000000000001 0.063150000000000012 0.18900000000000003 0.042600000000000006 0.8136500000000001 12.500000000000002 0.41105000000000008 1.0000000180025095e-35 0.94805000000000017 39.500000000000007 15.500000000000002 0.95550000000000013 21.500000000000004 0.78405000000000014 0.79775000000000007 0.76830000000000009
decision_type=2 2 2 2 2 2 2 2 2 2 2 2 2 2 2 2 2 2 2 2 2 2 2 2
left_child=1 6 7 4 -4 -5 9 8 -3 14 -11 -9 13 21 -1 16 18 -18 -14 20 -17 23 -23 -2
right_child=12 2 3 5 -6 -7 -8 11 -10 10 -12 -13 15 -15 -16 19 17 -19 -20 -21 -22 22 -24 -25
leaf_value=-0.06229169256468281 0.033181048847621943 0.0013523662466015031 0.0036086844046676657 0.021694312066296743 -0.015983502060415416 0.0048700422521822176 0.097790465235004398 0.052973248769498077 0.0413589090444842 0.050137791638907581 -0.032252852707127126 0.0868716872249259 0.03446461651097147 -0.015232117588214895 -0.013532816966478537 0.044105046469759795 0.047805434205020932 0.0024105003210640385 0.050923012939531088 0.017809636335643805 0.051323381643491817 0.014264879259366104 0.040933624067341239 0.054963056757301454
leaf_weight=36.971303924918175 4.5321301519870749 90.81297342479229 1709.6847310438752 700.08824107050896 1151.9138673879206 2195.9371824376285 4.7234494537115088 22.184400394558907 170.00753109157085 7.7483927011489859 115.36376998946071 17.321684420108795 67.210325509309769 6.1993259042501441 2.24170097708702 397.62315113842487 13.133098945021631 10.259491696953772 53.714550048112869 5.003572240471839 85.746067516505718 5.9783113375306156 18.250927902758121 8.7078731507062894
leaf_count=260 19 429 6465 2032 7217 7434 9 51 440 35 685 33 279 17 9 1793 51 43 233 17 400 24 61 36
internal_value=0.00686371 0.00293505 0.00387498 0.00236909 -0.004278 0.00893716 -0.0311512 0.0327446 0.0274294 -0.0349032 -0.0270674 0.0678362 0.0430219 0.0313021 -0.0595043 0.0438308 0.0395257 0.0278962 0.0417754 0.045103 0.0453855 0.0390013 0.0343534 0.0475069
internal_weight=6901.36 6225 6057.95 5757.62 2861.6 2896.03 167.049 300.327 260.821 162.325 123.112 39.5061 676.359 43.6686 39.213 632.69 144.317 23.3926 120.925 488.373 483.369 37.4692 24.2292 13.24
internal_count=28072 25099 24101 23148 13682 9466 998 953 869 989 720 84 2973 157 269 2816 606 94 512 2210 2193 140 85 55
is_linear=0
shrinkage=0.05


Tree=48
num_leaves=28
num_cat=0
split_feature=6 3 15 2 15 9 15 1 9 4 3 9 13 1 1 2 8 1 4 4 2 15 4 4 4 1 15
split_gain=370.634 76.1164 126.811 120.881 95.4291 91.5069 60.1846 55.2374 43.5051 38.1246 19.268 18.1439 13.5277 15.81 2.56995 5.89325 1.40961 1.52026 1.67683 1.4448 0.922361 1.26253 0.599552 1.23758 0.573102 0.283389 0.13203
threshold=0.98650000000000004 1.0000000180025095e-35 37.500000000000007 1.5000000000000002 18.500000000000004 0.98360215053763456 14.500000000000002 0.46775000000000005 0.0054887218045112512 0.23015000000000005 1.5000000000000002 0.99975502204801581 9.5000000000000018 0.27890000000000009 0.8136500000000001 12.500000000000002 1.0000000180025095e-35 0.92725000000000002 0.74650000000000005 0.83825000000000005 25.500000000000004 22.500000000000004 0.78405000000000014 0.79775000000000007 0.76830000000000009 0.97015000000000018 36.500000000000007
decision_type=2 2 2 2 2 2 2 2 2 2 2 2 2 2 2 2 2 2 2 2 2 2 2 2 2 2 2
left_child=1 2 6 9 7 -6 11 -5 -8 26 -11 -1 -4 -14 15 22 17 18 -16 -19 21 -18 24 -24 -2 -22 -3
right_child=14 3 12 4 5 -7 8 -9 -10 10 -12 -13 13 -15 16 -17 20 19 -20 -21 25 -23 23 -25 -26 -27 -28
leaf_value=0.084340251651752018 0.032406703902598387 -0.059637321531935628 0.12599088061726088 -0.022203884900227511 -0.007987281575676913 0.0065003820206247717 -0.048869764620343377 0.018861149688159107 -0.015450165487181748 0.030967082600112019 0.061017838178698214 0.0079064469335212162 0.0041235295029976643 0.091439627089135639 0.026156617530129198 -0.014388755786074415 0.046919742699595778 0.030268925316018044 0.048152823158634804 0.046493661915660872 0.054036048077393456 0.041515253505407079 0.013708167520541143 0.040130866076630356 0.054698816143133426 0.037885021799675102 -0.073144538672333226
leaf_weight=14.464609533548357 4.4115004092454901 5.8198220655322057 10.471744917333124 88.710720755159855 2099.2277082316577 2266.9156165122986 161.49575208127499 1064.991381328553 245.29329449310899 118.79978551715612 96.808917284011841 16.761274456977844 8.5979305356740969 13.057115927338598 10.359597340226172 6.2336387932300559 195.54408914595842 58.480652265250683 52.94528590887785 17.927467085421085 30.176968395709991 241.54570928215981 5.9117776826024082 17.699320770800114 8.3221870064735395 2.9845744743943206 2.6252852603793144
leaf_count=31 19 48 25 494 11532 7109 859 3126 1179 389 192 49 28 23 45 17 909 254 230 77 146 1141 24 61 36 14 15
internal_value=0.00655672 0.00279237 -0.0165501 0.00437556 0.0029142 -0.00046524 -0.0235828 0.0157036 -0.0287178 0.040378 0.04446 0.0433125 0.0793337 0.0567716 0.0424039 0.0305274 0.0432329 0.0388231 0.0445532 0.0340757 0.044543 0.0439331 0.0382312 0.0335151 0.0469759 0.0525824 -0.0638362
internal_weight=6866.58 6214.04 470.142 5743.9 5519.85 4366.14 438.015 1153.7 406.789 224.054 215.609 31.2259 32.1268 21.655 652.543 42.5784 609.964 139.713 63.3049 76.4081 470.251 437.09 36.3448 23.6111 12.7337 33.1615 8.44511
internal_count=28072 25099 2194 22905 22261 18641 2118 3620 2038 644 581 80 76 51 2973 157 2816 606 275 331 2210 2050 140 85 55 160 63
is_linear=0
shrinkage=0.05


Tree=49
num_leaves=25
num_cat=0
split_feature=7 14 5 1 4 1 5 4 15 5 0 1 0 0 1 4 0 1 14 8 1 0 15 0
split_gain=346.367 73.894 114.823 146.822 113.978 90.354 86.3405 70.7369 90.3637 55.4069 38.4501 38.2695 31.5725 52.6935 29.8797 21.7184 4.32317 1.97459 5.1081 1.61461 1.92137 1.53587 0.955392 0.893992
threshold=0.99350000000000016 27.500000000000004 0.49020000000000002 0.8198000000000002 0.56635000000000002 0.53950000000000009 0.30265000000000003 0.30165000000000003 36.500000000000007 0.58500000000000008 0.30115000000000008 0.58955000000000013 0.66145000000000009 0.8136500000000001 0.39210000000000006 0.68705000000000005 0.59320000000000006 0.8136500000000001 41.500000000000007 1.0000000180025095e-35 0.94805000000000017 0.95550000000000013 22.500000000000004 0.44060000000000005
decision_type=2 2 2 2 2 2 2 2 2 2 2 2 2 2 2 2 2 2 2 2 2 2 2 2
left_child=1 4 5 11 7 6 -3 14 -9 -5 -7 -4 15 -14 -1 -6 23 18 22 20 -19 -21 -18 -2
right_child=16 2 3 9 12 10 -8 8 -10 -11 -12 -13 13 -15 -16 -17 17 19 -20 21 -22 -23 -24 -25
leaf_value=0.0014996236210468219 0.02277464499300997 0.012295252058120088 -0.048672607204991558 0.034776263419231755 0.022654548406882413 0.049617183268085452 -0.02357667459541074 0.0029254293012652248 0.043479265401892155 -0.0055583056294893169 0.013763746570176009 -0.022840189129910409 -0.014646569626335388 0.037706001650054652 -0.028985802275349921 0.042848803766054322 0.033778453860229311 0.040332607545770727 -0.0011496095697186668 0.043972312997250011 0.025211189880330578 0.015484363089343723 0.05197260069322647 -0.0078486958526974588
leaf_weight=122.23868704587221 4.8127630800008756 303.40336403250694 224.75454107671976 121.15643259882927 449.89836797118187 85.820951342582703 375.15756382420659 2464.1779285743833 145.47231052815914 286.4384496062994 581.1655890494585 395.94757207855582 122.28449591994286 79.189905501902103 234.70469029247761 189.10316105931997 18.77883039414883 113.19687523692846 9.5411654561758024 455.06891848891973 25.793903298676014 4.7809069827198973 11.71759397536516 4.7210924550890923
leaf_count=677 13 1250 2454 323 1117 281 2535 7802 306 1204 2155 2758 374 190 1212 404 82 513 30 2213 106 17 37 19
internal_value=0.00626565 0.00261855 -0.00430483 -0.0168839 0.00693552 0.00530837 -0.00753734 0.00233062 0.00518606 0.00643103 0.018377 -0.032194 0.0231892 0.00593071 -0.0185458 0.0286307 0.0410313 0.04153 0.0307797 0.0422488 0.0375264 0.0436761 0.0407692 0.0076102
internal_weight=6829.33 6180.91 2373.84 1028.3 3807.07 1345.55 678.561 2966.59 2609.65 407.595 666.987 620.702 840.476 201.474 356.943 639.002 648.412 638.878 40.0376 598.841 138.991 459.85 30.4964 9.53386
internal_count=28072 25042 12960 6739 12082 6221 3785 9997 8108 1527 2436 5212 2085 564 1889 1521 3030 2998 149 2849 619 2230 119 32
is_linear=0
shrinkage=0.05


Tree=50
num_leaves=28
num_cat=0
split_feature=6 4 2 14 6 4 13 7 15 4 15 5 2 14 14 2 2 2 2 8 8 4 4 2 4 2 4
split_gain=330.545 68.4348 87.7301 64.2858 100.712 93.4437 31.7195 27.5401 19.6661 32.6291 10.7807 4.05966 1.55731 1.89793 1.15612 1.07283 1.79772 1.65727 0.561782 0.466928 0.243551 0.490352 1.53421 0.324614 0.129265 0.0557478 0.000213406
threshold=0.98650000000000004 0.23015000000000005 1.5000000000000002 29.500000000000004 0.50285000000000013 0.56495000000000017 31.500000000000004 0.53000000000000014 36.500000000000007 0.35930000000000001 29.500000000000004 0.28730000000000006 21.500000000000004 33.500000000000007 29.500000000000004 15.500000000000002 18.500000000000004 11.500000000000002 10.500000000000002 1.0000000180025095e-35 1.0000000180025095e-35 0.82810000000000017 0.83525000000000016 25.500000000000004 0.83825000000000005 29.500000000000004 0.81165000000000009
decision_type=2 2 2 2 2 2 2 2 2 2 2 2 2 2 2 2 2 2 2 2 2 2 2 2 2 2 2
left_child=1 6 8 5 -5 -4 7 10 9 -3 -1 -10 13 14 19 17 -17 -15 -16 -2 21 26 -23 24 -22 -25 -14
right_child=12 2 3 4 -6 -7 -8 -9 11 -11 -12 -13 20 15 18 16 -18 -19 -20 -21 23 22 -24 25 -26 -27 -28
leaf_value=-0.049542855952649179 0.031040643772972894 0.00083565128495482512 0.0013835515468640282 0.0047692050433756905 -0.018169699216213687 0.019760973661556731 0.13608453949989838 0.10271201025139338 0.072211542871433179 0.038060441069334011 -0.02315474788900215 0.03205879288907542 0.054597493543188116 0.040903409841794802 0.05238473017761152 0.047130954633571746 0.035161648342766534 0.030675237405374551 0.04446447302353182 0.04072534825728516 0.043970005005248516 0.014700378930792174 0.046006639076242056 0.053679154143246172 0.049930636304661859 0.049222626252568923 0.054042227001617142
leaf_weight=73.988418243825436 18.76186341047287 90.650413617491722 2867.858063608408 1081.3269889764488 858.29203548282385 911.56820148602128 2.8389241918921462 3.6769613623619071 29.65650101006031 167.90541521459818 81.16535497456789 7.9913208037614814 3.9156324863433865 65.638073280453682 27.259550295770168 59.861284181475639 65.912613317370415 99.850153081119061 125.29772289097309 36.968748688697815 35.684722848236561 4.9877377226948765 18.169734008610249 19.624776005744938 12.207259133458136 10.92328182607889 3.1005960404872894
leaf_count=530 82 429 9546 5231 5971 2400 7 6 63 440 455 21 17 301 129 292 331 483 622 180 188 24 87 103 62 57 15
internal_value=0.00599266 0.00252983 0.00339263 0.00201843 -0.00538139 0.00581604 -0.0295724 -0.0325333 0.0299255 0.0250093 -0.0357385 0.0636885 0.0411635 0.0399838 0.0436282 0.0373775 0.0408584 0.0347321 0.0458797 0.037465 0.0465897 0.0427722 0.0392638 0.0480582 0.0454893 0.0520856 0.0543521
internal_weight=6785.08 6176.92 6015.25 5719.05 1939.62 3779.43 161.67 158.831 296.204 258.556 155.154 37.6478 608.164 499.55 208.288 291.262 125.774 165.488 152.557 55.7306 108.614 30.1737 23.1575 78.44 47.892 30.5481 7.01623
internal_count=28072 25099 24101 23148 11202 11946 998 991 953 869 985 84 2973 2420 1013 1407 623 784 751 262 553 143 111 410 250 160 32
is_linear=0
shrinkage=0.05


Tree=51
num_leaves=26
num_cat=0
split_feature=6 1 9 9 6 15 3 13 13 3 15 4 8 3 15 1 15 8 0 1 4 4 3 3 4
split_gain=311.703 68.8859 67.2608 143.681 60.0817 46.2416 57.1492 27.3154 20.0704 18.8631 9.67272 12.726 7.18074 6.14771 4.87691 2.71912 4.37052 1.50436 1.64027 1.60075 1.7674 1.51601 1.4227 1.00602 0.954886
threshold=0.98650000000000004 0.92980000000000007 0.92893217893217905 0.10535714285714286 0.51900000000000002 17.500000000000004 4.5000000000000009 22.500000000000004 3.5000000000000004 1.0000000180025095e-35 36.500000000000007 0.30665000000000003 1.0000000180025095e-35 1.5000000000000002 18.500000000000004 0.8136500000000001 29.500000000000004 1.0000000180025095e-35 0.95550000000000013 0.92725000000000002 0.74650000000000005 0.83825000000000005 10.500000000000002 4.5000000000000009 0.78405000000000014
decision_type=2 2 2 2 2 2 2 2 2 2 2 2 2 2 2 2 2 2 2 2 2 2 2 2 2
left_child=1 2 3 4 -1 9 -7 -5 12 -4 11 -10 14 -14 -3 16 23 19 22 20 -17 -21 -19 24 -2
right_child=15 8 5 7 -6 6 -8 -9 10 -11 -12 -13 13 -15 -16 17 -18 18 -20 21 -22 -23 -24 -25 -26
leaf_value=0.0038779207116225165 0.044985501562990866 0.058875400577276166 -0.0033843470569789205 -0.03373500261310456 -0.01640352615352381 -0.0020289297257641828 0.013600105474069722 0.046762416173385501 -0.039700372789476975 0.026818769949608297 0.066287707352358893 0.015760993193052478 -0.01889690420715022 0.033443919230560275 0.014731716070183021 0.023262929934831006 -0.0014833353530908893 0.04207249573900091 0.013068458132159351 0.02754572856632841 0.046823808938005126 0.045016306422796762 0.050752137381633922 0.060081048624901379 0.025422389068142606
leaf_weight=2000.5081564970315 10.710269629955297 47.366823732852936 61.049569375813007 404.31552494317293 446.69893822818995 1555.9493692666292 937.2222068682313 10.820662207901476 10.746422827243803 337.3735631108284 9.0123772174119932 275.58019801974297 6.2540108114480963 54.489985629916191 7.2089768201112738 9.5611408650875074 9.6079760491847974 362.2169990465045 4.5649442225694647 53.657495379447937 47.519457884132862 16.156123533844948 54.287821877747774 4.1667534261941901 14.936436191201208
leaf_count=8004 51 119 221 3974 2713 5509 2758 67 36 807 15 684 21 153 18 45 31 1896 17 254 230 77 297 13 62
internal_value=0.00572358 0.00240743 0.00099541 -0.00443805 0.000175863 0.0063739 0.00384627 -0.0316368 0.0221919 0.0221908 0.0152848 0.0136794 0.0398814 0.0280551 0.0530444 0.0405265 0.0278432 0.0414389 0.0428771 0.0366667 0.0428773 0.0315887 0.0432038 0.0372942 0.0335921
internal_weight=6751.98 6164.6 5753.94 2862.34 2447.21 2891.59 2493.17 415.136 410.659 398.423 295.339 286.327 115.32 60.744 54.5758 587.385 39.4214 547.964 421.07 126.894 57.0806 69.8136 416.505 29.8135 25.6467
internal_count=28072 25099 24053 14758 10717 9295 8267 4041 1046 1028 735 720 311 174 137 2973 157 2816 2210 606 275 331 2193 126 113
is_linear=0
shrinkage=0.05


Tree=52
num_leaves=28
num_cat=0
split_feature=6 7 2 1 6 13 0 2 2 1 4 1 0 4 9 8 1 2 8 0 2 1 4 4 4 4 4
split_gain=293.792 63.5034 81.701 120.49 81.8041 49.733 42.3597 48.9825 32.8793 48.2706 44.902 34.6158 20.7475 18.7621 17.6134 15.4845 2.72404 5.67972 1.52375 1.61996 1.71761 1.5937 1.76148 1.49885 0.618239 1.35187 0.649409
threshold=0.98650000000000004 0.39175000000000004 4.5000000000000009 0.62680000000000013 0.29680000000000006 16.500000000000004 0.59320000000000006 1.5000000000000002 2.5000000000000004 0.39210000000000006 0.23015000000000005 0.8136500000000001 0.24780000000000005 0.37950000000000006 0.14337101747173689 1.0000000180025095e-35 0.8136500000000001 12.500000000000002 1.0000000180025095e-35 0.95550000000000013 21.500000000000004 0.92725000000000002 0.74650000000000005 0.83825000000000005 0.78405000000000014 0.79775000000000007 0.76830000000000009
decision_type=2 2 2 2 2 2 2 2 2 2 2 2 2 2 2 2 2 2 2 2 2 2 2 2 2 2 2
left_child=1 8 6 4 -4 -5 7 -3 9 10 -1 13 -11 -10 -13 -8 17 24 21 20 -20 22 -18 -23 26 -26 -2
right_child=16 2 3 5 -6 -7 15 -9 11 12 -12 14 -14 -15 -16 -17 18 -19 19 -21 -22 23 -24 -25 25 -27 -28
leaf_value=-0.020467556935063993 0.028520384949484407 0.031319273111426335 0.017175550036476098 0.0015405652843669875 -0.027745025502553502 0.024554871445413726 0.06883128893279962 0.007156944078780216 -0.030454693584215473 -0.035466907692670739 0.030742749082117785 0.086059381154816081 0.019181580926425239 0.031234915974529476 -0.0052278907499067884 0.028333614716486096 0.022543057819224159 -0.017208032519638972 0.041141441965510644 0.012542140209630985 0.049766465525642595 0.026793188943892061 0.046334105363858895 0.04446755213538027 0.0086966170623735319 0.037686373181922334 0.053944191809337821
leaf_weight=63.118458081036806 3.8730761408805829 234.83627300709486 123.53827958554029 2250.2141129821539 564.29534550383687 262.08092951774597 36.097325906157494 1963.5547428429127 294.77535414323211 99.581046432256699 133.00152172893286 10.078936368227005 21.037086524069309 12.863142780959604 11.106923259794712 68.195958629250526 9.3778750002384168 6.0984073281288138 331.36649790033698 4.5198579132556906 69.898397248238325 52.437786474823952 45.667639505118132 15.553063943982123 5.362688064575198 16.079632118344307 7.1461632251739502
leaf_count=406 19 688 447 8442 4728 887 69 6400 1593 585 504 24 80 44 33 169 45 17 1793 17 400 254 230 77 24 61 36
internal_value=0.0054693 0.00229242 0.00403289 -0.00113514 -0.0196771 0.0039414 0.0112151 0.00973801 -0.0125434 -0.00104615 0.0142614 -0.0236181 -0.0259356 -0.0278753 0.038201 0.0423504 0.0398952 0.0270652 0.0408307 0.0423086 0.0426439 0.0359565 0.0422809 0.0308362 0.0353826 0.0304361 0.0450082
internal_weight=6715.76 6148.38 5502.81 3200.13 687.834 2512.3 2302.68 2198.39 645.562 316.738 196.12 328.824 120.618 307.638 21.1859 104.293 567.381 38.56 528.821 405.785 401.265 123.036 55.0455 67.9909 32.4616 21.4423 11.0192
internal_count=28072 25099 21830 14504 5175 9329 7326 7088 3269 1575 910 1694 665 1637 57 238 2973 157 2816 2210 2193 606 275 331 140 85 55
is_linear=0
shrinkage=0.05


Tree=53
num_leaves=27
num_cat=0
split_feature=6 3 2 1 0 3 13 1 3 7 2 13 2 7 7 3 1 2 9 1 14 2 0 2 3 5
split_gain=276.822 67.8592 312.808 158.55 74.243 65.6017 65.4239 58.8386 43.2143 41.681 41.4309 50.7698 40.2921 25.594 23.8302 23.6649 2.7046 5.31685 1.54107 1.60493 5.30761 3.78794 1.59832 1.75515 0.675662 1.67469
threshold=0.98650000000000004 1.5000000000000002 4.5000000000000009 0.53710000000000002 0.23170000000000004 2.5000000000000004 23.500000000000004 0.8136500000000001 6.5000000000000009 0.32070000000000004 2.5000000000000004 10.500000000000002 1.5000000000000002 0.43560000000000004 0.36490000000000006 4.5000000000000009 0.8136500000000001 12.500000000000002 0.99975502204801581 0.94805000000000017 39.500000000000007 15.500000000000002 0.95550000000000013 21.500000000000004 1.5000000000000002 0.78405000000000014
decision_type=2 2 2 2 2 2 2 2 2 2 2 2 2 2 2 2 2 2 2 2 2 2 2 2 2 2
left_child=1 4 5 8 6 9 12 -5 -4 -3 11 -6 -1 -8 -12 -7 17 24 19 21 -21 -18 23 -20 -2 -26
right_child=16 2 3 7 10 15 13 -9 -10 -11 14 -13 -14 -15 -16 -17 18 -19 22 20 -22 -23 -24 -25 25 -27
leaf_value=0.0032512057239973986 0.014551756703748109 -0.055440241925157223 -0.031782308886029287 -0.0052841910676536827 0.0041401270936582578 0.036508895887433036 -0.0061489645091066221 0.0092050828386116262 0.078372025171815587 0.01968645692612685 -0.068381974864139675 -0.066371382129334411 -0.019685454155792564 0.073040445726224368 0.029052540488947606 0.06398708283678331 0.029276406480066471 -0.016240219141657335 0.040539489948935165 0.045431397342693185 -0.0062800792290687458 0.048976259922304428 0.012032499849315158 0.049444513860164477 0.05388997444982542 0.028231604565155995
leaf_weight=239.79045295342803 3.7010363116860416 19.074511177837849 447.15693427994847 1357.8127175271511 288.28246251493692 411.43527299910784 15.472873002290724 1447.7190032675862 9.0844565927982313 575.38328973576427 6.4661131203174582 28.008799143135548 950.15429044514894 29.960245721042156 212.77190252393484 96.788095742464066 56.045377783477306 6.1376979500055304 319.76818703114986 11.118975430727007 8.9612495303153974 43.218342565000057 4.4768550172448149 66.911479115486145 9.8302259594202059 18.011481210589409
leaf_count=1056 17 103 3706 6697 829 986 61 4478 53 1734 36 130 4382 58 618 172 279 17 1793 51 43 233 17 400 50 73
internal_value=0.00522216 0.00218051 0.00553007 -0.00225285 -0.00607457 0.0285522 -0.0128151 0.00219261 -0.029589 0.0172758 0.00947463 -0.00210394 -0.0150634 0.0460714 0.0261788 0.041742 0.0392649 0.0263379 0.0402191 0.0352456 0.022354 0.0378535 0.0417365 0.0420804 0.0346229 0.0372909
internal_weight=6683.54 6135.36 4364.45 3261.77 1770.91 1102.68 1235.38 2805.53 456.241 594.458 535.529 316.291 1189.94 45.4331 219.238 508.223 548.181 37.6804 510.5 119.344 20.0802 99.2637 391.157 386.68 31.5427 27.8417
internal_count=28072 25099 17929 14934 7170 2995 5557 11175 3759 1837 1613 959 5438 119 654 1158 2973 157 2816 606 94 512 2210 2193 140 123
is_linear=0
shrinkage=0.05


Tree=54
num_leaves=27
num_cat=0
split_feature=6 3 15 0 0 3 1 15 13 15 15 3 9 0 7 7 1 15 8 5 1 0 3 3 5 1
split_gain=260.587 64.0602 111.572 87.1929 67.2048 114.048 100.931 74.8855 72.1239 58.5101 53.4671 42.9603 32.6353 14.6793 23.1318 6.86893 2.67987 3.97655 1.55367 1.62432 1.77777 1.57533 1.53098 1.0913 0.926221 0.682714
threshold=0.98650000000000004 1.0000000180025095e-35 37.500000000000007 0.28280000000000005 0.12615000000000001 1.5000000000000002 0.54230000000000012 37.500000000000007 5.5000000000000009 19.500000000000004 28.500000000000004 4.5000000000000009 0.99975502204801581 0.080550000000000024 0.35385000000000005 0.38760000000000006 0.8136500000000001 29.500000000000004 1.0000000180025095e-35 0.83825000000000005 0.92725000000000002 0.95550000000000013 10.500000000000002 4.5000000000000009 0.78405000000000014 0.95295000000000007
decision_type=2 2 2 2 2 2 2 2 2 2 2 2 2 2 2 2 2 2 2 2 2 2 2 2 2 2
left_child=1 2 3 10 5 7 8 -3 -6 -8 -1 -7 -5 14 -4 -15 17 23 19 20 -18 22 -20 24 -2 -21
right_child=16 4 13 12 6 11 9 -9 -10 -11 -12 -13 -14 15 -16 -17 18 -19 21 25 -22 -23 -24 -25 -26 -27
leaf_value=-0.042109563472365885 0.043244724769166264 -0.011353001382474515 -0.045879840764288728 0.082142961299200512 0.0024944706715940334 0.029217460828160596 0.014991352937387759 0.045890600246273651 -0.023107767163892443 0.001316419054340285 0.0015222793055016076 0.072498673232253522 0.0036222508291595215 0.13299275345404724 0.092605697314903618 0.074352567902894698 0.03915761408279838 -0.0024038419372775233 0.040285900439543929 0.048924509571671437 0.025072152550434702 0.011539332387666017 0.049882622871475976 0.059786961774765793 0.023025887814101229 0.024533219553561345
leaf_weight=280.88890095427632 9.505744501948362 321.39300796017051 5.5171865522861463 22.802824608981609 492.44438161700964 286.09183722361922 1104.2464814223349 69.484579645097256 623.21405677124858 2682.08881213516 93.613855022937059 71.7028838545084 31.531498715281487 8.6560443490743655 6.64972223341465 11.803756944835184 40.721641689538956 9.4193476438522321 325.07586355879903 21.989430028945211 49.792873494327068 4.4358473122119895 47.650742001831532 3.8896817266941062 14.016134709119795 3.2993037328124037
leaf_count=1504 51 1572 24 48 1978 799 3369 154 4444 10469 463 120 103 16 13 23 214 31 1896 123 254 17 297 13 62 15
internal_value=0.00499405 0.00207826 -0.0158339 -0.0226153 0.00354106 0.0174938 0.00141008 -0.00117706 -0.0118071 0.00530458 -0.031203 0.0378911 0.0365755 0.073299 0.0298083 0.0991618 0.0386329 0.025623 0.0396049 0.0345391 0.0314091 0.0411603 0.0415128 0.0352537 0.0311968 0.0457423
internal_weight=6641.93 6112.13 461.464 428.837 5650.67 748.672 4901.99 390.878 1115.66 3786.34 374.503 357.795 54.3343 32.6267 12.1669 20.4598 529.797 36.8309 492.966 115.803 90.5145 377.162 372.727 27.4116 23.5219 25.2887
internal_count=28072 25099 2194 2118 22905 2645 20260 1726 6422 13838 1967 919 151 76 37 39 2973 157 2816 606 468 2210 2193 126 113 138
is_linear=0
shrinkage=0.05


Tree=55
num_leaves=26
num_cat=0
split_feature=6 3 2 14 13 4 0 13 9 4 9 4 14 0 2 8 5 0 2 2 0 14 3 4 9
split_gain=245.15 58.3851 89.6525 66.763 87.8375 78.0272 62.4427 33.6088 35.5915 31.1908 27.3466 22.3483 19.3101 1.85444 4.68558 1.77635 1.58351 1.57669 1.74092 1.46017 3.65175 1.37604 0.889835 0.792587 0.0647638
threshold=0.98650000000000004 1.0000000180025095e-35 1.5000000000000002 29.500000000000004 16.500000000000004 0.65730000000000011 0.28280000000000005 25.500000000000004 0.092428571428571416 0.23015000000000005 0.99975502204801581 0.53140000000000009 14.500000000000002 0.79060000000000008 12.500000000000002 1.0000000180025095e-35 0.29945000000000005 0.95550000000000013 21.500000000000004 15.500000000000002 0.90160000000000007 43.500000000000007 1.5000000000000002 0.84325000000000017 0.098437500000000025
decision_type=2 2 2 2 2 2 2 2 2 2 2 2 2 2 2 2 2 2 2 2 2 2 2 2 2
left_child=1 6 9 5 -5 -4 7 8 -1 24 16 -12 -11 14 22 19 -8 18 -17 21 -21 -15 -2 -24 -3
right_child=13 2 3 4 -6 -7 10 -9 -10 12 11 -13 -14 15 -16 17 -18 -19 -20 20 -22 -23 23 -25 -26
leaf_value=-0.040936128738737074 0.010319156019858361 -0.0653771631848684 0.0036478163277228626 -0.010576973870853429 0.01708973130782258 0.027982154028770356 0.06421073925271939 0.086201189825572136 -0.010674834384306612 0.015849546300881766 -0.032249659930203824 0.051494515261484575 0.04891599560210861 0.024269950155460258 -0.0059774360075814147 0.039529258219138566 0.090486779677454554 0.011062416320553209 0.048820125062170421 0.048971521152328668 0.023093234517616783 0.053398995140067608 0.034865829093614367 0.0567702763979957 -0.054584040870110456
leaf_weight=173.95097115635872 3.3627196475863448 6.0294973701238623 3157.4416035376489 1546.2077163979411 352.23738050088286 367.78952799737453 13.010960951447489 7.0380060672760001 220.11951473355293 63.789484970271587 18.058625847101212 14.255550809204577 143.41935764998198 43.620194219052792 7.9653700515627852 281.10579808428884 10.251464173197745 4.3967497423291197 61.440601155161858 34.685285110026598 22.459626104682684 4.4697881191968909 44.219807267189026 4.5551476478576651 1.8062462806701658
leaf_count=950 16 39 10189 9588 1574 910 31 18 1071 192 75 30 389 227 25 1698 19 17 400 202 115 25 231 17 24
internal_value=0.00477042 0.00197843 0.00337107 0.00211568 -0.0054437 0.00618663 -0.0152165 -0.0220986 -0.0240328 0.0350334 0.0344527 0.00469448 0.0387365 0.0379911 0.0297397 0.0390879 0.0757903 0.0408138 0.0411957 0.0333977 0.0388006 0.0269774 0.0351964 0.0369115 -0.0628892
internal_weight=6607.69 6095.41 5638.72 5423.68 1898.45 3525.23 456.685 401.108 394.07 215.045 55.5766 32.3142 207.209 512.281 60.103 452.178 23.2624 346.943 342.546 105.235 57.1449 48.09 52.1377 48.775 7.83574
internal_count=28072 25099 22905 22261 11162 11099 2194 2039 2021 644 155 105 581 2973 289 2684 50 2115 2098 569 317 252 264 248 63
is_linear=0
shrinkage=0.05


Tree=56
num_leaves=28
num_cat=0
split_feature=6 3 2 1 3 9 13 3 7 1 6 5 7 3 8 1 2 5 8 4 1 2 4 2 3 4 1
split_gain=230.51 55.7388 268.633 136.984 57.053 50.5355 42.0663 39.3239 38.0809 29.942 39.7109 38.5515 24.1724 20.3011 19.0755 2.67837 4.73447 2.41261 1.57605 1.64129 1.77799 1.15354 1.43869 0.835515 0.646146 1.75744 0.382069
threshold=0.98650000000000004 1.5000000000000002 4.5000000000000009 0.53710000000000002 2.5000000000000004 0.86736111111111125 23.500000000000004 6.5000000000000009 0.32070000000000004 0.70900000000000019 0.35665000000000008 0.22345000000000004 0.43560000000000004 4.5000000000000009 1.0000000180025095e-35 0.8136500000000001 12.500000000000002 0.19640000000000005 1.0000000180025095e-35 0.83825000000000005 0.92725000000000002 25.500000000000004 0.78980000000000017 27.500000000000004 1.5000000000000002 0.78405000000000014 0.97015000000000018
decision_type=2 2 2 2 2 2 2 2 2 2 2 2 2 2 2 2 2 2 2 2 2 2 2 2 2 2 2
left_child=1 6 4 7 8 -5 9 -4 -3 10 -1 -11 14 -6 -8 16 24 -14 19 20 -17 22 -20 -21 -2 -26 -23
right_child=15 2 3 5 13 -7 12 -9 -10 11 -12 -13 17 -15 -16 18 -18 -19 21 23 -22 26 -24 -25 25 -27 -28
leaf_value=-0.0046366323742457116 0.01245964090676077 -0.054331287414139444 -0.030305484288326752 -0.0051601481707311062 0.034021440001778071 0.0082855519530110854 0.041175779353183888 0.073413171666213417 0.018200795878590269 -0.029721504341837998 -0.023226103533761248 0.017560588921193158 0.081676068101435045 0.059884114899253008 -0.070280595933169002 0.037937948416407422 -0.015833663443151354 0.052895763111074461 0.042976643592598791 0.050434612740492983 0.023453599510261013 0.052732658566594419 0.036298041660335803 0.028923890198586447 0.053408156632783171 0.025792068404701975 0.030933247903990053
leaf_weight=1034.3537067510188 3.540619075298312 18.685163907706738 433.92887330427766 1351.0431467927992 404.19816245883703 1447.598210927099 8.6406095623970014 9.3352815583348256 574.08925612643361 53.656154416501522 397.76328128948808 219.35830614715815 16.189775288105015 93.41327115893364 6.908003367483615 38.241233844310045 6.1400196850299826 13.23410529643297 143.65708795934916 17.354137554764751 47.508507579565048 21.350482761859897 183.81763788312674 6.1013487428426734 8.7614127695560473 16.822212763130665 2.21887083351612
leaf_count=4400 17 103 3706 6788 986 4387 30 53 1734 201 1847 603 24 172 31 214 17 34 898 102 254 146 1152 36 50 73 14
internal_value=0.00455436 0.00188282 0.004925 -0.00229573 0.0263935 0.00179464 -0.00564793 -0.0281211 0.0159145 -0.00690685 -0.00979976 0.00826813 0.0420842 0.0388765 -0.00834253 0.0373473 0.024067 0.0687314 0.0383648 0.033119 0.0299131 0.0399968 0.0392278 0.0448391 0.032479 0.0352495 0.0506804
internal_weight=6577.91 6082.4 4332.29 3241.91 1090.39 2798.64 1750.1 443.264 592.774 1705.13 1432.12 273.014 44.9725 497.611 15.5486 495.514 35.2643 29.4239 460.249 109.205 85.7497 351.044 327.475 23.4555 29.1242 25.5836 23.5694
internal_count=28072 25099 17929 14934 2995 11175 7170 3759 1837 7051 6247 804 119 1158 61 2973 157 58 2816 606 468 2210 2050 138 140 123 160
is_linear=0
shrinkage=0.05


Tree=57
num_leaves=27
num_cat=0
split_feature=6 1 7 3 14 9 0 0 13 3 6 6 7 8 3 3 1 2 8 1 14 0 2 14 3 14
split_gain=216.559 53.1753 63.1074 98.0376 61.546 51.5126 37.9338 37.8808 18.8035 16.9593 8.84009 17.1306 8.19079 7.39837 6.17763 3.69147 2.63953 4.42096 1.58387 1.60557 1.65307 1.5824 1.93905 1.32387 0.625296 1.4906
threshold=0.98650000000000004 0.92980000000000007 0.79210000000000014 7.5000000000000009 26.500000000000004 0.99005568379481257 0.50610000000000011 0.53950000000000009 3.5000000000000004 2.5000000000000004 0.30665000000000003 0.29300000000000009 0.55845000000000011 1.0000000180025095e-35 1.5000000000000002 6.5000000000000009 0.8136500000000001 12.500000000000002 1.0000000180025095e-35 0.92725000000000002 29.500000000000004 0.95550000000000013 21.500000000000004 43.500000000000007 1.5000000000000002 33.500000000000007
decision_type=2 2 2 2 2 2 2 2 2 2 2 2 2 2 2 2 2 2 2 2 2 2 2 2 2 2
left_child=1 2 3 5 9 -1 -5 -6 13 -4 11 -10 -12 15 -15 -3 17 24 19 20 -18 22 -20 -21 -2 -26
right_child=16 8 4 6 7 -7 -8 -9 10 -11 12 -13 -14 14 -16 -17 18 -19 21 23 -22 -23 -24 -25 25 -27
leaf_value=-0.0040656748404192221 0.011962225141887033 0.057851804853461641 -0.012423943521849688 0.06700256040713376 -0.044363815597078679 0.0061821504245145103 0.021357040618822799 -0.013287156946851068 0.0079372727427020669 0.032518730061087291 0.037376053552053333 -0.059439978719556058 0.013129851555557046 -0.022988216747752477 0.030659710508381451 0.023365531436456876 0.0199098319668276 -0.014954044639606093 0.038070469227793537 0.023143005125014712 0.043951226163022911 0.0090381598622995014 0.048222273256541666 0.041426469242985375 0.048791972715490205 0.024008403957207151
leaf_weight=2569.9029776826501 3.5043978393077877 40.872408166527748 29.688872337341309 65.858915820717812 148.96682946756482 2345.4705895632505 147.36172431334853 286.9469288662076 68.515084713697433 71.647558614611626 44.163961470127106 10.940137088298796 164.84416796267033 5.9960961192846289 51.070057220757008 9.5781884193420392 8.8295379579067212 6.1751931607723227 277.97141985967755 47.16904117166996 37.591226391494274 4.2366758733987799 56.617949169129133 12.530996542423962 10.538139797747137 14.29936823248863
leaf_count=12906 17 112 86 212 1678 7013 465 1526 176 167 94 38 427 21 153 25 48 17 1793 257 227 17 400 74 60 63
internal_value=0.0043528 0.00179419 0.000556171 0.00226409 -0.0157476 0.000824284 0.0354559 -0.0239071 0.0195083 0.0193517 0.0128564 -0.00133986 0.0182531 0.0373551 0.0250228 0.0513045 0.036701 0.0233814 0.0377343 0.0324039 0.0393784 0.0394038 0.0397883 0.0269807 0.031734 0.0345237
internal_weight=6541.29 6061.82 5665.84 5128.59 537.25 4915.37 213.221 435.914 395.98 101.336 288.463 79.4552 209.008 107.517 57.0662 50.4506 479.464 34.5171 444.947 106.121 46.4208 338.826 334.589 59.7 28.3419 24.8375
internal_count=28072 25099 24053 20596 3457 19919 677 3204 1046 253 735 214 521 311 174 137 2973 157 2816 606 275 2210 2193 331 140 123
is_linear=0
shrinkage=0.05


Tree=58
num_leaves=22
num_cat=0
split_feature=6 4 6 4 3 1 13 0 7 1 13 0 1 15 9 1 1 0 3 3 4
split_gain=203.369 51.628 53.6264 83.0418 82.5237 65.1778 77.4495 32.2983 24.5748 20.1943 18.1049 14.0538 2.59853 3.56696 1.5895 1.96022 2.71846 1.5505 1.68786 1.2274 0.9016
threshold=0.98650000000000004 0.23015000000000005 0.51900000000000002 0.56635000000000002 7.5000000000000009 0.84810000000000008 6.5000000000000009 0.68300000000000016 0.52110000000000012 0.9215500000000002 31.500000000000004 0.075950000000000004 0.8136500000000001 29.500000000000004 0.99975502204801581 0.84415000000000007 0.90550000000000008 0.95550000000000013 10.500000000000002 4.5000000000000009 0.78405000000000014
decision_type=2 2 2 2 2 2 2 2 2 2 2 2 2 2 2 2 2 2 2 2 2
left_child=1 8 3 4 -3 6 -4 -5 10 -7 11 -1 13 19 15 -14 -17 18 -16 20 -2
right_child=12 2 5 7 -6 9 -8 -9 -10 -11 -12 -13 14 -15 17 16 -18 -19 -20 -21 -22
leaf_value=-0.057463976225226025 0.040961197435723823 0.0017119003052461078 0.0049032798726555927 0.032627593765502387 0.043991582984925975 0.0021323664415284819 -0.024543559885004191 -0.0045002859283343943 0.084111990954952892 0.024409030751182809 0.10836229099068782 -0.023032713360437645 -0.015847187105250318 -0.003991573652643212 0.037836323779373501 0.050302029574813105 0.028870030647094785 0.008648506113552645 0.048782122551356902 0.059602510752215815 0.019742899388172534
leaf_weight=41.528797246515751 8.184405401349073 3940.9683907330036 357.04946416988969 347.19814959540963 118.89510595053434 316.02258242666721 596.08029460534453 70.464016541838646 4.8144750297069541 150.03349835425615 2.3044915720820418 103.49246454611421 2.1240128800272933 9.1327195763587934 282.69939430430532 18.003398198634386 83.044327288866043 4.2069557085633269 40.231437735259533 3.5918464362621298 12.893677487969397
leaf_count=326 51 15203 1279 808 306 1153 4754 213 9 385 6 657 11 31 1896 112 483 17 297 13 62
internal_value=0.00415503 0.00170767 0.00244965 0.0051341 0.00295008 -0.00601977 -0.0135126 0.0263637 -0.0270504 0.0093037 -0.030683 -0.0328926 0.0360519 0.0227033 0.0371005 0.0316893 0.0326885 0.0388071 0.0392 0.0325856 0.0279817
internal_weight=6512.96 6048.85 5896.71 4477.53 4059.86 1419.19 953.13 417.662 152.14 466.056 147.326 145.021 464.112 33.8026 430.31 103.172 101.048 327.138 322.931 24.6699 21.0781
internal_count=28072 25099 24101 16530 15509 7571 6033 1021 998 1538 989 983 2973 157 2816 606 595 2210 2193 126 113
is_linear=0
shrinkage=0.05


Tree=59
num_leaves=27
num_cat=0
split_feature=6 3 2 15 0 3 2 0 0 2 15 2 0 7 15 14 0 2 9 2 0 0 2 14 3 14
split_gain=190.823 49.3154 242.623 91.955 104.432 86.9724 64.1291 60.8242 59.3414 54.8051 64.7902 49.9124 42.5859 26.5725 22.9363 14.7661 1.84779 3.98819 1.80335 1.54716 3.89292 1.54549 1.91124 1.42304 0.950587 1.01728
threshold=0.98650000000000004 1.5000000000000002 4.5000000000000009 37.500000000000007 0.18255000000000002 4.5000000000000009 7.5000000000000009 0.18560000000000001 0.25245000000000006 2.5000000000000004 16.500000000000004 1.5000000000000002 0.11585000000000002 0.53425000000000011 30.500000000000004 24.500000000000004 0.79060000000000008 12.500000000000002 0.99975502204801581 15.500000000000002 0.90160000000000007 0.95550000000000013 21.500000000000004 43.500000000000007 5.5000000000000009 44.500000000000007
decision_type=2 2 2 2 2 2 2 2 2 2 2 2 2 2 2 2 2 2 2 2 2 2 2 2 2 2
left_child=1 3 9 4 11 8 -7 12 -4 14 -11 -1 -5 -6 -3 -9 17 24 19 23 -21 22 -20 -18 25 -2
right_child=16 2 5 7 13 6 -8 15 -10 10 -12 -13 -14 -15 -16 -17 18 -19 21 20 -22 -23 -24 -25 -26 -27
leaf_value=0.0017165809741018169 0.027604517326711844 0.045071414786265702 -0.034000583060688414 0.01731076897049031 0.016060704151841725 0.089228994133500564 0.0029854688859799281 -0.10806525577267674 -0.0071448653274818474 0.056711682479403662 0.010380771043821277 -0.02578620678910995 0.08214212649919142 -0.003537605444342467 0.01366690438309217 -0.0067923040179101932 0.020801909721921398 -0.0061914623475962964 0.037045638228543606 0.047870903066269399 0.019634428960654454 0.0082732027526475575 0.04759762096652876 0.052830866220073561 0.053410497728778053 0.056620458866794267
leaf_weight=214.16045226156712 38.311290584504604 333.0804877653718 264.58813395351171 48.474907319992781 342.7413444891572 21.788975797593594 2004.884066618979 7.3694253563880903 924.12767779454589 86.525723144412041 589.94479801505804 718.15556997060776 53.05140382796526 349.14187145978212 70.435237072408199 7.0355152115225792 39.584498658776283 7.8611932396888724 244.9644299261272 30.232042670249939 20.472709197551012 4.1786495149135581 52.026914093643427 3.8009313195943824 4.7915968596935263 3.2792532294988623
leaf_count=1002 223 777 2163 145 1093 55 8211 31 4505 196 1817 3623 87 1162 205 27 227 25 1698 202 115 17 400 25 28 13
internal_value=0.00396577 0.00162511 0.00450181 -0.00547581 -0.00854658 -0.00238515 0.00391268 0.0375458 -0.0131225 0.025006 0.0163068 -0.0194686 0.0511876 0.0061709 0.0395896 -0.0586025 0.035394 0.0267404 0.0365816 0.0305393 0.0364701 0.0384693 0.0388941 0.0236079 0.0323219 0.0298923
internal_weight=6485.01 6035.51 4295.38 1740.13 1624.2 3215.39 2026.67 115.931 1188.72 1079.99 676.471 932.316 101.526 691.883 403.516 14.4049 449.504 54.2433 395.26 94.0902 50.7048 301.17 296.991 43.3854 46.3821 41.5905
internal_count=28072 25099 17929 7170 6880 14934 8266 290 6668 2995 2013 4625 232 2255 982 58 2973 289 2684 569 317 2115 2098 252 264 236
is_linear=0
shrinkage=0.05


Tree=60
num_leaves=21
num_cat=0
split_feature=0 9 9 9 15 15 15 3 9 1 13 4 15 13 6 6 6 6 7 6
split_gain=179.421 49.0086 108.609 54.9701 49.9504 40.9321 38.4344 45.5913 38.2695 39.7474 23.3283 23.0346 16.7478 15.1245 9.16957 6.20046 11.2468 6.11421 5.35758 1.89268
threshold=0.82685000000000008 0.99005568379481257 0.10535714285714286 0.99635195974576296 39.500000000000007 14.500000000000002 17.500000000000004 4.5000000000000009 0.8935439560439562 0.74130000000000018 21.500000000000004 0.32860000000000006 15.500000000000002 12.500000000000002 0.67670000000000008 0.30265000000000003 0.30665000000000003 0.93540000000000012 0.87840000000000018 0.27075000000000005
decision_type=2 2 2 2 2 2 2 2 2 2 2 2 2 2 2 2 2 2 2 2
left_child=1 2 4 19 5 -1 12 -8 10 -10 -4 -6 -5 15 -15 -2 -17 -18 -16 -3
right_child=13 3 8 6 11 -7 7 -9 9 -11 -12 -13 -14 14 18 16 17 -19 -20 -21
leaf_value=0.035358476384353688 0.068818858761220611 0.10048721766018334 -0.035531901121322276 0.00092869380581020791 0.0046582563236464798 -0.0014264045829949234 -0.0022812921932847292 0.01172082854252266 -0.023371340945491408 0.039331428904168769 0.034765141425967816 0.071702749148671321 0.024998002947720362 0.039679026659605224 -0.074990432423592462 -0.044872151197654725 0.024290253083722395 0.035737927460945215 -0.0022593166304346636 0.071140736158248147
leaf_weight=78.132593296468258 11.26462087035179 8.9265608191490191 349.92266216874123 93.996892616152763 19.980054073035717 2356.3920365013182 1582.6950503066182 918.85319834202528 65.18777921050787 41.278056934475899 12.213768959045408 35.706503137946129 312.70032043382525 4.656031221151351 6.0838459432125074 4.7980772405862799 172.67063686996698 359.4476784132421 4.3370620757341385 14.288806781172751
leaf_count=203 19 12 3715 278 67 10659 5691 2825 414 106 85 71 832 10 26 18 484 2517 14 26
internal_value=0.00378732 0.00120925 -0.00333039 0.00579125 0.000825154 -0.000245846 0.00517952 0.00286188 -0.0254135 0.00093926 -0.033161 0.0476475 0.019435 0.0307475 -0.0186565 0.0321063 0.031336 0.0320232 -0.0447206 0.0824248
internal_weight=6453.53 5890.27 2958.81 2931.46 2490.21 2434.52 2908.25 2501.55 468.602 106.466 362.136 55.6866 406.697 563.258 15.0769 548.181 536.916 532.118 10.4209 23.2154
internal_count=28072 24984 15320 9664 11000 10862 9626 8516 4320 520 3800 138 1110 3088 50 3038 3019 3001 40 38
is_linear=0
shrinkage=0.05


Tree=61
num_leaves=27
num_cat=0
split_feature=6 3 2 0 1 1 2 2 0 14 4 14 8 14 7 1 2 8 4 1 0 2 2 3 4 8
split_gain=169.322 46.5447 79.0118 54.0959 52.3113 51.441 166.328 45.2916 36.8498 30.3388 26.8363 17.3282 13.8928 17.4327 2.88361 2.39925 3.9915 1.63895 1.74471 1.86045 1.54689 2.10022 0.93739 0.633545 1.84707 0.0294964
threshold=0.98650000000000004 1.0000000180025095e-35 1.5000000000000002 0.28280000000000005 0.48215000000000002 0.54230000000000012 2.5000000000000004 6.5000000000000009 0.12390000000000002 18.500000000000004 0.23015000000000005 14.500000000000002 1.0000000180025095e-35 17.500000000000004 0.53695000000000015 0.8136500000000001 12.500000000000002 1.0000000180025095e-35 0.83825000000000005 0.92725000000000002 0.95550000000000013 21.500000000000004 27.500000000000004 1.5000000000000002 0.78405000000000014 1.0000000180025095e-35
decision_type=2 2 2 2 2 2 2 2 2 2 2 2 2 2 2 2 2 2 2 2 2 2 2 2 2 2
left_child=1 3 10 4 8 6 -4 -7 -1 -6 25 -12 14 -14 -5 16 23 18 19 -17 21 -19 -20 -2 -25 -3
right_child=15 2 5 12 9 7 -8 -9 -10 -11 11 -13 13 -15 -16 17 -18 20 22 -21 -22 -23 -24 24 -26 -27
leaf_value=-0.017485918550174642 0.0091126969777244344 -0.063899442158274353 0.013063203227073201 0.049705463842174474 -0.049826417417402333 0.012821421089866544 -0.020777153339488753 0.0010144623183932695 0.0276305393808981 0.014194181604328683 0.014302831512318355 0.045966140774597826 -0.0050118390893289146 0.076094662026391438 0.08913687339792474 0.034928296626766484 -0.01517817278761132 0.035607558672768623 0.049287005334461433 0.019080207743779734 0.0063251737861364614 0.047026136494727526 0.024729394505383986 0.052865069435933401 0.022635266542997919 -0.056883566575978921
leaf_weight=160.94528111815453 3.3083798736333874 5.1107346862554541 631.89347294718027 10.513661697506906 146.42736053839326 1161.6575292944908 853.63103152625263 2700.2732100188732 62.965385258197784 21.182465858757496 62.505448423326015 139.96959258615971 27.932355105876923 8.6850848048925382 8.294316813349722 33.020805895328522 6.1501291096210471 244.25075575336814 14.519361212849619 42.16515926271677 4.0366247296333304 48.219878010451794 5.3059095516800872 7.5065288469195393 15.459818869829176 2.1193649098277092
leaf_count=924 17 36 2043 25 753 3382 6039 10797 263 99 192 389 94 22 14 214 17 1793 102 254 17 400 36 50 73 27
internal_value=0.00361296 0.00145662 0.0027051 -0.0140665 -0.0206114 0.00152446 -0.00638257 0.00456596 -0.00479883 -0.0417355 0.0328115 0.0361915 0.032166 0.0142254 0.0670947 0.0341522 0.0210817 0.0352346 0.0295198 0.0260405 0.0370659 0.0374901 0.0427146 0.029569 0.0325158 -0.0618429
internal_weight=6428.05 6004.11 5557.16 446.946 391.52 5347.46 1485.52 3861.93 223.911 167.61 209.705 202.475 55.4254 36.6174 18.808 423.943 32.4249 391.518 95.0112 75.186 296.507 292.471 19.8253 26.2747 22.9663 7.2301
internal_count=28072 25099 22905 2194 2039 22261 8082 14179 1187 852 644 581 155 116 39 2973 157 2816 606 468 2210 2193 138 140 123 63
is_linear=0
shrinkage=0.05


Tree=62
num_leaves=27
num_cat=0
split_feature=0 13 14 1 6 4 0 6 4 15 15 6 6 1 13 0 6 0 0 6 4 15 4 9 0 6
split_gain=158.671 46.898 51.0998 71.8056 126.354 71.4091 81.3736 39.724 31.442 31.2901 21.0786 20.8264 18.5225 31.1954 13.7725 13.7354 7.61248 6.86716 6.4299 8.05556 21.8567 4.20836 3.81146 3.50127 2.71667 0.0556097
threshold=0.82685000000000008 16.500000000000004 31.500000000000004 0.68090000000000017 0.28035000000000004 0.65730000000000011 0.63245000000000007 0.52110000000000012 0.33530000000000004 36.500000000000007 33.500000000000007 0.38760000000000006 0.25555000000000011 0.6120000000000001 12.500000000000002 0.27720000000000006 0.67960000000000009 0.13685000000000003 0.86755000000000015 0.98650000000000004 0.67670000000000008 16.500000000000004 0.72435000000000016 0.99975502204801581 0.85500000000000009 0.60425000000000006
decision_type=2 2 2 2 2 2 2 2 2 2 2 2 2 2 2 2 2 2 2 2 2 2 2 2 2 2
left_child=1 2 5 4 -4 6 -1 -5 12 10 -10 -7 13 -3 18 -14 -16 -11 19 20 -2 25 -18 -23 -21 -20
right_child=14 8 3 7 -6 11 -8 -9 9 17 -12 -13 15 -15 16 -17 22 -19 21 24 -22 23 -24 -25 -26 -27
leaf_value=0.0029836476315185157 0.035124296497652689 0.0023665846829905701 0.018368742102937794 0.018660405502858246 -0.033277874308739706 0.05028454873253977 -0.020488169821706009 -0.0068549957678877855 0.019006545309566362 0.065324729488906955 -0.031350653626109351 0.018245876520971 0.0026727735958093695 -0.053270115889812369 0.034250799309822402 0.051101293935246941 -0.071278580804235991 0.032297745704134961 0.057784485716806493 0.040027026673053252 -0.011827897300435007 0.024929546276486289 -0.01000648019566343 0.037376451158769912 0.02522640230728998 0.052098912883848006
leaf_weight=3184.86515635252 54.502544149756432 81.156858511269093 155.96487284079194 243.10080175846815 492.02853824943304 61.369863927364349 417.68508122116327 409.48965348303318 330.6601951289922 42.284876182675362 22.174145236611366 292.37577899545431 46.638480264693499 36.537496820092201 4.7621096819639197 21.340877495706081 5.3728018999099714 25.07082499563694 16.716158658266071 63.874205660074949 45.460737831890583 78.9013701826334 4.8105612620711327 198.99403496459126 60.24770425632596 5.7905167192220679
leaf_count=11416 120 356 624 810 4759 142 1524 2387 1423 81 80 881 217 159 11 70 23 55 49 476 164 427 16 1330 453 19
internal_value=0.00344663 0.00105897 -0.000459199 -0.00905707 -0.0208471 0.00236724 0.00026229 0.00264992 0.0142316 0.0218033 0.0158418 0.0238041 -0.00290344 -0.0149055 0.0293966 0.017876 -0.0179316 0.0530316 0.0307452 0.0243353 0.0137716 0.0355267 -0.042334 0.0338425 0.0328429 0.0563217
internal_weight=6402.18 5862.74 5256.88 1300.58 647.993 3956.3 3602.55 652.59 605.864 420.19 352.834 353.746 185.674 117.694 539.433 67.9794 14.9455 67.3557 524.487 224.085 99.9633 300.402 10.1834 277.895 124.122 22.5067
internal_count=28072 24984 22543 8580 5383 13963 12940 3197 2441 1639 1503 1023 802 515 3088 287 50 136 3038 1213 284 1825 39 1757 929 68
is_linear=0
shrinkage=0.05


Tree=63
num_leaves=28
num_cat=0
split_feature=6 3 1 15 15 15 3 15 3 3 7 5 13 7 14 1 14 8 5 1 15 15 3 14 9 1 5
split_gain=150.823 45.8699 90.5283 80.2589 77.5271 60.711 56.8049 49.9666 30.5277 19.8714 27.4593 18.8919 8.40097 7.13633 5.11905 2.12988 3.51436 1.61799 1.77137 1.87537 1.27375 2.95326 1.26746 1.0493 1.02854 0.854077 0.437147
threshold=0.98650000000000004 1.5000000000000002 0.20415000000000003 37.500000000000007 18.500000000000004 14.500000000000002 6.5000000000000009 15.500000000000002 3.5000000000000004 1.0000000180025095e-35 0.40865000000000007 0.24845000000000003 9.5000000000000018 0.48075000000000007 21.500000000000004 0.8136500000000001 41.500000000000007 1.0000000180025095e-35 0.83825000000000005 0.92725000000000002 22.500000000000004 28.500000000000004 4.5000000000000009 33.500000000000007 0.54110360360360377 0.95295000000000007 0.75905000000000011
decision_type=2 2 2 2 2 2 2 2 2 2 2 2 2 2 2 2 2 2 2 2 2 2 2 2 2 2 2
left_child=1 3 13 5 8 11 -6 -7 -4 12 -11 -1 -5 24 -15 16 22 18 19 -17 26 -22 23 -2 -3 -20 -19
right_child=15 2 4 9 6 7 -8 -9 -10 10 -12 -13 -14 14 -16 17 -18 20 25 -21 21 -23 -24 -25 -26 -27 -28
leaf_value=0.073586173366045518 0.035829047726131283 0.064740414816424119 0.03168569605530603 0.10243042145317958 -0.0031873805299601939 -0.042829147384324195 0.013068253129343524 -0.0081946364267633399 0.010383771382258844 -0.014046116050791016 0.045413316793941415 0.019089446516064711 0.049339269453670447 0.065221863550024933 0.020957785153316724 0.03383542367129893 -0.0064290111880763931 0.035247559617873202 0.046243622985333181 0.017560452298938149 0.028039894665647713 0.042097722003135669 0.059294723175907518 0.012514769421628545 0.079868806195109415 0.015433327052974059 0.041933692367436451
leaf_weight=21.140336453914642 11.409231446683416 24.086946852505207 257.79744915850461 11.415077731013296 2771.9687848687172 112.42290746420622 666.67952262237668 1412.7817548252642 483.86408410966396 32.317135632038116 48.644632060080767 64.189995832741261 21.457655504345894 11.14221301674843 15.785182654857634 31.411506604403257 8.7514263093471509 34.999227404594421 16.088334836065773 40.551755841821432 104.58198462426662 58.123166527599096 3.3337202966213217 8.3641339093446714 21.056603074073792 2.6148697361350051 81.079775843769312
leaf_count=43 71 48 836 25 12767 424 2573 6237 1598 111 103 176 51 23 45 214 30 276 123 254 835 466 13 43 39 15 633
internal_value=0.00328745 0.0012951 0.00408443 -0.00558354 0.00312652 -0.00845137 -3.57648e-05 -0.0107475 0.0177882 0.0349906 0.0216792 0.0325908 0.0677752 0.0596454 0.0392737 0.0329598 0.0205555 0.0340294 0.0282273 0.0246644 0.0359164 0.0330618 0.0307754 0.0259671 0.0717968 0.0419361 0.0399177
internal_weight=6378.06 5976.75 4252.38 1724.37 4180.31 1610.53 3438.65 1525.2 741.662 113.835 80.9618 85.3303 32.8727 72.0709 26.9274 401.309 31.8585 369.451 90.6665 71.9633 278.784 162.705 23.1071 19.7734 45.1435 18.7032 116.079
internal_count=28072 25099 17929 7170 17774 6880 15340 6661 2434 290 214 219 76 155 68 2973 157 2816 606 468 2210 1301 127 114 87 138 909
is_linear=0
shrinkage=0.05


Tree=64
num_leaves=23
num_cat=0
split_feature=6 4 2 1 6 0 3 0 7 13 0 4 1 2 8 4 1 0 2 2 3 4
split_gain=141.044 43.8791 55.5397 46.3111 64.6967 64.5504 34.6725 30.9838 23.151 16.4351 13.6485 10.4227 2.09279 3.6419 1.6062 1.74872 1.81577 1.65555 2.23683 0.999726 0.669926 1.82052
threshold=0.98650000000000004 0.23015000000000005 1.5000000000000002 0.79060000000000008 0.46710000000000007 0.63245000000000007 1.5000000000000002 0.053100000000000008 0.52110000000000012 31.500000000000004 0.075950000000000004 0.55215000000000003 0.8136500000000001 12.500000000000002 1.0000000180025095e-35 0.83825000000000005 0.92725000000000002 0.95550000000000013 21.500000000000004 27.500000000000004 1.5000000000000002 0.78405000000000014
decision_type=2 2 2 2 2 2 2 2 2 2 2 2 2 2 2 2 2 2 2 2 2 2
left_child=1 8 6 4 -4 -5 7 -3 9 10 -1 -8 13 20 15 16 -14 18 -16 -17 -2 -22
right_child=12 2 3 5 -6 -7 11 -9 -10 -11 -12 -13 14 -15 17 19 -18 -19 -20 -21 21 -23
leaf_value=-0.056606870480721744 0.0068093519031634372 -0.019948081952756963 0.0014123581275530489 0.017066791597044838 -0.01385375066958517 -0.0015824161812356841 0.056526446915506484 0.024352683113361976 0.081750539064843364 0.10227203561350061 -0.021842636186906048 -0.013231839541492688 0.033153496388278719 -0.014585777543025674 0.033732876446909928 0.048629678286218642 0.016948070921651549 0.0023988758784997846 0.046168383463907732 0.022162248991140318 0.05262625072431109 0.021659399784396096
leaf_weight=39.222281035035849 3.1635221913456979 53.811239138245583 2750.962377615273 880.50774874538183 928.16677414625883 980.90835884958506 74.005944825708866 148.08027098327875 4.8451074808835974 2.3314121216535559 100.77007553353906 5.7722505554556838 30.478629000484943 6.1551559120416632 222.89071720093489 13.104213654994966 39.932235598564148 3.7737115174531928 43.164377842098475 4.9025555439293376 6.9299082830548313 15.061255536973475
leaf_count=326 17 276 10926 2378 6358 3486 171 485 9 6 657 21 214 17 1793 102 254 17 400 36 50 73
internal_value=0.00313437 0.00123209 0.00191364 0.000812554 -0.00243896 0.00723924 0.0235724 0.012545 -0.025731 -0.02939 -0.0315827 0.0514792 0.0322841 0.0198876 0.0333675 0.0275189 0.0239629 0.035284 0.0357504 0.0414236 0.0283229 0.0314177
internal_weight=6358.94 5969.38 5822.21 5540.55 3679.13 1861.42 281.67 201.892 147.169 142.324 139.992 79.7782 389.556 31.3098 358.246 88.4176 70.4109 269.829 266.055 18.0068 25.1547 21.9912
internal_count=28072 25099 24101 23148 17284 5864 953 761 998 989 983 192 2973 157 2816 606 468 2210 2193 138 140 123
is_linear=0
shrinkage=0.05


Tree=65
num_leaves=29
num_cat=0
split_feature=0 9 9 9 15 7 9 15 15 3 15 4 7 0 6 7 4 5 15 9 6 0 5 7 1 3 5 5
split_gain=132.476 43.6789 98.1308 49.7389 42.0807 36.7329 35.4001 34.4616 32.8055 39.7156 24.6844 20.6542 15.6021 9.06083 10.5223 37.9666 12.5217 5.89747 4.59928 3.4228 3.90763 2.84379 2.86289 2.74298 1.58877 0.719421 0.0622133 0.00113275
threshold=0.82685000000000008 0.99005568379481257 0.10535714285714286 0.99635195974576296 39.500000000000007 0.37090000000000006 0.86736111111111125 18.500000000000004 17.500000000000004 4.5000000000000009 30.500000000000004 0.32860000000000006 0.45220000000000005 0.86755000000000015 0.98650000000000004 0.8297500000000001 0.75440000000000007 0.30265000000000003 16.500000000000004 0.99975502204801581 0.42180000000000001 0.85500000000000009 0.82895000000000019 0.69030000000000002 0.65110000000000012 6.5000000000000009 0.60500000000000009 0.51315000000000011
decision_type=2 2 2 2 2 2 2 2 2 2 2 2 2 2 2 2 2 2 2 2 2 2 2 2 2 2 2 2
left_child=1 2 4 24 5 -1 10 -8 12 -10 -4 -6 -5 14 15 17 -17 -2 26 20 -20 25 -23 -21 -3 -16 27 -15
right_child=13 3 6 8 11 -7 7 -9 9 -11 -12 -13 -14 18 21 16 -18 -19 19 23 -22 22 -24 -25 -26 -27 -28 -29
leaf_value=-0.019323355170612115 0.066527980614593071 0.090239300327162944 -0.039733454080274601 -0.022528564906211253 0.0031328590318816076 0.0015245536569981231 0.05497578544581494 -0.014187264528151892 -0.0023623380702292671 0.010766709858601418 -0.0065043466734115074 0.067364920362846178 0.020256143964093851 0.056844430812721197 0.035353668437835731 -0.051521274579860887 0.0048429652378595275 0.025469727345202198 -0.043675124123304848 0.054835840161501406 0.02464371582840209 0.018245186646612604 0.052263473598980752 0.033394595948610072 0.063874203803200316 0.048488194324042867 0.051129418201204681 0.057689176344837792
leaf_weight=233.93994092196226 10.256912320852278 12.645931929349901 270.34563554823399 22.5743193551898 19.635290801525116 2181.8437672927976 22.306184396147728 93.524413147941232 1566.4460440538824 911.01787286624312 70.453932788223028 34.514949798583984 379.89666551351547 7.5614045858383205 44.175326533615589 24.743987277150154 16.374205894768238 59.368301093578339 2.1535458266735068 16.360539793968201 74.467969987541437 48.301499091088772 7.0929237082600585 168.97898577898741 10.424201428890226 13.645897075533865 5.524872049689292 8.3516750037670118
leaf_count=1465 18 20 2911 96 67 9397 63 584 5691 2825 762 71 1014 24 360 105 60 142 7 42 424 395 58 1293 18 116 19 25
internal_value=0.00298937 0.000856621 -0.00345393 0.00520215 0.000482784 -0.000494319 -0.0247478 -0.000868126 0.00461638 0.0024655 -0.032864 0.0440739 0.0178564 0.0274947 0.0199783 0.00902017 -0.0290757 0.0315183 0.0334347 0.0316125 0.0227235 0.0306971 0.022601 0.0352873 0.0783263 0.0384534 0.0557007 0.0572878
internal_weight=6336.93 5829.57 2926.56 2903.01 2469.93 2415.78 456.63 115.831 2879.93 2477.46 340.8 54.1502 402.471 507.358 223.959 110.743 41.1182 69.6252 283.399 261.961 76.6215 113.216 55.3944 185.34 23.0701 57.8212 21.438 15.9131
internal_count=28072 24984 15320 9664 11000 10862 4320 647 9626 8516 3673 138 1110 3088 1254 325 165 160 1834 1766 431 929 453 1335 38 476 68 49
is_linear=0
shrinkage=0.05


Tree=66
num_leaves=27
num_cat=0
split_feature=6 7 3 0 4 1 0 5 15 0 9 4 0 8 15 1 15 1 3 15 3 4 4 4 4 1
split_gain=124.828 42.549 74.0791 63.0772 56.5668 45.8483 44.338 28.1541 26.7271 26.0845 24.5761 16.6888 14.9691 12.8859 4.65742 1.90743 3.00817 1.61289 1.87867 2.83159 1.30189 0.930153 1.08256 0.945037 0.824543 0.439797
threshold=0.98650000000000004 0.79210000000000014 6.5000000000000009 0.32390000000000002 0.65595000000000014 0.64405000000000012 0.8136500000000001 0.55215000000000003 29.500000000000004 0.099200000000000024 0.95080645161290323 0.78980000000000017 0.68495000000000006 1.0000000180025095e-35 16.500000000000004 0.8136500000000001 29.500000000000004 0.9215500000000002 12.500000000000002 22.500000000000004 4.5000000000000009 0.81165000000000009 0.80605000000000004 0.86425000000000007 0.78405000000000014 0.97015000000000018
decision_type=2 2 2 2 2 2 2 2 2 2 2 2 2 2 2 2 2 2 2 2 2 2 2 2 2 2
left_child=1 2 4 13 6 9 -1 14 -5 -3 -9 -11 -6 -4 -7 16 20 21 19 -19 24 22 -17 -23 -2 -20
right_child=15 5 3 8 12 7 -8 10 -10 11 -12 -13 -14 -15 -16 17 -18 18 25 -21 -22 23 -24 -25 -26 -27
leaf_value=-0.0010472189829209349 0.037938429242937645 0.126976363333378 0.097450749646123019 0.02156716313671992 0.033953101930738118 0.080786423114678069 0.039190131651719556 -0.021836999904982515 -0.0085120360525486657 -0.051023720937428685 0.0019886038262871201 0.01681715459765459 -0.0013294404983420405 0.047136434847157849 0.032952830377456083 0.035126932719608671 -0.0054023128482857102 0.034491692819260886 0.048732811733669265 0.022597879746468756 0.058887170908318111 0.042879881578293234 0.015710384908960151 0.010975015197595174 0.016103953252858131 0.020969509008501593
leaf_weight=4619.4513584766537 6.8195304647088149 2.2612567842006674 26.992967955768108 336.29312347993255 155.99317077547312 7.8650356233119991 69.493097864091396 183.02892234548926 94.633452143520117 96.319935543462634 264.85872482508421 10.007145941257475 37.238192029297352 24.075183946639299 14.416867196559904 58.06702933460474 8.8885645419359189 95.011332031339407 14.480456974357368 105.72524860873818 3.1420584172010413 53.312742535024881 8.1914118006825429 2.4266446642577639 11.814850587397812 1.5822971835732449
leaf_count=19147 51 7 58 1052 415 19 177 1266 426 1282 985 35 113 81 36 475 31 773 129 888 13 446 69 22 62 14
internal_value=0.00285135 0.00109822 0.00248789 0.0211883 0.000641684 -0.0117818 -0.000450876 -0.0050187 0.0149616 -0.041065 -0.00774771 -0.0446388 0.0271537 0.0737309 0.0498371 0.0310511 0.0191096 0.0321319 0.029544 0.0282274 0.0291147 0.0367308 0.0327265 0.0414909 0.0240946 0.0459979
internal_weight=6312.39 5942.93 5364.17 481.995 4882.18 578.758 4688.94 470.17 430.927 108.588 447.888 106.327 193.231 51.0682 22.2819 369.462 30.665 338.797 216.799 200.737 21.7764 121.998 66.2584 55.7394 18.6344 16.0628
internal_count=28072 25099 21469 1617 19852 3630 19324 2306 1478 1324 2251 1317 528 139 55 2973 157 2816 1804 1661 126 1012 544 468 113 143
is_linear=0
shrinkage=0.05


Tree=67
num_leaves=24
num_cat=0
split_feature=7 7 3 4 14 2 1 9 15 15 3 4 7 3 2 13 2 2 8 1 14 1 14
split_gain=113.431 40.8933 68.1373 59.6294 57.4251 42.7784 40.161 30.6589 24.8209 25.6863 16.0513 14.7692 10.1898 7.29209 3.57184 3.44985 2.33473 2.22176 2.59516 3.15005 2.38734 1.61806 0.516154
threshold=0.99350000000000016 0.79210000000000014 7.5000000000000009 0.65595000000000014 26.500000000000004 4.5000000000000009 0.68585000000000018 0.95080645161290323 29.500000000000004 21.500000000000004 9.5000000000000018 0.86815000000000009 0.80810000000000015 2.5000000000000004 2.5000000000000004 12.500000000000002 10.500000000000002 23.500000000000004 1.0000000180025095e-35 0.84415000000000007 34.500000000000007 0.9710000000000002 49.500000000000007
decision_type=2 2 2 2 2 2 2 2 2 2 2 2 2 2 2 2 2 2 2 2 2 2 2
left_child=1 2 3 5 11 -1 14 -8 9 -4 -10 12 -3 -5 -6 17 -13 18 19 -2 -20 22 -19
right_child=15 4 8 13 6 -7 7 -9 10 -11 -12 16 -14 -15 -16 -17 -18 21 20 -21 -22 -23 -24
leaf_value=0.0045086624601323334 -0.013840845726390043 -0.014482572785136292 -0.016879775250764409 0.012024392227147363 -0.012955607946509946 -0.0048457201231509213 -0.031066697820298406 4.8616838690194803e-06 -0.0199583854118279 0.043338669397356602 0.032281814413506221 -0.068216305437888342 0.030036729869929519 0.032445818659022678 -0.0502626801945847 -0.025944508304921367 -0.017383093429421494 0.045730608382135274 0.03585822072578862 0.023404435909060075 0.026251054792415712 -0.0070685523051498278 0.026595810399135684
leaf_weight=2526.3094692602754 6.1726933121681204 14.865932345390318 19.802615948021412 60.626774251461029 6.8805508613586417 2367.5556735731661 128.71075962483883 207.18749991804361 37.682958573102951 167.45984525606036 24.113335270434618 4.4634215682744962 94.928157180547714 156.69954509660602 94.979036500677466 2.7996895983815184 4.5732050538063049 31.61962328851223 124.68131542950869 70.684356078505516 134.33502059429884 1.6487816274166096 3.9663743413984767
leaf_count=9172 33 45 66 172 52 10938 1037 745 178 441 81 18 238 421 1424 12 14 296 1026 507 1102 13 41
internal_value=0.00271826 0.00102622 0.00236567 0.00112127 -0.0118734 -1.68038e-05 -0.020241 -0.0119013 0.0279033 0.0369707 0.000426097 0.0189518 0.0240089 0.0267489 -0.0477426 0.0293512 -0.0424909 0.0297662 0.0284815 0.0204131 0.0308756 0.0413543 0.0435979
internal_weight=6292.75 5916.84 5360.25 5111.19 556.589 4893.87 437.758 335.898 249.059 187.262 61.7963 118.831 109.794 217.326 101.86 375.908 9.03663 373.108 335.873 76.857 259.016 37.2348 35.586
internal_count=28072 25042 21469 20703 3573 20110 3258 1782 766 507 259 315 283 593 1476 3030 32 3018 2668 540 2128 350 337
is_linear=0
shrinkage=0.05


Tree=68
num_leaves=29
num_cat=0
split_feature=6 3 2 1 15 15 3 15 15 1 3 4 8 3 5 5 2 14 1 1 1 4 1 4 3 14 8 1
split_gain=108.757 40.6 204.649 96.0846 72.4841 53.2012 51.4733 62.2426 46.6062 43.2801 33.7702 25.4928 24.9167 18.8659 17.1334 10.4408 1.92491 2.06419 3.08299 5.12309 3.2941 1.71048 1.65557 0.795971 0.76858 0.515408 1.84898 0.852471
threshold=0.98650000000000004 1.5000000000000002 4.5000000000000009 0.4714000000000001 37.500000000000007 14.500000000000002 2.5000000000000004 16.500000000000004 15.500000000000002 0.8136500000000001 3.5000000000000004 0.30665000000000003 1.0000000180025095e-35 4.5000000000000009 0.24845000000000003 0.22755000000000003 23.500000000000004 33.500000000000007 0.9215500000000002 0.83600000000000019 0.94030000000000014 0.74650000000000005 0.97015000000000018 0.71010000000000006 4.5000000000000009 49.500000000000007 1.0000000180025095e-35 0.9607500000000001
decision_type=2 2 2 2 2 2 2 2 2 2 2 2 2 2 2 2 2 2 2 2 2 2 2 2 2 2 2 2
left_child=1 4 6 10 5 14 7 -3 -7 -5 -4 12 -6 -8 -1 -13 17 21 19 -19 -20 23 25 -2 -23 27 -27 -18
right_child=16 2 3 9 11 8 13 -9 -10 -11 -12 15 -14 -15 -16 -17 22 18 20 -21 -22 24 -24 -25 -26 26 -28 -29
leaf_value=0.069061173164398165 0.05269348416438039 0.049947860951532821 -0.040335671870694235 -0.0060461777694068679 0.037373214397233658 -0.041430481412272999 0.030166536846482878 0.0055363127836607238 -0.0079112852914681817 0.006216164335054751 0.0015403593582108419 0.072999403851956704 -0.035153626480814465 0.055815309547432648 0.017274676532305536 0.032722370636034157 0.051886459243349781 0.012326657235375203 0.0073865311711225588 0.03828746385252764 0.026360848951004563 0.046678856415587854 -0.0083855246716821197 0.019973134839384257 0.034700451059364014 -0.020523790399000895 0.051640372333196821 0.034519158276128482
leaf_weight=21.300515815615654 2.0097607746720341 94.141347154974937 214.01447420753539 1468.9325484596193 27.149093776941299 111.98033710569143 385.3857910297811 487.05993626266718 1403.1742076929659 1410.5848467424512 62.11792379245162 33.782591789960861 21.003970459103584 88.080125048756599 63.842830300331116 30.723175082355738 18.645243994891647 25.766388744115829 37.820970762521029 72.403992712497711 57.879780612885952 16.196508385241032 1.6373881027102459 24.722559258341789 77.326220571994781 1.3792964480817311 2.4900601878762245 11.377086389809845
leaf_count=43 14 227 2090 7810 71 424 986 1610 6237 4478 556 58 80 172 176 81 183 127 325 645 504 117 15 209 683 14 27 110
internal_value=0.00259095 0.000991383 0.00363177 -0.00274103 -0.00549849 -0.00822747 0.0226997 0.01273 -0.0103886 -3.92427e-05 -0.0309154 0.0332662 0.0057376 0.034938 0.0302302 0.053816 0.0296881 0.0284404 0.0252482 0.0314736 0.0188622 0.0335868 0.0407191 0.0224331 0.0367749 0.0430915 0.0259163 0.045305
internal_weight=6272.93 5923.27 4210.32 3155.65 1712.96 1600.3 1054.67 581.201 1515.15 2879.52 276.132 112.659 48.1531 473.466 85.1433 64.5058 349.655 314.126 193.871 98.1704 95.7008 120.255 35.5291 26.7323 93.5227 33.8917 3.86936 30.0223
internal_count=28072 25099 17929 14934 7170 6880 2995 1837 6661 12288 2646 290 151 1158 219 139 2973 2624 1601 772 829 1023 349 223 800 334 41 293
is_linear=0
shrinkage=0.05


Tree=69
num_leaves=26
num_cat=0
split_feature=0 9 9 9 9 15 3 15 3 2 15 15 15 3 3 13 13 13 13 9 2 15 4 4 4
split_gain=103.489 38.7226 129.764 98.6423 86.5036 39.282 36.379 32.5016 37.1073 92.5962 86.4262 16.6981 15.17 40.4263 21.6462 14.015 11.4042 7.22861 12.846 9.98736 6.09609 13.5644 4.93584 3.07656 2.22536
threshold=0.82685000000000008 0.8935439560439562 0.20060362173038235 0.19836704593341761 0.10535714285714286 37.500000000000007 1.0000000180025095e-35 17.500000000000004 1.5000000000000002 2.5000000000000004 27.500000000000004 21.500000000000004 15.500000000000002 1.5000000000000002 1.0000000180025095e-35 21.500000000000004 12.500000000000002 3.5000000000000004 4.5000000000000009 0.99975502204801581 14.500000000000002 19.500000000000004 0.69615000000000016 0.72435000000000016 0.6503000000000001
decision_type=2 2 2 2 2 2 2 2 2 2 2 2 2 2 2 2 2 2 2 2 2 2 2 2 2
left_child=1 2 3 4 -1 15 -7 12 10 -10 -9 -5 13 -3 -14 -4 17 20 -19 -20 24 -22 -18 -24 -2
right_child=16 7 5 11 -6 6 -8 8 9 -11 -12 -13 14 -15 -16 -17 22 18 19 -21 21 -23 23 -25 -26
leaf_value=0.00029266776041425395 0.052972508930731646 -0.021248968529600697 -0.04629268153123673 -0.020171678355469624 -0.051078829966577637 0.14459435640200954 -0.055096431300494131 -0.020754651952326002 0.043004978417767965 0.0027633241390293247 0.017782219054478104 0.10441546929481643 -0.011378673962987945 0.05165708354723967 0.027920287695457725 0.026977251044153622 0.022968398185905889 -0.052826305565249712 0.012072115821337227 0.030037401864918489 -0.076390959911053255 0.041339573322640863 -0.066158042039415735 -0.010008644308090285 0.034056211230882198
leaf_weight=2452.142084762454 42.563694581389427 65.58570808917284 211.87423510104418 3.0010841395705965 84.779552221298218 5.4206787347793561 3.9373722560703754 432.36422711610794 155.53485248982906 1766.5738099552691 219.27562442794442 25.897613998502493 40.142652273178101 26.777161546051502 275.63687335327268 6.7339289709925643 4.8150267452001563 5.4232454001903525 110.16126769781113 259.82122109644115 3.4454419314861289 8.4394192397594434 5.0231215208768827 4.7432149797677994 24.495622057467699
leaf_count=11000 114 211 2772 19 766 8 64 1741 362 6205 740 117 163 68 694 54 12 19 678 2092 15 30 22 16 90
internal_value=0.00247397 0.000639893 -0.00358972 -0.000377736 -0.00142408 -0.0397414 0.060575 0.00460269 0.00252396 0.00601963 -0.00778706 0.0914773 0.0177112 -0.000112584 0.0229245 -0.0440357 0.0250637 0.0264606 0.0235685 0.0246883 0.0402134 0.00720929 -0.0184619 -0.038888 0.0460627
internal_weight=6244.61 5775.68 2793.79 2565.82 2536.92 227.966 9.35805 2981.89 2573.75 1922.11 651.64 28.8987 408.142 92.3629 315.78 218.608 468.931 454.35 375.406 369.982 78.9442 11.8849 14.5814 9.76634 67.0593
internal_count=28072 24984 14800 11902 11766 2898 72 10184 9048 6567 2481 136 1136 279 857 2826 3088 3038 2789 2770 249 45 50 38 204
is_linear=0
shrinkage=0.05


Tree=70
num_leaves=28
num_cat=0
split_feature=6 3 15 6 14 1 3 4 15 15 15 8 15 14 1 8 1 14 1 3 14 3 4 4 4 14 3
split_gain=96.4531 38.0998 79.8818 49.5831 80.8502 84.8094 59.2292 53.595 49.1844 39.643 73.6662 36.5518 23.1523 22.8647 20.2558 10.0948 1.78573 3.09128 1.75577 1.97206 2.85945 1.29927 1.017 1.12562 1.01352 0.952932 0.44125
threshold=0.98650000000000004 1.0000000180025095e-35 28.500000000000004 0.51900000000000002 27.500000000000004 0.8198000000000002 7.5000000000000009 0.56635000000000002 14.500000000000002 30.500000000000004 37.500000000000007 1.0000000180025095e-35 26.500000000000004 40.500000000000007 0.87230000000000019 1.0000000180025095e-35 0.8136500000000001 41.500000000000007 0.9215500000000002 12.500000000000002 34.500000000000007 4.5000000000000009 0.81165000000000009 0.80605000000000004 0.86425000000000007 33.500000000000007 14.500000000000002
decision_type=2 2 2 2 2 2 2 2 2 2 2 2 2 2 2 2 2 2 2 2 2 2 2 2 2 2 2
left_child=1 2 8 6 12 -6 7 -3 15 11 -11 -4 -5 -10 -8 -1 17 21 22 20 -20 25 23 -18 -24 -2 -21
right_child=16 3 9 4 5 -7 14 -9 13 10 -12 -13 -14 -15 -16 -17 18 -19 19 26 -22 -23 24 -25 -26 -27 -28
leaf_value=0.06399830736588695 0.032449559074252392 0.001769734297101609 -0.062391854295691142 0.0046824696716216913 -0.031124531801889989 0.0014810705568768664 0.050531044018084295 0.021878255845092377 -0.035706507413805232 -0.034330949782177371 0.060397132826213444 0.083293311202757472 0.035648559083712179 0.052278694910567504 0.010309854357314824 0.007129275687052343 0.032904054476590512 -0.008618843891195679 0.031951246419103595 0.051836241397811234 0.01938001694994132 0.058138582175659495 0.041511517202017192 0.012201794271667303 0.0069525795295830896 0.0089997191707805613 0.033630471668239036
leaf_weight=14.060757279396059 9.7831068895757287 3600.7863479815423 4.9687331095337859 470.44731991738081 440.34332262910903 364.53397968038917 91.693890210241079 364.94768103025854 274.86991133913398 53.290557034313679 33.378256596624851 32.252393081784248 69.246662326157093 7.5877432227134696 47.527627646923065 17.534981116652489 52.088206447660923 8.5400607287883741 86.705574253574014 8.6500223800539953 94.572584306821227 2.9097522795200339 47.63161626085639 7.5129833929240695 2.2204353697597972 7.7757211066782466 5.4095649681985369
leaf_count=28 71 14145 34 1366 4477 1443 233 941 1537 331 76 103 177 33 123 52 475 30 787 90 874 13 446 69 22 43 53
internal_value=0.00235813 0.000875726 -0.0133128 0.00201597 -0.00631739 -0.0163572 0.00474554 0.00362023 -0.026725 0.0206864 0.00215113 0.0638455 0.00865564 -0.0333429 0.0368003 0.0324372 0.0285044 0.0166502 0.0296326 0.026792 0.0253929 0.0271932 0.0347023 0.0302944 0.0399722 0.0220651 0.0448314
internal_weight=6221.27 5887.47 437.943 5449.53 1344.57 804.877 4104.96 3965.73 314.053 123.89 86.6688 37.2211 539.694 282.458 139.222 31.5957 333.8 29.0086 304.791 195.338 181.278 20.4686 109.453 59.6012 49.8521 17.5588 14.0596
internal_count=28072 25099 2194 22905 7463 5920 15442 15086 1650 544 407 137 1543 1570 356 80 2973 157 2816 1804 1661 127 1012 544 468 114 143
is_linear=0
shrinkage=0.05


Tree=71
num_leaves=26
num_cat=0
split_feature=0 13 15 3 15 1 7 0 1 4 0 0 13 13 13 5 13 6 7 0 7 15 1 0 5
split_gain=90.0812 37.0838 38.0151 47.2889 96.6181 46.8448 36.3291 19.9465 20.2058 15.9433 14.689 13.0934 12.037 12.1821 10.3007 9.64039 7.22525 13.4495 12.479 6.57829 5.45455 5.68713 4.69362 4.3159 1.24061
threshold=0.82685000000000008 16.500000000000004 14.500000000000002 1.0000000180025095e-35 28.500000000000004 0.17030000000000003 0.40865000000000007 0.13100000000000003 0.76695000000000013 0.26570000000000005 0.063150000000000012 0.11585000000000002 4.5000000000000009 3.5000000000000004 12.500000000000002 0.40865000000000007 3.5000000000000004 0.83795000000000008 0.83750000000000013 0.15300000000000002 0.71330000000000016 16.500000000000004 0.93215000000000015 0.9487000000000001 0.54010000000000014
decision_type=2 2 2 2 2 2 2 2 2 2 2 2 2 2 2 2 2 2 2 2 2 2 2 2 2
left_child=1 2 12 4 -4 -5 9 11 -9 19 -11 -8 13 -1 16 -14 20 18 -18 -3 24 -22 -16 -19 -2
right_child=14 6 3 5 -6 -7 7 8 -10 10 -12 -13 15 -15 22 -17 17 23 -20 -21 21 -23 -24 -25 -26
leaf_value=0.025324920483656522 0.055846704561170017 -0.043512654715983881 -0.034109144415973534 0.041194972063870634 0.02580082372883663 -0.00068450701913336427 0.021696128110378729 0.0005650283991657254 0.023608394349957627 0.078848996006200558 -0.0038861399235370548 0.056692145997471168 0.068073592571497601 -0.04262794060629823 -0.053017071992711766 -0.0031055311808453282 0.024609444745716129 0.028794634585658431 -0.010228569251702726 -0.0051744183585688865 0.053917099086079667 0.0092664774317530989 0.0052268719360934572 -0.044312750398212593 0.037011241022197709
leaf_weight=59.867690116167068 31.579917818307877 39.801305916160345 266.34858018904924 67.750701207667589 90.050666473805904 4625.5050168335438 61.112786840647459 180.4051562063396 201.26055792719126 6.103522151708602 44.324148003011942 47.501904651522636 26.12558397650719 7.4120475053787223 5.7166943252086631 5.8159252777695647 50.420402832329273 256.91642505675554 52.438157506287098 15.564380720257757 10.511655732989309 22.177250806242228 8.7582921087741834 2.0347702428698531 12.088766843080519
leaf_count=155 84 245 1508 230 391 20158 198 1039 566 18 197 107 50 25 27 26 123 2468 184 71 35 95 23 14 35
internal_value=0.00224778 0.000555744 -0.000811081 -0.00141331 -0.0189718 -7.9945e-05 0.0123624 0.0180963 0.0127163 -0.0142106 0.00612772 0.0370014 0.0298382 0.0178387 0.0237232 0.0551133 0.0250941 0.0221445 0.00684873 -0.032735 0.0390703 0.0236246 -0.0177758 0.0282202 0.0506325
internal_weight=6197.59 5744.95 5148.88 5049.65 356.399 4693.26 596.074 490.28 381.666 105.793 50.4277 108.615 99.2212 67.2797 452.642 31.9415 438.167 361.81 102.859 55.3657 76.3576 32.6889 14.475 258.951 43.6687
internal_count=28072 24984 22543 22287 1899 20388 2441 1910 1605 531 215 305 256 180 3088 76 3038 2789 307 316 249 130 50 2482 119
is_linear=0
shrinkage=0.05


Tree=72
num_leaves=23
num_cat=0
split_feature=0 4 2 9 9 3 0 15 13 0 15 4 13 13 9 13 2 15 0 14 8 15
split_gain=83.319 36.3316 52.1134 34.2391 126.631 28.292 27.8877 26.1473 19.4981 13.9621 16.9411 10.5034 9.52433 6.80432 12.3887 18.03 5.8082 12.2226 4.57315 3.7459 2.23991 0.145631
threshold=0.82685000000000008 0.23015000000000005 1.5000000000000002 0.8935439560439562 0.20060362173038235 1.5000000000000002 0.053100000000000008 39.500000000000007 31.500000000000004 0.059400000000000001 29.500000000000004 0.55215000000000003 12.500000000000002 3.5000000000000004 0.99975502204801581 11.500000000000002 14.500000000000002 19.500000000000004 0.9487000000000001 37.500000000000007 1.0000000180025095e-35 35.500000000000007
decision_type=2 2 2 2 2 2 2 2 2 2 2 2 2 2 2 2 2 2 2 2 2 2
left_child=1 8 5 4 -4 6 -3 -5 9 21 -11 -7 13 16 15 -15 20 -18 -16 -14 -2 -1
right_child=12 2 3 7 -6 11 -8 -9 -10 10 -12 -13 19 14 18 -17 17 -19 -20 -21 -22 -23
leaf_value=-0.057485461450947642 0.052908644002609265 -0.018664668955225155 -0.0008847823739527934 0.0041385162885974646 -0.042464673279768272 0.054149441077232609 0.023831349223327282 -0.074492220678091178 0.099948907268823828 -0.040656530662661568 -0.0015998691101023522 -0.017776098966945247 -0.049850799259003646 -0.026304915633271742 0.028301093117022832 0.019719089778892428 -0.071976207207329029 0.039548673021604364 -0.048721704199247665 0.0028392887363271353 0.03398015370673587 -0.065729960891941219
leaf_weight=19.217224460095171 33.627146050333977 52.406492754817009 2302.8288146611303 2811.7688387967646 198.92816414870322 68.636849530041218 146.60630105808377 10.612509191036223 3.0794743150472632 51.271612226963043 60.557892851531506 5.4811405763030043 5.4154665619134894 29.039170980453491 243.97737316787243 79.639113746583462 3.531463809311389 8.0727560594677907 1.9425009116530407 8.9444748088717443 29.201676141470671 7.4261313863098612
leaf_count=188 98 276 10694 9597 2699 171 485 43 7 423 330 21 22 110 2087 579 15 30 13 28 106 50
internal_value=0.00214134 0.000527899 0.00116056 6.78194e-05 -0.00419102 0.0224614 0.0126408 0.00384285 -0.0244888 -0.0272562 -0.0195066 0.0488304 0.0230241 0.0243648 0.0214799 0.00742133 0.0381085 0.00560877 0.0276927 -0.0170314 0.044111 -0.0597834
internal_weight=6182.21 5738.82 5597.27 5324.14 2501.76 273.131 199.013 2822.38 141.552 138.473 111.83 74.118 443.391 429.031 354.598 108.678 74.433 11.6042 245.92 14.3599 62.8288 26.6434
internal_count=28072 24984 23986 23033 13393 953 761 9640 998 991 753 192 3088 3038 2789 689 249 45 2100 50 204 238
is_linear=0
shrinkage=0.05


Tree=73
num_leaves=29
num_cat=0
split_feature=6 6 14 1 4 14 1 1 0 0 5 15 0 4 4 2 2 0 14 8 1 1 1 4 15 14 9 1
split_gain=80.4144 34.468 69.0819 76.3477 59.0709 37.9731 55.4673 38.1333 34.6751 36.3023 31.6886 23.7684 19.251 17.8365 12.4747 8.69644 2.00428 2.79428 6.28153 7.90999 3.20095 2.91979 1.66042 1.27648 0.813797 0.57047 1.90421 0.979888
threshold=0.98650000000000004 0.51900000000000002 27.500000000000004 0.8198000000000002 0.56635000000000002 17.500000000000004 0.82480000000000009 0.23305000000000003 0.68300000000000016 0.8136500000000001 0.58500000000000008 26.500000000000004 0.49390000000000006 0.53910000000000002 0.68870000000000009 16.500000000000004 23.500000000000004 0.90160000000000007 39.500000000000007 1.0000000180025095e-35 0.94030000000000014 0.9215500000000002 0.97015000000000018 0.76830000000000009 19.500000000000004 49.500000000000007 -1.0000000180025095e-35 0.9607500000000001
decision_type=2 2 2 2 2 2 2 2 2 2 2 2 2 2 2 2 2 2 2 2 2 2 2 2 2 2 2 2
left_child=1 4 11 12 5 7 -7 -1 14 -10 -5 13 -4 -3 -6 -13 17 20 24 -20 21 -2 25 -22 -19 27 -27 -18
right_child=16 2 3 10 8 6 -8 -9 9 -11 -12 15 -14 -15 -16 -17 22 18 19 -21 23 -23 -24 -25 -26 26 -28 -29
leaf_value=0.064534027996263219 0.029471249307773974 -0.025236131415487695 -0.039579869700185906 0.028256291234224101 0.023197699953175013 0.0018547102618537859 0.024007245783250645 -0.0067740900179456059 -0.041617801294459841 0.035518856146422827 -0.0068108458583395065 0.026613354184575985 -0.01854227059492344 0.0065308244722837418 0.048079414965426892 0.074589421351430693 0.051619454597675855 0.052726848332490188 -0.082575097092220412 0.007789686305672088 0.019598501288937017 0.016922295248018106 -0.011491246888183579 0.044349324442847851 0.023494519624628007 -0.025614550017333579 0.051385930629014712 0.031634788325404617
leaf_weight=19.014207769185305 128.00461652316153 49.214059494435787 232.81219040229917 83.686204366385937 267.43353465572 2421.0666837729514 319.91101302206516 1341.6450385600328 39.955582067370415 24.670933812856674 279.88048918172717 61.186738908290863 204.0532865729183 432.61780859529972 62.065034061670303 11.170024573802946 16.106289952993404 2.6177420616149929 3.3112052865326378 9.0146134532988071 6.1721134409308425 72.666869685053825 1.5572829619050015 33.391241818666458 26.307385336607695 1.2910723462700846 2.1235311627387992 9.9062730595469457
leaf_count=61 1134 172 3063 233 666 10837 816 4793 134 79 1210 165 1464 1244 142 20 183 19 25 90 59 704 15 333 260 14 27 110
internal_value=0.00204052 0.000720567 -0.00627107 -0.0156663 0.00282722 0.0010506 0.00444023 -0.00577761 0.0213164 -0.0121712 0.00126095 0.00729883 -0.0297535 0.00328616 0.0278845 0.0340196 0.026754 0.0254254 0.0134034 -0.0164859 0.0274897 0.024927 0.0388238 0.0404881 0.0261401 0.0414865 0.0222718 0.0440088
internal_weight=6162.85 5850.38 1354.62 800.432 4495.76 4101.64 2740.98 1360.66 394.125 64.6265 363.567 554.189 436.865 481.832 329.499 72.3568 312.47 281.486 41.2509 12.3258 240.235 200.671 30.9844 39.5634 28.9251 29.4272 3.4146 26.0126
internal_count=28072 25099 7571 5970 17528 16507 11653 4854 1021 213 1443 1601 4527 1416 808 185 2973 2624 394 115 2230 1838 349 392 279 334 41 293
is_linear=0
shrinkage=0.05


Tree=74
num_leaves=26
num_cat=0
split_feature=6 4 2 6 14 3 3 4 13 0 2 4 2 0 14 8 3 15 0 15 4 9 0 0 15
split_gain=74.6661 33.9434 46.2023 33.7232 60.2058 57.2687 26.9029 25.7922 17.3958 13.6381 16.4465 9.97415 1.98068 2.67344 5.785 6.56963 4.26817 1.99981 1.33998 0.806509 0.565167 1.80196 0.967943 0.476526 0.123844
threshold=0.98650000000000004 0.23015000000000005 1.5000000000000002 0.51900000000000002 27.500000000000004 7.5000000000000009 1.5000000000000002 0.53140000000000009 31.500000000000004 0.059400000000000001 1.5000000000000002 0.55215000000000003 23.500000000000004 0.90160000000000007 39.500000000000007 1.0000000180025095e-35 8.5000000000000018 33.500000000000007 0.94205000000000017 19.500000000000004 0.86205000000000009 -1.0000000180025095e-35 0.92405000000000015 0.86755000000000015 35.500000000000007
decision_type=2 2 2 2 2 2 2 2 2 2 2 2 2 2 2 2 2 2 2 2 2 2 2 2 2
left_child=1 8 6 5 -5 -4 7 -3 9 24 -11 -8 13 16 19 -16 17 -2 20 -15 22 -22 -14 -18 -1
right_child=12 2 3 4 -6 -7 11 -9 -10 10 -12 -13 18 14 15 -17 23 -19 -20 -21 21 -23 -24 -25 -26
leaf_value=-0.057098382273107533 0.023536615234805939 0.0052733985775268687 0.0014158033974373792 0.006231719794899602 -0.015452937710338531 0.034203757367101004 0.052964895955622975 0.060430618427008281 0.093050675004326427 0.027566731789153743 -0.02680628089984842 -0.017100877830473298 0.051521641944805574 0.052587803258395953 -0.072864667917481238 0.0074547199311704448 0.035413137364219117 0.047460183288832863 -0.0040646109912708499 0.022822588454146298 -0.023747150909593569 0.051316517263451392 0.031304031009977855 0.051662967167728502 -0.064843734466979802
leaf_weight=18.445159588009123 202.28649238497019 175.01714276149869 3960.591321343556 538.76858352124691 788.62460959516466 137.81080938130617 66.512503899633884 24.114834628999233 3.1181407123804084 16.32056262716651 94.059876885265112 5.4992584958672515 14.998143918812284 2.4964908361434963 3.5579345300793621 8.9503670763224363 6.1752337589859989 9.1295400187373144 1.7575411275029171 25.742407239973545 1.3221337236464026 2.0226286873221389 9.7808437608182413 16.746296562254429 7.1660571172833434
leaf_count=188 1900 706 15270 1565 5958 355 171 55 7 107 646 21 180 19 25 90 70 79 16 260 14 27 112 181 50
internal_value=0.00194601 0.000685693 0.00128156 0.000274974 -0.00665147 0.00251831 0.021424 0.0119529 -0.0237166 -0.0263939 -0.0187668 0.0476142 0.0260642 0.0247362 0.0129154 -0.0153918 0.0267916 0.0245697 0.0382903 0.025454 0.0409372 0.021645 0.0435413 0.0472851 -0.0592655
internal_weight=6141.01 5836.05 5696.94 5425.8 1327.39 4098.4 271.144 199.132 139.11 135.992 110.38 72.0118 304.966 275.085 40.7472 12.5083 234.338 211.416 29.8813 28.2389 28.1238 3.34476 24.779 22.9215 25.6112
internal_count=28072 25099 24101 23148 7523 15625 953 761 998 991 753 192 2973 2624 394 115 2230 1979 349 279 333 41 292 251 238
is_linear=0
shrinkage=0.05


Tree=75
num_leaves=27
num_cat=0
split_feature=0 13 2 3 0 1 3 12 7 13 0 5 2 0 15 0 0 5 5 5 15 1 15 2 5 5
split_gain=69.4702 34.3043 37.7921 190.243 57.2895 45.2626 44.2795 35.6674 31.9001 29.7373 17.8241 18.1646 13.7487 26.7984 21.7958 12.7669 8.5745 9.41036 16.4565 7.65135 4.94981 2.73291 4.63309 4.11191 0.0932648 0.000562363
threshold=0.82685000000000008 16.500000000000004 4.5000000000000009 1.5000000000000002 0.19805000000000003 0.47495000000000004 2.5000000000000004 1.0000000180025095e-35 0.40865000000000007 5.5000000000000009 0.13100000000000003 0.23845000000000002 2.5000000000000004 0.20880000000000004 31.500000000000004 0.11585000000000002 0.86755000000000015 0.30265000000000003 0.30665000000000003 0.37575000000000008 16.500000000000004 0.94805000000000017 27.500000000000004 15.500000000000002 0.60500000000000009 0.51315000000000011
decision_type=2 2 2 2 2 2 2 2 2 2 2 2 2 2 2 2 2 2 2 2 2 2 2 2 2 2
left_child=1 2 3 4 -1 9 -5 -7 12 -4 15 -12 14 -14 -3 -10 17 -2 -19 -20 24 23 -23 -22 25 -18
right_child=16 8 5 6 -6 7 -8 -9 10 -11 11 -13 13 -15 -16 -17 20 18 19 -21 21 22 -24 -25 -26 -27
leaf_value=-0.016158954981833781 0.062567662139969393 0.050475510192010235 -0.002000451305916261 0.011110549127964678 0.0039378052728368477 -0.076158961360651201 0.032633621171070659 -0.0022917688152226524 0.019986254750456654 -0.036273450977657287 -0.026262799951708687 0.015212793922898591 -0.06441636236422732 0.0085889801231245119 -0.017987141489520474 0.054754911979483213 0.055270066957928445 -0.102496016114572 0.062326519984461717 0.010932432050339952 0.018569762542736241 0.027486110700140301 0.0039281271760663247 0.037780490676249841 0.047331780657594254 0.055929716906364328
leaf_weight=850.22454839386046 9.3412388712167722 17.322164356708527 97.960222346708179 528.4634120631963 608.36020635440946 16.454366639256477 436.21672277152538 2395.6328859515488 60.456783648580313 178.82684898003936 28.547058917582035 350.77009302936494 28.233412798494101 22.657868050038815 35.348920993506908 46.873416189104319 6.1438079774379748 3.1327095180749884 7.560611054301261 171.78584413789213 43.784618906676769 60.475492307916284 31.868760876357555 76.559500025585294 4.6032706573605529 6.8147210776805878
leaf_count=4249 18 75 635 1732 1923 118 1116 10751 198 2019 100 1505 187 93 176 107 24 13 14 1209 375 429 242 720 19 25
internal_value=0.00185448 0.000405702 -0.000912006 0.00361649 -0.00777681 -0.00499317 0.020843 -0.00279566 0.0118191 -0.0241436 0.0171815 0.0120914 -0.0133791 -0.0319128 0.00452846 0.0351705 0.0214281 0.0136202 0.0111145 0.013099 0.0279328 0.0258263 0.0193561 0.0307911 0.0534453 0.055617
internal_weight=6124.42 5702.35 5112.14 2423.26 1458.58 2688.87 964.68 2412.09 590.21 276.787 486.647 379.317 103.562 50.8913 52.6711 107.33 422.071 191.82 182.479 179.346 230.25 212.688 92.3443 120.344 17.5618 12.9585
internal_count=28072 24984 22543 9020 6172 13523 2848 10869 2441 2654 1910 1605 531 280 251 305 3088 1254 1236 1223 1834 1766 671 1095 68 49
is_linear=0
shrinkage=0.05


Tree=76
num_leaves=29
num_cat=0
split_feature=6 7 6 14 0 3 13 2 14 0 0 3 15 15 15 15 2 0 14 8 3 15 0 15 5 9 0 0
split_gain=66.1303 32.4067 42.1284 56.7982 59.2968 44.3626 42.8093 26.1368 31.6337 25.3765 23.8619 22.3856 22.0124 21.9513 13.9085 9.32118 1.93244 2.648 5.14374 5.53192 4.20317 2.00601 1.28818 0.812552 0.580715 1.7757 0.990006 0.487658
threshold=0.98650000000000004 0.39175000000000004 0.51900000000000002 27.500000000000004 0.48215000000000002 7.5000000000000009 13.500000000000002 2.5000000000000004 20.500000000000004 0.53950000000000009 0.17975000000000002 2.5000000000000004 26.500000000000004 14.500000000000002 16.500000000000004 36.500000000000007 23.500000000000004 0.90160000000000007 39.500000000000007 1.0000000180025095e-35 8.5000000000000018 33.500000000000007 0.94205000000000017 19.500000000000004 0.86205000000000009 -1.0000000180025095e-35 0.92405000000000015 0.86755000000000015
decision_type=2 2 2 2 2 2 2 2 2 2 2 2 2 2 2 2 2 2 2 2 2 2 2 2 2 2 2 2
left_child=1 7 5 12 -5 6 -3 8 13 -7 15 -10 -4 -1 -12 -9 17 20 23 -20 21 -2 24 -19 26 -26 -18 -22
right_child=16 2 3 4 -6 9 -8 10 11 -11 14 -13 -14 -15 -16 -17 22 18 19 -21 27 -23 -24 -25 25 -27 -28 -29
leaf_value=0.084117574953631855 0.022457207697705827 0.0010299542650296035 0.0026304558721071802 -0.035628869165657086 -0.0055193252074869845 0.056628938842332013 0.015147864654382904 -0.043130710296255592 0.0079737427327405529 0.013153611368431663 0.058827744063785339 0.063869586591911165 0.032278590675798517 -0.022309957176585252 -0.011347082656089887 -0.010306877287028053 0.05139792631657162 0.052378048880525767 -0.065319611249331444 0.0069609756839589462 0.034631805909618035 0.047039953030867242 -0.0040572904996583233 0.021371605439080944 -0.024620076353983018 0.05122215780151123 0.030355920668913152 0.051521014039039317
leaf_weight=5.0423493683338156 195.51127162948251 3089.5304271820933 479.51671272516251 232.35044050589204 551.96051702089608 60.667132306843996 649.90629992820323 106.55432710424066 140.87111524492502 75.133869849145412 7.373839743435382 20.521644547581673 72.006726033985615 123.77918537706137 166.36584798619151 27.137191377580166 13.836240783333787 2.3115266039967564 3.7754709161818001 8.8572348617017269 5.9158888515085009 8.6666271463036519 1.7577557116746891 24.59461422637105 1.3074447698891163 1.883686661720275 9.3790798280388099 15.399898856878279
leaf_count=9 1900 11343 1416 3064 2906 151 2565 744 703 200 28 41 185 822 808 114 180 19 25 90 70 79 16 260 14 27 112 181
internal_value=0.00176828 0.000598847 0.0018636 -0.00579354 -0.0144392 0.0045031 0.00348362 -0.010429 0.000332929 0.0325756 -0.0205882 0.0150811 0.00650131 -0.0181442 -0.00836873 -0.036468 0.0249368 0.0236135 0.0116782 -0.0146411 0.0257063 0.0235007 0.0373889 0.0240354 0.0401478 0.0201487 0.0428969 0.0468337
internal_weight=6101.91 5808.72 5211.07 1335.83 784.311 3875.24 3739.44 597.646 290.214 135.801 307.431 161.393 551.523 128.822 173.74 133.692 293.197 265.033 39.5388 12.6327 225.494 204.178 28.1642 26.9061 26.4065 3.19113 23.2153 21.3158
internal_count=28072 25099 21830 7571 5970 14259 13908 3269 1575 351 1694 744 1601 831 836 858 2973 2624 394 115 2230 1979 349 279 333 41 292 251
is_linear=0
shrinkage=0.05


Tree=77
num_leaves=28
num_cat=0
split_feature=6 9 9 9 9 15 3 15 3 15 15 15 3 3 13 5 1 14 1 3 14 3 5 5 5 14 3
split_gain=61.2985 31.9106 121.611 81.9094 83.2627 36.1898 28.4502 27.7689 39.1518 69.9704 49.6056 15.1253 35.8265 15.3604 13.2288 9.78492 1.61269 3.08241 2.13686 2.17625 3.04502 1.36476 1.08751 1.23429 1.18792 1.00802 0.490962
threshold=0.98650000000000004 0.8935439560439562 0.20060362173038235 0.19836704593341761 0.10535714285714286 37.500000000000007 1.0000000180025095e-35 17.500000000000004 4.5000000000000009 24.500000000000004 28.500000000000004 15.500000000000002 1.5000000000000002 1.0000000180025095e-35 21.500000000000004 0.29300000000000009 0.8136500000000001 41.500000000000007 0.9215500000000002 12.500000000000002 34.500000000000007 4.5000000000000009 0.81165000000000009 0.80230000000000012 0.86425000000000007 33.500000000000007 14.500000000000002
decision_type=2 2 2 2 2 2 2 2 2 2 2 2 2 2 2 2 2 2 2 2 2 2 2 2 2 2 2
left_child=1 2 3 4 -1 14 -7 11 10 -10 -9 12 -3 -13 -4 -5 17 21 22 20 -20 25 23 -18 -24 -2 -21
right_child=16 7 5 15 -6 6 -8 8 9 -11 -12 13 -14 -15 -16 -17 18 -19 19 26 -22 -23 24 -25 -26 -27 -28
leaf_value=0.00043170824851896912 0.029682008070442741 -0.021458186515225203 -0.045767822122229421 0.016560767199245381 -0.050633896096242359 0.12651692289818714 -0.054635693820112408 -0.0084490376032312926 0.024393373783025162 -0.0022843525922405187 0.010819860972670469 -0.0080218242450282185 0.049574813686858926 0.025514802111721829 0.024974583116107174 0.093834748263520673 0.029592212948748059 -0.013028123687757631 0.027888292879765866 0.051464773988395211 0.013836824975996113 0.057198599193898886 0.03927673552821026 0.0064419965745384673 -0.0013189579274100916 0.0043217686400885006 0.030447277943791925
leaf_weight=2489.7058442905545 8.7414592579007202 64.496695496141911 201.47117277607322 4.8816803693771389 82.468078130856156 5.7173641920089704 3.4906520694494247 1103.9274767115712 457.57743557170033 531.02160114049911 478.9082611091435 38.902334876358509 24.491742193698883 279.09349531307817 6.8325814288109532 25.475537678226829 45.003472473472357 8.1711300611495954 73.237645553424954 6.8928464986383897 81.416833061724901 2.6313646808266631 40.22772715613246 6.6023782417178145 1.8865678012371052 7.1015976481139651 4.6551599986851215
leaf_count=11165 71 206 2807 24 771 8 64 4298 1225 1817 1614 163 60 711 54 112 475 30 787 90 874 13 446 69 22 43 53
internal_value=0.00168396 0.000568324 -0.00324362 -0.000241887 -0.00120554 -0.0391594 0.0578441 0.00417757 0.00225688 0.0100636 -0.00261897 0.016313 -0.00190821 0.0214121 -0.0434474 0.0814085 0.0242578 0.0125429 0.0254588 0.0220544 0.020491 0.0238528 0.031496 0.0266304 0.0374582 0.0183144 0.0429923
internal_weight=6085.03 5798.46 2820.04 2602.53 2572.17 217.512 9.20802 2978.42 2571.43 988.599 1582.84 406.984 88.9884 317.996 208.304 30.3572 286.568 26.6456 259.923 166.202 154.654 18.4744 93.7201 51.6059 42.1143 15.8431 11.548
internal_count=28072 25099 15005 12072 11936 2933 72 10094 8954 3042 5912 1140 266 874 2861 136 2973 157 2816 1804 1661 127 1012 544 468 114 143
is_linear=0
shrinkage=0.05


Tree=78
num_leaves=29
num_cat=0
split_feature=0 9 9 9 0 1 1 9 9 15 15 1 13 6 4 9 0 7 0 7 15 7 9 6 1 7 0 7
split_gain=57.2676 29.1636 70.2315 46.0495 39.8254 79.3977 33.1563 29.1644 46.7826 26.9065 23.0272 8.5555 8.43371 14.3077 17.1276 10.0541 9.77142 7.0139 6.39854 5.50175 5.72869 5.20981 4.78363 1.51262 1.49569 1.55156 0.546139 0.167869
threshold=0.82685000000000008 0.99005568379481257 0.10535714285714286 0.99635195974576296 0.6120000000000001 0.79060000000000008 0.95060000000000011 0.16401960784313721 0.20060362173038235 39.500000000000007 17.500000000000004 0.16475000000000004 3.5000000000000004 0.78320000000000012 0.67670000000000008 0.99975502204801581 0.86755000000000015 0.47945000000000004 0.95295000000000007 0.71330000000000016 16.500000000000004 0.99350000000000016 0.99975502204801581 0.27075000000000005 0.9215500000000002 0.60135000000000016 0.92055000000000009 0.77300000000000013
decision_type=2 2 2 2 2 2 2 2 2 2 2 2 2 2 2 2 2 2 2 2 2 2 2 2 2 2 2 2
left_child=1 2 4 23 5 -1 -6 11 -9 10 -5 -4 19 14 15 -14 -16 -11 22 24 27 -22 -15 -3 25 -2 -26 -21
right_child=12 3 7 9 6 -7 -8 8 -10 17 -12 -13 13 18 16 -17 -18 -19 -20 20 21 -23 -24 -25 26 -27 -28 -29
leaf_value=-0.0018499728568728115 0.050143601188481823 0.090819016885712964 0.079988781066200207 0.014944977120734155 -0.018242682930161631 0.02383136733530275 0.04853523542564657 0.023478480804838574 -0.025085739822972859 -0.09728449948808153 0.001817478176164118 -0.06059043603914735 -0.0044717691222211208 0.012588300532466876 -0.035841987227988169 0.042284480410359079 0.0094636457425586948 -0.011487644066204445 -0.080650428502004975 0.044842221206550487 -0.011195981032800874 0.044508940052105955 0.028358497202969776 0.064396272164469845 0.058878849444764431 0.014771546670042456 0.042868198488123371 0.058359950160734843
leaf_weight=1672.4744627829641 6.6265932321548444 8.8272498846054095 1.1061975955963124 388.0900049097836 362.4901931360364 367.00566108524799 19.593067988753319 59.111748695373535 307.8457254152745 8.2769193500280362 2399.20522037521 50.07584610208869 20.063448444008827 67.464407466351986 32.836832016706467 26.930018931627274 18.666794970631599 3.3446719497442237 1.4746151417493809 4.2528005987405795 14.663209326565267 5.8806983642280093 167.41454641334713 14.017932921648024 19.675782144069675 5.8256473317742348 7.3033376783132544 4.9932841137051582
leaf_count=8309 14 12 11 1110 1662 980 49 396 3418 36 8468 495 56 569 137 61 52 12 9 17 52 43 1955 26 62 16 27 18
internal_value=0.00160374 0.000305805 -0.00327145 0.0039058 -3.97476e-06 0.0027714 -0.0148183 -0.0221943 -0.0172627 0.00332874 0.00364529 -0.0575521 0.0197892 0.0165049 0.000494648 0.0223223 -0.0194216 -0.0725923 0.023177 0.0356767 0.0194591 0.00474957 0.0238288 0.0746059 0.0479289 0.0335952 0.0545447 0.0521424
internal_weight=6065.54 5661.46 2839.7 2821.76 2421.56 2039.48 382.083 418.14 366.957 2798.92 2787.3 51.182 404.072 334.851 98.4971 46.9935 51.5036 11.6216 236.354 69.2214 29.79 20.5439 234.879 22.8452 39.4314 12.4522 26.9791 9.24608
internal_count=28072 24984 15320 9664 11000 9289 1711 4320 3814 9626 9578 506 3088 2839 306 117 189 48 2533 249 130 95 2524 38 119 30 89 35
is_linear=0
shrinkage=0.05


Tree=79
num_leaves=31
num_cat=0
split_feature=6 2 3 2 3 15 15 15 3 7 15 6 3 5 14 15 2 14 5 2 3 2 5 3 3 2 5 14 8 5
split_gain=53.5464 31.3185 32.8669 130.568 49.7258 48.789 39.2692 31.2544 30.1258 22.7984 18.684 16.8347 16.2475 3.92853 3.90081 2.04187 1.9627 2.71382 2.14662 1.88863 3.5404 2.09847 1.03018 1.01625 0.843671 0.776861 1.40271 0.609234 0.000122696 5.73523e-06
threshold=0.98650000000000004 1.5000000000000002 1.5000000000000002 4.5000000000000009 4.5000000000000009 16.500000000000004 37.500000000000007 17.500000000000004 1.5000000000000002 0.41730000000000006 37.500000000000007 0.27335000000000004 1.0000000180025095e-35 0.32690000000000002 25.500000000000004 29.500000000000004 21.500000000000004 33.500000000000007 0.74850000000000005 20.500000000000004 10.500000000000002 15.500000000000002 0.71210000000000007 4.5000000000000009 9.5000000000000018 23.500000000000004 0.83825000000000005 45.500000000000007 1.0000000180025095e-35 0.82895000000000019
decision_type=2 2 2 2 2 2 2 2 2 2 2 2 2 2 2 2 2 2 2 2 2 2 2 2 2 2 2 2 2 2
left_child=1 8 6 5 -5 -4 7 -3 9 10 -1 -11 -8 15 -15 -10 17 18 22 21 -21 -19 -2 -20 28 26 -26 -27 -18 -30
right_child=16 2 3 4 -6 -7 12 -9 13 11 -12 -13 -14 14 -16 -17 24 19 23 20 -22 -23 -24 -25 25 27 -28 -29 29 -31
leaf_value=-0.020259274257720793 0.052163238422069581 0.0027204200363947616 0.04944340009449355 -0.011432723810950502 0.0017672052921621042 0.014029099876309625 0.061346170470685857 -0.013913097578166412 0.060071641280102943 0.044350368501447711 0.04058420407063254 0.0079123273136295722 0.012617476929487618 0.013588677383749598 0.064171204017737182 0.038451423373327624 0.051766085318938983 0.013684838821168896 0.044652057284787841 -0.023357217782041209 0.052021127598535444 0.026874727194701881 0.010718327008090649 0.02923475796480314 0.011449778703634152 0.041572637110931933 0.052442554163014937 0.025468678379841254 0.05129931236071128 0.051173735651429166
leaf_weight=82.563927371054888 1.624501153826716 402.08836307562888 109.93159520626068 1125.8681268543005 1947.8489366210997 843.27953074686229 23.307830363512039 948.8501458838582 32.439190037548542 48.496544376015663 14.893922865390776 91.513275116682053 64.292751375585794 14.922446176409723 5.1189645528793326 16.4628546833992 1.6393238157033909 84.875251397490501 13.099204234778879 6.6507948841899616 2.0342072546482086 46.77291159145534 19.466825053095818 58.085118325427175 9.8870575651526433 15.260358199477198 2.6451675668358794 9.5472868308424932 2.2077747434377675 1.5458593294024465
leaf_count=586 14 1304 270 6668 8266 2531 48 4543 79 137 43 323 186 48 10 57 19 784 117 78 21 524 209 673 119 209 29 124 30 23
internal_value=0.00152824 0.000500613 -0.000371456 0.00194599 -0.00306778 0.0181133 -0.00685872 -0.00896236 0.0160557 0.00760817 -0.0109609 0.0205337 0.0255827 0.0451524 0.0265084 0.0527932 0.0230699 0.0212606 0.0279207 0.0168812 -0.00570205 0.018371 0.0139105 0.0320718 0.032919 0.030249 0.0201021 0.035375 0.0514052 0.0512476
internal_weight=6047.22 5771.88 5465.47 4026.93 3073.72 953.211 1438.54 1350.94 306.411 237.468 97.4579 140.01 87.6006 68.9435 20.0414 48.902 275.342 232.609 92.2756 140.333 8.685 131.648 21.0913 71.1843 42.7328 37.3399 12.5322 24.8076 5.39296 3.75363
internal_count=28072 25099 23816 17735 14934 2801 6081 5847 1283 1089 629 460 234 194 58 136 2973 2420 1013 1407 99 1308 223 790 553 481 148 333 72 53
is_linear=0
shrinkage=0.05


Tree=80
num_leaves=28
num_cat=0
split_feature=0 2 3 0 15 3 0 2 3 1 4 13 9 4 13 9 9 13 15 2 15 0 4 15 9 0 0
split_gain=50.0908 29.3815 32.3719 69.9412 42.289 28.3312 48.4935 28.1083 136.504 46.755 23.8751 17.7496 9.89718 9.4226 8.36057 11.5879 13.2983 11.0123 6.25921 5.85106 11.2167 5.80208 4.15021 2.46552 1.72595 1.19884 0.132765
threshold=0.82685000000000008 1.5000000000000002 6.5000000000000009 0.32390000000000002 29.500000000000004 1.5000000000000002 0.053100000000000008 4.5000000000000009 1.5000000000000002 0.47495000000000004 0.48685000000000006 15.500000000000002 0.063250000000000015 0.55215000000000003 3.5000000000000004 0.99975502204801581 0.045427272727272712 4.5000000000000009 29.500000000000004 14.500000000000002 19.500000000000004 0.95295000000000007 0.67830000000000013 19.500000000000004 -1.0000000180025095e-35 0.8983000000000001 0.85500000000000009
decision_type=2 2 2 2 2 2 2 2 2 2 2 2 2 2 2 2 2 2 2 2 2 2 2 2 2 2 2
left_child=1 5 7 12 -5 6 10 8 -3 -9 -1 -8 -4 18 19 16 17 -16 -7 23 -21 22 -17 24 -2 -22 -18
right_child=14 2 3 4 -6 13 11 9 -10 -11 -12 -13 -14 -15 15 21 26 -19 -20 20 25 -23 -24 -25 -26 -27 -28
leaf_value=-0.032442052583795032 0.053428443974965462 -0.0080737452939740779 0.088534476559463574 0.013645772673492793 -0.01892271770544689 0.060110390111216286 0.015601913994143077 -0.024290805855731332 0.01661373880942181 -0.003125022275739504 0.12278716952237877 0.062929728180522101 0.043655473599706583 -0.019595711068221035 -0.091866589718322733 0.041143371024108803 -0.062147990124982469 0.0091361718147040926 0.02563843206752537 -0.072577817197652758 0.016585176565326376 -0.074996279718969286 0.019994737474269927 0.0119429053929207 0.034799157070014873 0.05704904719022455 -0.07697837695841514
leaf_weight=69.647181823849678 27.313691206276413 1374.0441766753793 26.262982200831175 387.15226747095585 134.22887634672225 42.874840185046196 141.66629615053535 297.0486214030534 945.03344703651965 2144.9577902425081 2.568414404988288 23.031118657439947 23.081048369407654 5.357756905257701 2.7787697315216056 26.351026058197021 4.1537271440029135 93.643523320555687 19.005397371947765 3.4971512481570226 3.7648425400257111 1.535815156996249 193.85575474053621 6.3779488913714877 22.821010418236259 3.5626550689339638 2.3702365905046463
leaf_count=471 89 5774 58 1446 789 103 546 2943 2860 9748 5 67 83 21 11 61 31 656 70 15 11 9 2060 25 90 19 11
internal_value=0.00145742 0.000255335 -0.000606909 0.0106458 0.00526106 0.0153706 0.00724096 -0.0019558 0.0019865 -0.00569965 -0.0269212 0.0222202 0.067542 0.0440153 0.0187392 0.015414 0.00155095 0.0062254 0.049523 0.034773 0.00109667 0.02185 0.0225255 0.0412235 0.0449485 0.0362589 -0.0675361
internal_weight=6027.99 5635.96 5331.81 570.725 521.381 304.151 236.913 4761.08 2319.08 2442.01 72.2156 164.697 49.344 67.238 392.026 324.689 102.946 96.4223 61.8802 67.3373 10.8246 221.743 220.207 56.5127 50.1347 7.3275 6.52396
internal_count=28072 24984 23701 2376 2235 1283 1089 21325 8634 12691 476 613 141 194 3088 2839 709 667 173 249 45 2130 2121 204 179 30 42
is_linear=0
shrinkage=0.05


Tree=81
num_leaves=28
num_cat=0
split_feature=6 7 6 14 1 7 13 1 3 1 0 13 1 0 9 14 1 14 1 3 14 3 5 5 14 0 3
split_gain=47.4205 27.6109 37.9531 49.5022 67.7439 39.0536 39.2415 24.7889 26.3344 24.8549 21.3231 18.4503 18.0515 15.6935 15.1578 11.6585 1.39462 2.74237 2.40101 2.26835 2.97857 1.39375 1.15872 1.38809 0.916378 0.578209 0.530893
threshold=0.98650000000000004 0.39175000000000004 0.51900000000000002 26.500000000000004 0.8198000000000002 0.67100000000000015 13.500000000000002 0.39210000000000006 2.5000000000000004 0.8136500000000001 0.050400000000000007 8.5000000000000018 0.84415000000000007 0.23000000000000001 0.98360215053763456 41.500000000000007 0.8136500000000001 41.500000000000007 0.9215500000000002 12.500000000000002 34.500000000000007 4.5000000000000009 0.81935000000000013 0.86425000000000007 33.500000000000007 0.94515000000000005 9.5000000000000018
decision_type=2 2 2 2 2 2 2 2 2 2 2 2 2 2 2 2 2 2 2 2 2 2 2 2 2 2 2
left_child=1 7 5 14 -5 6 -3 8 10 13 -1 -7 -11 -9 -4 -10 17 21 22 20 -20 24 26 -24 -2 -21 -18
right_child=16 2 3 4 -6 11 -8 9 15 12 -12 -13 -14 -15 -16 -17 18 -19 19 25 -22 -23 23 -25 -26 -27 -28
leaf_value=-0.040981576597767036 0.02776260200252938 0.00010403096728854021 -0.0026467624353317069 -0.027180839407576068 0.0020799495219124917 0.029167783436513463 0.01397123945756093 -0.032623760328551882 0.053043248912751688 0.084998341326115071 0.0016364377970604907 0.0046639261465150654 -0.0073900002196379605 -0.0093781656771007669 0.014423753188535568 -0.029977707204183548 0.024829506551336616 -0.012963628925961391 0.025487303295845795 0.045979628985300565 0.011024023694949051 0.056761834217611634 0.040692046146698066 -0.005028881612599497 0.0030146894990464444 0.0075089386565166576 0.051292159030215834
leaf_weight=34.507393579930067 8.1252647489309364 2885.8522033393383 249.43839000165462 425.38873844593763 369.7295045889914 215.40585024654865 619.7142507340759 174.52252348139882 30.545138191431761 9.3353377208113688 196.36145977675915 119.40241754986346 12.192280754446982 124.33394507691264 271.67961890250444 4.9082072488963595 55.820432705804706 8.1752517819404584 66.952003782615066 9.3354076296091062 76.01036599650979 2.4886263310909262 27.52996628545225 1.7665970623493183 6.9316294305026522 1.0908364206552494 1.9619234055280674
leaf_count=280 71 10805 824 4570 1473 566 2455 1099 83 23 1139 433 36 577 704 32 632 30 787 134 874 13 331 22 43 9 27
internal_value=0.00138926 0.000433068 0.00160245 -0.00572463 -0.0135746 0.00411371 0.00255548 -0.00984475 0.00142775 -0.0192151 -0.00473357 0.020429 0.0326737 -0.0229528 0.00625278 0.0415497 0.0220203 0.0109543 0.0232039 0.0194395 0.0177975 0.0220988 0.0298349 0.0379351 0.0163696 0.0419547 0.025728
internal_weight=6009.51 5743.32 5156.61 1316.24 795.118 3840.37 3505.57 586.706 266.322 320.384 230.869 334.808 21.5276 298.856 521.118 35.4533 266.188 25.7208 240.468 153.389 142.962 17.5455 87.0789 29.2966 15.0569 10.4262 57.7824
internal_count=28072 25099 21830 7571 6043 14259 13260 3269 1534 1735 1419 999 59 1676 1528 115 2973 157 2816 1804 1661 127 1012 353 114 143 659
is_linear=0
shrinkage=0.05


Tree=82
num_leaves=21
num_cat=0
split_feature=0 4 2 14 0 1 3 4 7 0 2 4 14 7 7 1 14 4 7 5
split_gain=44.1181 26.8311 36.3154 28.1064 52.0762 48.6535 20.1577 22.7513 17.2753 12.6024 18.1795 9.01006 5.22597 3.76123 4.0625 4.20331 1.26754 0.685465 0.00309614 0.00187068
threshold=0.86755000000000015 0.23015000000000005 1.5000000000000002 16.500000000000004 0.6120000000000001 0.54230000000000012 1.5000000000000002 0.53140000000000009 0.52110000000000012 0.063150000000000012 1.5000000000000002 0.55215000000000003 14.500000000000002 0.57930000000000004 0.68800000000000006 0.94805000000000017 9.5000000000000018 0.60425000000000006 0.74835000000000018 0.46845000000000009
decision_type=2 2 2 2 2 2 2 2 2 2 2 2 2 2 2 2 2 2 2 2
left_child=1 8 6 4 -4 -5 7 -3 9 16 -11 -8 18 -14 17 -16 -1 -15 19 -2
right_child=12 2 3 5 -6 -7 11 -9 -10 10 -12 -13 13 14 15 -17 -18 -19 -20 -21
leaf_value=-0.0084290469378758594 0.05455908996922354 0.0049604401672133864 -0.001684814280162544 -0.00592766268673373 -0.028153614497844939 0.0058633669390943778 0.04907094535016035 0.057115672649934703 0.070804394520792749 0.033183868369562948 -0.026149707590247897 -0.018307067981482381 -0.05347049161798071 0.034921396509810319 0.026923126944462347 0.011105449758766983 -0.058445617981127601 0.056366444140824826 0.053496737046297219 0.055949896144948968
leaf_weight=1.3337296769022966 4.7802146822214109 172.81452775374055 1083.8303402140737 1269.4706551851705 224.28210663050413 2814.6866958998144 59.334455229341984 23.78813961148262 4.8569682091474524 15.20085511356592 85.655305791646242 5.4144855067133895 1.6340529173612584 6.4022659808397284 104.18734138086438 70.364982483908534 25.20379651337862 8.9148706942796689 3.339592605829238 4.8919775784015656
leaf_count=10 21 706 3589 7593 836 12269 171 55 9 93 627 21 6 16 1092 628 259 33 19 19
internal_value=0.00132363 0.000516896 0.00103766 0.000155434 -0.00622302 0.00219838 0.0192399 0.011271 -0.0217454 -0.0252739 -0.0172071 0.0434366 0.0241466 0.0220632 0.0227133 0.0205468 -0.0559319 0.0474028 0.0548093 0.0552625
internal_weight=5990.39 5785.87 5653.62 5392.27 1308.11 4084.16 261.352 196.603 132.251 127.394 100.856 64.7489 204.515 191.504 189.869 174.552 26.5375 15.3171 13.0118 9.67219
internal_count=28072 26238 25240 24287 4425 19862 953 761 998 989 720 192 1834 1775 1769 1720 269 49 59 40
is_linear=0
shrinkage=0.05


Tree=83
num_leaves=29
num_cat=0
split_feature=6 9 9 9 9 15 3 15 3 15 15 15 3 3 13 5 2 1 14 1 1 1 5 1 8 3 5 5
split_gain=41.8436 26.153 108.312 66.6894 74.5846 33.308 23.8557 21.8011 31.5402 61.0612 44.728 14.1837 30.6528 14.7635 12.7262 7.82518 1.93917 9.86984 2.57362 2.98537 4.09378 3.65266 2.13187 1.75943 2.0772 1.10171 1.05817 1.04416
threshold=0.98650000000000004 0.8935439560439562 0.20060362173038235 0.19836704593341761 0.10535714285714286 37.500000000000007 1.0000000180025095e-35 17.500000000000004 4.5000000000000009 24.500000000000004 28.500000000000004 15.500000000000002 1.5000000000000002 1.0000000180025095e-35 21.500000000000004 0.29300000000000009 21.500000000000004 0.98915000000000008 33.500000000000007 0.9215500000000002 0.94030000000000014 0.8136500000000001 0.74850000000000005 0.9436500000000001 1.0000000180025095e-35 4.5000000000000009 0.71210000000000007 0.86425000000000007
decision_type=2 2 2 2 2 2 2 2 2 2 2 2 2 2 2 2 2 2 2 2 2 2 2 2 2 2 2 2
left_child=1 2 3 4 -1 14 -7 11 10 -10 -9 12 -3 -13 -4 -5 18 23 22 21 -21 -20 26 27 -25 -24 -2 -18
right_child=16 7 5 15 -6 6 -8 8 9 -11 -12 13 -14 -15 -16 -17 17 -19 19 20 -22 -23 25 24 -26 -27 -28 -29
leaf_value=0.00030380004032976412 0.051986514281248487 -0.020953412355473156 -0.044773461182625103 0.013880438139291873 -0.049384668452681947 0.11556836453723987 -0.054301855773836609 -0.0080125826632318434 0.022509997205357252 -0.002544648121310437 0.010378844822026551 -0.0093214451516653082 0.046549432181592361 0.023555812601899952 0.02469638350291873 0.082110876613357586 0.051116635596650889 -0.10932536371824142 0.0019810666130654782 -0.0069099466482509982 0.018552178843052405 0.028579806325258666 0.04386192122203926 0.00069239535410866421 0.035651417829497052 0.027164247771365713 0.0082871893300009974 -0.0043761964643981533
leaf_weight=2462.6480663716793 1.4979459941387201 64.442626640200615 189.63925826735795 4.9779692515730884 77.912087077274919 5.8655757308006269 3.1912763435393572 1093.0601912736893 450.64197783917189 528.2298700325191 473.92514998838305 39.001380495727062 22.75649382174015 274.27781873196363 6.8298668880015603 26.965234225615859 15.433113299310207 1.2110872641205777 17.174560304731131 28.97330579534173 34.683342661708593 51.944273000583053 12.117920275777577 5.7879971936345109 15.981833094730973 53.458304803818464 18.422867320477962 0.89694714918732721
leaf_count=11165 14 206 2807 24 771 8 64 4298 1225 1817 1614 163 60 711 54 112 246 7 82 325 404 596 117 50 237 673 209 13
internal_value=0.00125966 0.000372587 -0.0031079 -0.000317307 -0.00122001 -0.0380368 0.0557128 0.00365425 0.0019484 0.00898973 -0.00245021 0.0144984 -0.00333709 0.0194628 -0.0423585 0.071478 0.0209734 0.031196 0.0191323 0.0147755 0.0069631 0.0219706 0.0258982 0.0356627 0.0263568 0.0302498 0.0115732 0.0480686
internal_weight=5981.95 5724.36 2778.03 2572.5 2540.56 205.526 9.05685 2946.34 2545.86 978.872 1566.99 400.478 87.1991 313.279 196.469 31.9432 257.583 39.311 218.273 132.775 63.6566 69.1188 85.497 38.0999 21.7698 65.5762 19.9208 16.3301
internal_count=28072 25099 15005 12072 11936 2933 72 10094 8954 3042 5912 1140 266 874 2861 136 2973 553 2420 1407 729 678 1013 546 287 790 223 259
is_linear=0
shrinkage=0.05


Tree=84
num_leaves=22
num_cat=0
split_feature=0 7 13 2 12 14 15 1 15 1 7 15 0 15 7 7 1 8 13 7 5
split_gain=38.712 24.2035 33.6219 34.5932 35.7586 26.4056 23.9161 27.4871 33.2633 24.5308 17.0301 19.76 16.6798 5.2744 3.15038 3.72615 3.84993 1.01365 0.126521 0.00195742 0.000179919
threshold=0.86755000000000015 0.39175000000000004 19.500000000000004 4.5000000000000009 1.0000000180025095e-35 14.500000000000002 14.500000000000002 0.39210000000000006 20.500000000000004 0.8136500000000001 0.71330000000000016 38.500000000000007 0.60235000000000005 16.500000000000004 0.56950000000000012 0.69030000000000002 0.94805000000000017 1.0000000180025095e-35 1.5000000000000002 0.69030000000000002 0.51315000000000011
decision_type=2 2 2 2 2 2 2 2 2 2 2 2 2 2 2 2 2 2 2 2 2
left_child=1 6 3 5 -5 -3 -1 8 -8 -9 11 -4 -12 18 -15 17 -17 -16 -2 20 -20
right_child=13 2 10 4 -6 -7 7 9 -10 -11 12 -13 -14 14 15 16 -18 -19 19 -21 -22
leaf_value=0.075817785494268722 0.042683434516367302 -0.003452682310770241 0.0085392806559406245 -0.067863070174119508 -0.0024524488161327971 0.0091125868981033146 -0.054987736421575228 -0.024405049123358741 0.0071012655186298351 0.030814666610320559 0.07920453778010364 0.048782202243664446 -0.016414308712009672 -0.063833851625664462 0.025080220960005985 0.025294428469492959 0.0098274311852645183 0.052552087764551628 0.054417787124870602 0.053362115122598933 0.05492749942978617
leaf_weight=8.1476641595363599 3.0329144001007053 583.01221037656069 194.36522379517555 21.048517655581236 2848.487772859633 1478.2554155178368 23.721835307776928 287.70966702327132 237.94384380988777 21.623999930918217 20.119602860882882 36.181577011942863 5.8977598249912253 1.0972291082143772 4.8119986206293079 97.772227568551898 68.364629754796624 11.110797196626663 3.3336834460496902 4.7151986435055733 3.6017888933420181
leaf_count=17 10 1917 760 179 14745 5221 197 1664 1332 59 53 73 21 4 14 1085 623 40 15 28 15
internal_value=0.00119924 0.000453116 0.00153548 0.00061726 -0.00293225 0.00555861 -0.00924153 -0.0104552 0.00147246 -0.0205449 0.0191824 0.0148549 0.0575291 0.0229468 0.0206352 0.0211443 0.0189298 0.0442499 0.0517801 0.0541481 0.0546825
internal_weight=5964.36 5766.52 5187.37 4930.8 2869.54 2061.27 579.147 570.999 261.666 309.334 256.564 230.547 26.0174 197.84 183.157 182.06 166.137 15.9228 14.6836 11.6507 6.93547
internal_count=28072 26238 22969 22062 14924 7138 3269 3252 1529 1723 907 833 74 1834 1766 1762 1708 54 68 58 30
is_linear=0
shrinkage=0.05


Tree=85
num_leaves=29
num_cat=0
split_feature=6 7 3 14 1 0 0 0 9 0 15 2 7 1 7 15 2 0 14 9 3 1 15 1 14 9 1 0
split_gain=37.4616 26.9925 44.7081 36.8089 36.6876 30.7547 29.296 51.1754 25.5166 24.4628 16.2156 15.3606 8.72821 10.7966 9.19556 8.19454 1.84565 2.8115 4.74285 5.04297 4.35747 2.65213 2.36306 0.951994 0.654524 1.99713 1.15753 0.586874
threshold=0.98650000000000004 0.79210000000000014 7.5000000000000009 18.500000000000004 0.64405000000000012 0.49390000000000006 0.8136500000000001 0.63245000000000007 0.95080645161290323 0.099200000000000024 30.500000000000004 18.500000000000004 0.81015000000000004 0.8136500000000001 0.81605000000000005 19.500000000000004 23.500000000000004 0.90160000000000007 39.500000000000007 0.99975502204801581 8.5000000000000018 0.97180000000000011 33.500000000000007 0.95550000000000013 49.500000000000007 -1.0000000180025095e-35 0.9607500000000001 0.86755000000000015
decision_type=2 2 2 2 2 2 2 2 2 2 2 2 2 2 2 2 2 2 2 2 2 2 2 2 2 2 2 2
left_child=1 2 6 12 9 10 7 -1 -6 -5 -4 -7 13 -3 -14 -8 17 20 23 -20 22 24 -2 -19 26 -26 -18 -22
right_child=16 3 5 4 8 11 15 -9 -10 -11 -12 -13 14 -15 -16 -17 21 18 19 -21 27 -23 -24 -25 25 -27 -28 -29
leaf_value=0.0016019541159401332 0.017508679292807763 -0.075455250555638731 0.069983914887133125 0.14393170949719855 -0.026795758782256554 0.00017869732518467965 0.041686228878065668 -0.015388273718567783 0.00043517559000422223 -0.05153751052056306 0.014887450365114761 0.03015891089146007 0.074071316660732203 0.024736777053292802 0.019211421779266213 0.010167996315298421 0.051103632019352599 0.011351098221975572 -0.068943325268820396 0.0019118944871836464 0.030579714894308191 -0.045722963559758391 0.046063598999542238 0.032789920910585628 -0.035893947758549108 0.050983821667435793 0.026021417953390882 0.051187061361744293
leaf_weight=4350.9618920404464 168.85873618163168 5.0982906520366651 42.677692713215947 1.6350658237934101 136.29299482516944 109.09722946956754 52.285797543823719 493.46963619813323 233.26062785834074 75.988269560039043 19.436373209580779 70.227184869349003 8.6200580149888975 5.689383864402771 67.081841982901096 34.054025985300541 11.046077162027368 14.923281308263542 3.667717829346655 7.9639890529215336 4.8382797408849028 1.0049779042601574 7.5700379461050025 7.9295298773795357 1.1426403075456619 1.5709643959999076 7.8820965699851504 12.083825226873158
leaf_count=18631 1900 20 108 6 1170 354 178 1806 916 1284 94 210 15 15 204 88 183 183 25 90 70 9 79 96 14 28 115 181
internal_value=0.0011406 0.000309793 0.00141445 -0.0103964 -0.0161714 0.0224222 0.000385792 -0.000128726 -0.00960771 -0.0474201 0.0527434 0.0119196 0.0194622 -0.0226143 0.0254582 0.0292549 0.020066 0.0187129 0.00556093 -0.0204302 0.0210585 0.0336793 0.0187339 0.01879 0.0373665 0.0144015 0.0406589 0.0452951
internal_weight=5956.36 5705.88 5172.21 533.667 447.177 241.438 4930.77 4844.43 369.554 77.6233 62.1141 179.324 86.4896 10.7877 75.7019 86.3398 250.482 227.835 34.4845 11.6317 193.351 22.6468 176.429 22.8528 21.6418 2.7136 18.9282 16.9221
internal_count=28072 25099 21469 3630 3376 766 20703 20437 2086 1290 202 564 254 35 219 266 2973 2624 394 115 2230 349 1979 279 340 42 298 251
is_linear=0
shrinkage=0.05


Tree=86
num_leaves=29
num_cat=0
split_feature=6 3 15 0 2 0 15 2 15 0 3 7 4 7 0 2 1 0 0 3 15 14 1 8 4 4 15 0
split_gain=34.5479 24.7404 65.5618 79.9003 42.2662 40.7334 42.2696 32.4392 30.7024 41.8359 33.0071 18.6236 16.9619 19.401 16.4144 1.80466 8.58706 2.80575 7.03166 5.21268 2.91469 2.13946 1.76569 1.97404 1.0581 0.602185 0.0845776 0.000126456
threshold=0.98650000000000004 1.0000000180025095e-35 28.500000000000004 0.28280000000000005 1.5000000000000002 0.063150000000000012 30.500000000000004 1.5000000000000002 18.500000000000004 0.6120000000000001 6.5000000000000009 0.48075000000000007 0.23015000000000005 0.33590000000000003 0.32990000000000003 21.500000000000004 0.98915000000000008 0.91045000000000009 0.93650000000000011 10.500000000000002 33.500000000000007 33.500000000000007 0.9436500000000001 1.0000000180025095e-35 0.86425000000000007 0.86205000000000009 36.500000000000007 0.95295000000000007
decision_type=2 2 2 2 2 2 2 2 2 2 2 2 2 2 2 2 2 2 2 2 2 2 2 2 2 2 2 2
left_child=1 2 3 7 12 11 -7 -1 9 -6 -10 -4 26 -14 -5 17 22 20 19 -19 21 -2 24 -24 -17 -22 -3 -20
right_child=15 4 5 14 8 6 -8 -9 10 -11 -12 -13 13 -15 -16 16 -18 18 27 -21 25 -23 23 -25 -26 -27 -28 -29
leaf_value=-0.0078486804517606586 0.023984471421785149 -0.056032128302423649 -0.039880571139229548 0.066430984394196202 0.014074918587303052 0.091912664258384819 0.015308868676861574 -0.047741540927772781 -0.0035630742138935212 -0.0083268409809138712 0.0088272280765788191 0.072782004896676092 0.083470733772715466 0.022604494709671789 0.0091759085928383062 0.050995233709500168 -0.095885330822157444 -0.059232045195205432 0.05169591823347184 0.052166308877426772 0.052557450011566725 0.013206628570022326 -0.00013009241268682392 0.034471624126995837 -0.0056445143332117297 0.017702319754847051 -0.068852763991510274 0.052319039357173115
leaf_weight=72.243711395189166 78.050855232402682 3.6715978980064383 30.396580133587122 20.948498338460922 765.93405487760901 25.54989456012845 61.007093530148268 172.96129994466901 3406.7380129946396 286.32238469272852 638.19995363429189 4.1715360432863227 14.226073578000067 164.24963376671076 31.105588093400002 13.793207332491871 1.312776893377303 5.3962551821023208 1.6493801921606064 1.3038699924945829 7.4870934188365919 112.28561535477638 5.6943967938423166 14.926675559952855 0.87698816508054811 1.4849620871245859 1.9801918901503084 1.6079786047339439
leaf_count=415 978 48 212 54 2528 73 249 1089 16066 1092 2575 10 49 532 92 246 7 63 18 13 80 1234 50 237 13 20 15 14
internal_value=0.00108563 0.00029402 -0.0114099 -0.0240444 0.0012212 0.019597 0.0379208 -0.0359881 0.000371062 0.00797933 -0.00160816 -0.0262849 0.0247555 0.0274561 0.0322175 0.0194365 0.0296789 0.017645 -0.00825701 -0.0375535 0.018939 0.0176263 0.0343497 0.0249165 0.0476093 0.0467886 -0.060524 0.0520035
internal_weight=5945.58 5699.71 418.384 297.259 5281.32 121.125 86.557 245.205 5097.19 1052.26 4044.94 34.5681 184.127 178.476 52.0541 245.87 36.604 209.266 9.95748 6.70013 199.309 190.336 35.2913 20.6211 14.6702 8.97206 5.65179 3.25736
internal_count=28072 25099 2194 1650 22905 544 322 1504 22261 3620 18641 222 644 581 146 2973 553 2420 108 76 2312 2212 546 287 259 100 63 32
is_linear=0
shrinkage=0.05


Tree=87
num_leaves=31
num_cat=0
split_feature=1 6 14 9 1 4 14 13 15 4 14 0 0 1 13 7 14 13 0 4 9 6 5 1 1 13 1 13 1 5
split_gain=32.2618 37.7427 63.5554 55.3016 53.5394 46.1148 32.0376 28.569 29.9402 29.0775 26.098 45.5694 78.0164 37.8915 30.9669 23.4718 25.0486 21.7732 20.9392 18.1471 15.9085 14.5783 12.1134 9.16051 7.71789 7.32804 6.81798 8.63052 6.80443 4.5414
threshold=0.84810000000000008 0.47415000000000007 27.500000000000004 0.020151515151515153 0.58955000000000013 0.45390000000000003 15.500000000000002 13.500000000000002 16.500000000000004 0.31400000000000006 19.500000000000004 0.62680000000000013 0.8136500000000001 0.98915000000000008 5.5000000000000009 0.67100000000000015 14.500000000000002 13.500000000000002 0.6211500000000002 0.55215000000000003 0.045427272727272712 0.80810000000000015 0.71895000000000009 0.91365000000000018 0.69635000000000014 1.5000000000000002 0.9466500000000001 16.500000000000004 0.90550000000000008 0.30265000000000003
decision_type=2 2 2 2 2 2 2 2 2 2 2 2 2 2 2 2 2 2 2 2 2 2 2 2 2 2 2 2 2 2
left_child=1 5 6 25 -5 7 24 8 -1 -9 11 14 13 -13 23 16 -7 -16 -8 26 -17 22 -21 -2 -3 -4 28 -28 -12 -14
right_child=10 2 3 4 -6 15 18 9 -10 -11 19 12 29 -15 17 20 -18 -19 -20 21 -22 -23 -24 -25 -26 -27 27 -29 -30 -31
leaf_value=0.015741700282477029 0.058083158695246606 -0.011812443218168626 0.029422970198568862 -0.038241007653545808 -0.0012140565135624545 -0.0081248727927892613 0.01612544254628431 -0.0076483329281825888 -0.0068581714654612023 0.016311427200451138 0.023348212961377093 -0.04190860718351274 0.061007956481745035 0.01025852294855358 -0.0086251897131812364 0.051151980084368824 0.012075424322197598 0.027255211206073889 -0.016660995882357019 0.0089748766811908447 0.016382197293839617 0.019418519089490008 -0.014022265933742362 0.025846397067477322 -0.043324620770546551 -0.043886296311157695 -0.056807259330890064 0.038690956388823874 0.044315849688657566 0.022452617844668697
leaf_weight=160.20058497413993 35.492674067616463 69.028245881199837 3.4777860045433036 128.42385717201978 407.13735155574977 196.58186287432909 343.16877188533545 194.43828761763871 1719.7282888907939 363.09616772457957 108.4689931049943 159.25973564386368 8.4702747017145139 44.544682390987873 130.2706291154027 53.364300042390823 699.68050483241677 62.598358556628227 56.75162323564291 195.75078223645687 85.776272866874933 223.43877056799829 80.936441287398338 58.129585444927216 27.042435303330421 172.02213586494327 5.1187357455492002 4.3990694135427475 60.149630449712276 77.698734439909458
leaf_count=527 68 226 28 1908 2446 612 985 1004 7989 1497 278 613 17 147 359 110 2224 143 193 679 236 2757 365 179 101 1941 18 13 135 274
internal_value=0.00103246 -0.000876396 -0.00849277 -0.018075 -0.0100929 0.0017708 0.00524448 -0.00198439 -0.00493229 0.00795554 0.00815216 0.000330276 -0.013643 -0.0305067 0.0144734 0.010611 0.00764479 0.0030203 0.0114728 0.0148001 0.0297174 0.00991905 0.00224776 0.0380675 -0.0206826 -0.0424336 0.0285038 -0.0126686 0.0308278 0.0262425
internal_weight=5934.65 4679.92 1207.05 711.061 535.561 3472.87 495.991 2437.46 1879.93 557.534 1254.73 576.465 289.973 203.804 286.491 1035.4 896.262 192.869 399.92 678.262 139.141 500.126 276.687 93.6223 96.0707 175.5 178.136 9.51781 168.619 86.169
internal_count=28072 22027 7828 6323 4354 14199 1505 11017 8516 2501 6045 1800 1051 760 749 3182 2836 502 1178 4245 346 3801 1044 247 327 1969 444 31 413 291
is_linear=0
shrinkage=0.05


Tree=88
num_leaves=25
num_cat=0
split_feature=0 9 9 9 9 15 15 3 15 3 0 1 0 14 1 15 4 14 1 3 4 4 6 4
split_gain=30.2233 26.1879 98.0215 57.9981 68.1134 30.6028 21.7574 20.8341 18.4021 24.0748 12.0609 9.6176 6.92994 5.36081 2.91044 4.12205 5.45621 3.26013 8.53765 2.60666 1.63182 0.937155 0.000953996 0.00117143
threshold=0.86755000000000015 0.8935439560439562 0.20060362173038235 0.19836704593341761 0.10535714285714286 37.500000000000007 39.500000000000007 1.0000000180025095e-35 12.500000000000002 1.0000000180025095e-35 0.033900000000000007 0.8198000000000002 0.64855000000000007 14.500000000000002 0.92725000000000002 33.500000000000007 0.84735000000000016 34.500000000000007 0.98915000000000008 9.5000000000000018 0.83825000000000005 0.31400000000000006 0.48050000000000004 0.61935000000000018
decision_type=2 2 2 2 2 2 2 2 2 2 2 2 2 2 2 2 2 2 2 2 2 2 2 2
left_child=1 2 3 4 -1 10 8 -7 -3 -10 -4 21 -5 22 15 20 -17 19 -19 -16 -15 -8 -2 -24
right_child=13 6 5 12 -6 7 11 -9 9 -11 -12 -13 -14 14 17 16 -18 18 -20 -21 -22 -23 23 -25
leaf_value=2.1248910007671272e-05 0.054656393320349266 0.072603198178077449 0.056237876278838965 0.057192578482571511 -0.048437991654113888 0.10746063716470611 -0.074386301995843299 -0.054108496923478591 -0.012880241530815835 0.0048566345376475535 -0.043093053365344164 0.007672269858487981 0.12949139001283924 0.050391308108886236 0.019865184917738817 -0.089696411398273279 0.032116457915384734 0.012294843050090015 -0.071474625843301054 0.047370775111019003 0.00067140752175775349 -0.10706131094463356 0.05435771660399627 0.053021432606059994
leaf_weight=2434.7890345882624 4.7650497853755933 9.7011827677488309 3.1072928085923186 29.143559476360679 74.739479295909405 5.9412358999252302 4.3731189668178541 3.0041438974440098 205.5692573748529 2759.035670446232 185.06786562595516 3.4574958924204102 3.7397254258394232 16.627668844535954 67.312358789145947 1.4090376943349827 2.6447281017899513 71.880847850814462 3.1760246828198424 9.8775380570441467 1.8320826813578595 4.4046796560287476 3.4773202836513519 3.1040590330958366
leaf_count=11308 23 17 19 126 769 8 20 64 1005 10024 2837 11 10 162 597 6 48 831 27 74 30 20 16 20
internal_value=0.000983979 0.000339484 -0.00319103 -0.000557516 -0.00142198 -0.0371574 0.003578 0.0532006 0.00385172 0.00362674 -0.0414528 -0.0629608 0.0654149 0.0208136 0.0186513 0.0354309 -0.0102242 0.01617 0.00875015 0.0233849 0.0454567 -0.0907825 0.0541176 0.0537275
internal_weight=5912.18 5726.07 2739.53 2542.41 2509.53 197.121 2986.54 8.94538 2974.31 2964.6 188.175 12.2353 32.8833 186.107 174.76 22.5135 4.05377 152.247 75.0569 77.1899 18.4598 8.7778 11.3464 6.58138
internal_count=28072 26238 15141 12213 12077 2928 11097 72 11046 11029 2856 51 136 1834 1775 246 54 1529 858 671 192 40 59 36
is_linear=0
shrinkage=0.05


Tree=89
num_leaves=25
num_cat=0
split_feature=6 7 3 4 1 14 0 13 13 0 15 7 13 13 15 6 13 8 1 7 7 8 7 7
split_gain=28.9667 37.5725 37.0037 33.4218 29.8414 29.3621 29.0543 25.3293 22.4856 18.832 16.1565 16.0985 14.6401 14.3751 11.2899 7.31955 12.0168 6.24277 10.6217 5.98111 2.82046 2.3131 0.124009 0.0367272
threshold=0.76830000000000009 0.79210000000000014 7.5000000000000009 0.65595000000000014 0.84415000000000007 14.500000000000002 0.50610000000000011 20.500000000000004 4.5000000000000009 0.68300000000000016 33.500000000000007 0.46545000000000009 12.500000000000002 6.5000000000000009 28.500000000000004 0.77165000000000006 11.500000000000002 1.0000000180025095e-35 0.84415000000000007 0.90070000000000017 0.8973000000000001 1.0000000180025095e-35 0.95710000000000017 0.92425000000000013
decision_type=2 2 2 2 2 2 2 2 2 2 2 2 2 2 2 2 2 2 2 2 2 2 2 2
left_child=1 2 3 5 7 -1 11 13 21 -5 -10 -4 15 -3 -8 16 -2 18 -17 -19 -14 -6 23 -22
right_child=12 4 6 9 8 -7 14 -9 10 -11 -12 -13 20 -15 -16 17 -18 19 -20 -21 22 -23 -24 -25
leaf_value=-0.0092841478362216678 -0.0048496227258948803 0.00042680794234773941 0.099672875590012089 0.028312610640936348 0.065960248368023874 0.0011991744281514779 0.017305318663244394 0.086899129594889213 -0.0025865124081193057 -0.012208361086567686 -0.078766212030363714 0.036711746514703311 0.0005726788924701868 -0.035951551943754427 -0.01169536284065195 -0.026881191003088459 0.11046881635748203 0.039294161584230422 0.01267445818072355 0.016080558999170051 -0.067088272439363578 0.028525755564114793 -0.077576060438465433 -0.058236633510653203
leaf_weight=806.23458854109049 4.016964063048361 32.171525930985808 12.594565011560915 154.64384936541319 11.721608117222788 3893.5174655932933 128.4422704949975 4.7171091586351386 160.20722397044301 35.199890658259392 7.2760887518525115 52.365154549479485 2.0907532945275289 174.18970575276762 45.429285559803247 21.508673902601004 5.1622268501669168 31.69841693341732 80.450835268944502 222.67142572999001 2.0369630828499794 6.3686862289905539 1.7406881824135778 2.7593286111950874
leaf_count=2959 18 133 23 445 32 17151 371 8 690 123 36 189 12 2122 181 125 27 77 694 2585 13 19 10 29
internal_value=0.000935302 2.35682e-05 0.00117027 0.000231603 -0.0148024 -0.000599222 0.0203875 -0.0276615 -0.000175974 0.0207994 -0.00589604 0.0489188 0.0143994 -0.0302802 0.009728 0.015919 0.0600036 0.0147833 0.00433007 0.0189733 -0.0499771 0.0527814 -0.0661446 -0.0619959
internal_weight=5899.22 5525.08 5128.43 4889.6 396.652 4699.75 238.831 211.078 185.574 189.844 167.483 64.9597 374.136 206.361 173.872 365.509 9.17919 356.329 101.96 254.37 8.62773 18.0903 6.53698 4.79629
internal_count=28072 24482 21442 20678 3040 20110 764 2263 777 568 726 212 3590 2255 552 3526 45 3481 819 2662 64 51 52 42
is_linear=0
shrinkage=0.05


Tree=90
num_leaves=31
num_cat=0
split_feature=1 6 14 4 3 0 7 8 14 0 0 1 3 14 0 8 1 3 7 7 5 0 6 7 4 1 1 5 5 1
split_gain=26.9879 34.3779 48.7128 47.908 37.4498 30.8493 28.6757 28.6496 22.6835 41.9917 69.2123 34.4112 22.0968 21.0067 19.411 19.1667 17.9975 19.9674 17.7324 23.645 17.1312 14.5602 10.493 11.328 8.19322 7.7521 7.53878 6.02977 4.47701 3.45495
threshold=0.84810000000000008 0.51900000000000002 26.500000000000004 0.52975000000000005 7.5000000000000009 0.49390000000000006 0.52420000000000011 1.0000000180025095e-35 19.500000000000004 0.62680000000000013 0.8136500000000001 0.98915000000000008 1.0000000180025095e-35 15.500000000000002 0.20185000000000003 1.0000000180025095e-35 0.90550000000000008 5.5000000000000009 0.53695000000000015 0.54695000000000016 0.48525000000000007 0.59320000000000006 0.98650000000000004 0.54695000000000016 0.37790000000000007 0.69635000000000014 0.90160000000000007 0.39175000000000004 0.30265000000000003 0.8983000000000001
decision_type=2 2 2 2 2 2 2 2 2 2 2 2 2 2 2 2 2 2 2 2 2 2 2 2 2 2 2 2 2 2
left_child=1 3 13 4 12 6 -4 -7 9 16 11 -11 -1 25 -15 -6 17 -2 -5 -20 24 -18 23 -22 26 -3 -10 -26 -12 -24
right_child=8 2 5 18 15 7 -8 -9 20 10 28 -13 -14 14 -16 -17 21 -19 19 -21 22 -23 29 -25 27 -27 -28 -29 -30 -31
leaf_value=-0.013272967181003993 0.047754258411875528 -0.0089117690174026574 0.1176430337775996 0.058148482103223431 0.068384098720352823 -0.037047971403180467 -0.035911735211384924 -0.0014503628646432606 -0.053253955557205968 -0.040121139617952856 0.059918581889651594 0.0097680153316453949 -8.5278250764249256e-05 0.04041000329382774 0.00519394124379652 0.013913303861253532 0.0013948001596669022 -0.024325445736165057 -0.037684075048754435 0.017471953176979235 0.062971143278087283 0.039354974207843382 0.035753952541318905 0.0024411404813057839 0.042979120325197857 -0.045802667619490645 0.028048871993975266 0.021853805744664619 0.021024667586632712 0.016021657899247845
leaf_weight=356.29501876048744 58.137872666120529 50.065860509872437 3.0844779480248681 24.849475435912609 27.445790410041809 72.663744833320379 212.62539235688746 254.43984792754054 5.6010500043630582 158.04575299471617 8.2017477452754957 44.239266313612461 2927.6441483702511 47.345102727413177 225.50087116286159 39.237373352050781 184.85822605341673 11.510301649570463 20.499179296195507 372.8550841845572 7.9238928854465476 29.259281001985073 25.497540039941669 315.11673900857568 66.555934771895409 19.900786049664021 5.8075459599494934 68.586622230708599 75.581506453454494 170.66535970568657
leaf_count=1994 121 158 11 51 64 687 3104 1481 21 613 17 147 12455 117 664 116 528 35 69 979 15 65 329 1174 146 77 14 176 274 2370
internal_value=0.00088953 -0.000854277 -0.00971876 0.00122876 -0.000762837 -0.0190378 -0.033716 -0.00935812 0.00745843 0.00013573 -0.0133826 -0.0292105 -0.00151609 0.00503707 0.0113047 0.0363327 0.0137637 0.0358421 0.0171853 0.0145976 0.0137261 0.00658208 0.00946488 0.00392589 0.0288228 -0.0194047 -0.0118667 0.0322577 0.0248321 0.0185865
internal_weight=5890.04 4654.45 885.626 3768.83 3350.62 542.813 215.71 327.104 1235.59 569.834 286.068 202.285 3283.94 342.813 272.846 66.6832 283.766 69.6482 418.204 393.354 665.755 214.118 519.204 323.041 146.551 69.9666 11.4086 135.143 83.7833 196.163
internal_count=28072 22027 6299 15728 14629 5283 3115 2168 6045 1800 1051 760 14449 1016 781 180 749 156 1099 1048 4245 593 3888 1189 357 235 35 322 291 2699
is_linear=0
shrinkage=0.05


Tree=91
num_leaves=27
num_cat=0
split_feature=9 9 9 9 15 15 6 15 13 7 3 15 7 7 13 5 0 0 0 5 0 3 2 5 5 5
split_gain=25.439 95.6433 50.0868 65.6213 30.6392 28.9233 28.1638 30.4314 22.6709 31.202 18.8345 14.5287 13.3437 12.1333 11.6108 20.4546 12.3275 10.3042 6.63485 6.14778 5.70901 5.60152 5.53999 2.67961 2.00145 0.0072242
threshold=0.8935439560439562 0.20060362173038235 0.19836704593341761 0.10535714285714286 39.500000000000007 37.500000000000007 0.76830000000000009 39.500000000000007 13.500000000000002 0.79430000000000012 1.0000000180025095e-35 30.500000000000004 0.91045000000000009 0.30900000000000005 21.500000000000004 0.42685000000000006 0.033900000000000007 0.55685000000000018 0.5797500000000001 0.29300000000000009 0.38015000000000004 6.5000000000000009 3.5000000000000004 0.20735000000000003 0.79775000000000007 0.28730000000000006
decision_type=2 2 2 2 2 2 2 2 2 2 2 2 2 2 2 2 2 2 2 2 2 2 2 2 2 2
left_child=1 2 3 4 -1 14 7 8 9 -2 -7 -10 21 -5 16 -16 -3 22 -19 -4 -21 24 -14 -9 -8 -12
right_child=6 5 19 13 -6 10 12 23 11 -11 25 -13 17 -15 15 -17 -18 18 -20 20 -22 -23 -24 -25 -26 -27
leaf_value=-0.00032505049958654597 0.0025403472880865825 0.056285204679775595 0.00991123787546868 0.058200156227340739 0.03907165630219999 0.10228917058458581 0.019911441748130032 -0.052217841484590848 0.017731874294519508 -0.018073826722478061 -0.058950699828386466 -0.00071006640774025299 0.027622119157896582 -0.05168422027638972 -0.061053875054851818 0.11105088508970809 -0.045226557406326751 0.080338697854622054 0.016274777763750581 0.045807608995005251 0.090555592669033624 0.075418942326656316 -0.05739303916309773 -0.10385495129270893 0.048024611171737064 -0.052674192744004256
leaf_weight=2438.8627862110734 2102.8586433250457 3.0434406548738471 5.1060126572847357 2.6056349016726008 50.370432235300541 5.9639598131179792 12.534401394426824 4.2413499504327756 365.00099313259125 201.12163582071662 0.57398204132914576 150.96656422503293 2.6082379519939405 70.025656178593636 3.5518638566136351 3.3591748010367155 172.8263743892312 4.1241308003664008 201.7440947573632 13.478868452832105 15.127227168530224 12.141128852963446 7.2229936867952347 6.1632394045591354 12.791822887957094 2.277707570232451
leaf_count=11649 6658 17 24 31 141 8 34 18 1217 1363 7 513 8 740 37 17 2790 16 2459 59 53 28 70 28 30 57
internal_value=0.000847445 -0.00261448 -9.80028e-05 -0.000894766 0.000472154 -0.0367054 0.00397665 0.00254751 0.00286243 0.000740872 0.0517529 0.012336 0.0199542 -0.0477421 -0.0409718 0.0225992 -0.0434699 0.01517 0.0175582 0.06045 0.0694708 0.0474966 -0.0348384 -0.0828055 0.0341109 -0.0539375
internal_weight=5870.69 2787.17 2595.58 2561.86 2489.23 191.597 3083.52 2830.35 2819.95 2303.98 8.81565 515.968 253.167 72.6313 182.781 6.91104 175.87 215.699 205.868 33.7121 28.6061 37.4674 9.83123 10.4046 25.3262 2.85169
internal_count=28072 15630 12697 12561 11790 2933 12442 9797 9751 8021 72 1730 2645 771 2861 54 2807 2553 2475 136 112 92 78 46 64 64
is_linear=0
shrinkage=0.05


Tree=92
num_leaves=23
num_cat=0
split_feature=0 2 6 14 4 6 6 4 14 4 13 2 15 0 15 14 4 4 5 4 5 4
split_gain=24.5061 23.0517 26.909 27.3328 20.0218 25.8514 19.7325 40.9959 27.2371 17.0988 16.5281 15.8499 13.4318 9.28677 8.29561 5.49898 2.34049 5.33417 2.9936 0.60498 0.000828306 0.00102002
threshold=0.86755000000000015 1.5000000000000002 0.18300000000000002 18.500000000000004 0.30665000000000003 0.2839000000000001 0.48335000000000006 0.6845500000000001 27.500000000000004 0.45390000000000003 26.500000000000004 2.5000000000000004 22.500000000000004 0.099200000000000024 16.500000000000004 14.500000000000002 0.56495000000000017 0.65595000000000014 0.58015000000000005 0.59675000000000011 0.48050000000000004 0.61935000000000018
decision_type=2 2 2 2 2 2 2 2 2 2 2 2 2 2 2 2 2 2 2 2 2 2
left_child=1 4 3 12 10 14 7 -4 -8 -7 13 -5 -3 -1 -6 20 -17 19 -19 -18 -2 -22
right_child=15 2 6 11 5 9 8 -9 -10 -11 -12 -13 -14 -15 -16 16 17 18 -20 -21 21 -23
leaf_value=-0.018782554348429674 0.054369827812585605 -0.067145591895940437 0.0016649590880614463 0.015501090317165621 0.084404692131639897 -0.0097991538101018863 0.0036232038065930785 0.046442719688972199 -0.0095951672103024264 0.028026578795311043 0.078323699439454594 -0.019206595329486278 -0.025696177634791831 0.022620270916201311 0.038155133362732935 -0.014736045495333012 0.061755077647844617 -0.046582436888275833 0.015840944069319574 0.039725176267364215 0.054080654139480669 0.052793191012928488
leaf_weight=69.837174568325281 4.5067338794469816 28.211599942296743 3484.9563531074673 62.002650666981936 11.265068516135214 63.434171948581934 647.50093781203032 51.876722771674395 978.86969658639282 56.475854635238647 5.5405764281749716 70.064727868884802 63.623918902128935 16.802545864135027 69.589661873877048 5.6632055342197409 4.3269951343536368 1.946554735302924 144.08538813889027 11.139078319072722 3.2889226526021957 2.8904806077480316
leaf_count=503 23 183 13469 296 23 265 1976 137 8165 164 12 400 329 95 221 19 11 10 1690 45 16 20
internal_value=0.000804818 0.00023257 -0.00051021 -0.0174798 0.0138919 0.0227493 0.000225677 0.00232174 -0.00433259 0.00801621 -0.00539903 -0.00291212 -0.0384293 -0.0107531 0.0445988 0.0190811 0.0168582 0.0179661 0.0150089 0.0458886 0.0538544 0.0534784
internal_weight=5857.9 5680.05 5387.11 223.903 292.945 200.765 5163.2 3536.83 1626.37 119.91 92.1803 132.067 91.8355 86.6397 80.8547 177.847 167.161 161.498 146.032 15.4661 10.6861 6.1794
internal_count=28072 26238 24955 1208 1283 673 23747 13606 10141 429 610 696 512 598 244 1834 1775 1756 1700 56 59 36
is_linear=0
shrinkage=0.05


Tree=93
num_leaves=31
num_cat=0
split_feature=1 6 14 9 1 4 15 14 14 15 15 14 0 0 7 13 13 0 4 4 1 6 7 1 13 1 1 1 13 5
split_gain=23.5025 30.0548 49.4654 51.3629 48.2992 37.348 31.7914 41.8143 26.615 25.5199 26.5002 21.1421 38.4885 61.3728 33.1315 27.9907 19.8254 18.3945 17.8016 16.2493 16.0246 10.4106 11.2226 8.10808 7.00094 6.56386 6.94752 6.34171 5.29989 4.40775
threshold=0.84810000000000008 0.47415000000000007 27.500000000000004 0.020151515151515153 0.58955000000000013 0.48685000000000006 15.500000000000002 12.500000000000002 15.500000000000002 16.500000000000004 27.500000000000004 19.500000000000004 0.62680000000000013 0.8136500000000001 0.73765000000000014 5.5000000000000009 13.500000000000002 0.6211500000000002 0.47415000000000007 0.55215000000000003 0.48215000000000002 0.98650000000000004 0.54205000000000003 0.90550000000000008 1.5000000000000002 0.9436500000000001 0.90550000000000008 0.69635000000000014 13.500000000000002 0.30265000000000003
decision_type=2 2 2 2 2 2 2 2 2 2 2 2 2 2 2 2 2 2 2 2 2 2 2 2 2 2 2 2 2 2
left_child=1 5 8 24 -5 9 7 -7 27 18 -11 12 15 14 -14 23 -17 -10 -1 25 -8 22 -21 -2 -4 26 -13 -3 -27 -15
right_child=11 2 3 4 -6 6 20 -9 17 10 -12 19 13 29 -16 16 -18 -19 -20 21 -22 -23 -24 -25 -26 28 -28 -29 -30 -31
leaf_value=0.017960472011986774 0.064060308128448235 -0.011302849906044491 0.029406866259888715 -0.036561092505410141 -0.00040230944900647046 -0.068091800454948712 0.036946385938391023 0.013027101421595688 0.014393951583803822 -0.0064342378355033555 0.0040144750013066128 0.021058938058950642 -0.037325107391361745 0.058810090659010363 0.01640221853577499 -0.008998973435890659 0.025389947682729137 -0.016401604789227378 -0.042304745568748602 0.091535389414848498 0.012779399964838858 0.017427780658859065 0.001298913393889692 0.027918057570387064 -0.042273675956275472 -0.048518905439197728 0.042684016324161765 -0.039932705868238577 0.023458113744069083 0.019586538432715433
leaf_weight=224.84742905385792 19.929962664842606 68.714336663484573 3.4798203818500033 120.0279798284173 400.54715493693948 27.173473224043846 79.556606188416481 38.245256997644901 341.11738485097885 1589.030283799395 981.73523316346109 107.040945276618 166.1723827496171 7.9356765151023856 34.68292273581028 129.65155152231455 61.929756343364716 56.524979822337627 12.959928810596464 3.4873567521572104 497.76679556444287 189.74762158095837 287.93328547477722 70.092961370944977 161.41539639420807 5.1419331282377225 56.875845052301884 26.919986434280872 5.088422492146492 73.511727511882782
leaf_count=736 38 226 28 1908 2446 105 214 102 985 7288 4366 278 658 17 102 359 143 193 46 6 1342 2699 1096 209 1941 18 132 101 16 274
internal_value=0.000765914 -0.000860473 -0.00775359 -0.0164424 -0.00873937 0.00149377 0.0123664 -0.0206679 0.00432064 -0.000994437 -0.00244404 0.00694221 -0.000155603 -0.0132021 -0.0280477 0.0129232 0.00211744 0.0100164 0.0146762 0.01305 0.0161097 0.0083133 0.00237875 0.0359195 -0.040761 0.0261373 0.0285624 -0.0193618 -0.0127186 0.0234082
internal_weight=5849.28 4630.06 1178.75 685.47 520.575 3451.32 642.742 65.4187 493.277 2808.57 2570.77 1219.22 563.907 282.303 200.855 281.604 191.581 397.642 237.807 655.315 577.323 481.168 291.421 90.0229 164.895 174.147 163.917 95.6343 10.2304 81.4474
internal_count=28072 22027 7828 6323 4354 14199 1763 207 1505 12436 11654 6045 1800 1051 760 749 502 1178 782 4245 1556 3801 1102 247 1969 444 410 327 34 291
is_linear=0
shrinkage=0.05


Tree=94
num_leaves=31
num_cat=0
split_feature=3 2 15 15 12 3 2 15 2 15 15 15 15 4 15 3 4 4 8 5 13 2 5 5 13 13 5 15 15 15
split_gain=23.6374 113.74 45.5241 44.39 40.3959 35.6871 54.2106 34.6778 33.3674 34.3708 33.1974 45.9637 59.4392 37.8037 26.0048 25.8671 25.6501 17.1896 19.0115 16.3951 14.7718 13.1695 11.6603 8.19887 7.2758 6.28148 2.27478 2.11168 1.70455 1.60441
threshold=1.5000000000000002 4.5000000000000009 30.500000000000004 37.500000000000007 1.0000000180025095e-35 4.5000000000000009 7.5000000000000009 29.500000000000004 2.5000000000000004 16.500000000000004 14.500000000000002 15.500000000000002 17.500000000000004 0.48050000000000004 29.500000000000004 4.5000000000000009 0.48335000000000006 0.30665000000000003 1.0000000180025095e-35 0.16785000000000003 4.5000000000000009 2.5000000000000004 0.24845000000000003 0.22755000000000003 19.500000000000004 11.500000000000002 0.32860000000000006 38.500000000000007 18.500000000000004 20.500000000000004
decision_type=2 2 2 2 2 2 2 2 2 2 2 2 2 2 2 2 2 2 2 2 2 2 2 2 2 2 2 2 2 2
left_child=3 2 8 10 28 7 -7 -6 14 -10 20 13 -13 -12 -2 16 -4 18 19 -5 22 -20 -1 27 -25 -22 -17 -19 -3 -30
right_child=1 4 15 17 5 6 -8 -9 9 -11 11 12 -14 -15 -16 26 -18 23 21 -21 25 -23 -24 24 -26 -27 -28 -29 29 -31
leaf_value=0.053277236041400333 0.030315875878283684 -0.023555042622584014 -0.007243988145654065 0.079774571885359608 -0.013109690990689527 0.080209581394323104 0.001630213588141816 0.0091125049800502584 0.046056097730193424 0.009808605600849089 -0.0035035595508284278 0.015670261202583545 -0.010926263849572184 -0.063390303643838811 0.077802852495295449 0.034237875556102269 -0.077102928328110609 0.048859448699519969 -0.066382156957969937 -0.00073746783011838517 0.068739518894555457 0.016112901605928778 -0.0017442582318802976 0.004021341583474238 0.055172123578367573 0.012069935314640144 0.073164088271003763 0.074851942507941013 -0.10182522070498999 -0.064449336359411039
leaf_weight=12.191377222537993 260.64839470759034 2.1528947483748224 120.43705274164677 10.663935348391535 880.08720427099615 22.186976451426744 2043.1149670872837 219.30277003906667 75.671082228422165 481.7927919793874 43.957136392593384 260.84171871095896 1079.2274408480152 65.796568168327212 32.415367729961872 7.2869992703199369 14.748785914853213 15.137429669499399 11.842076815664768 15.533782377839087 20.007861599326137 8.179417572915554 45.815380081534386 16.750280801206831 11.884842291474341 6.4715704396367064 7.7391716539859772 16.151407301425934 3.3882047841325429 18.819160983897746
leaf_count=24 723 11 419 23 5409 58 10710 1396 207 1575 161 865 5384 266 54 17 81 30 54 48 36 26 139 57 24 24 14 28 22 187
internal_value=0.000729554 0.00272166 0.0174278 -0.00435837 -0.00189321 -0.00139949 0.00247437 -0.00867688 0.0219095 0.0147289 -0.00652169 -0.00829711 -0.0057493 -0.0394052 0.0355683 -0.00794809 -0.0148656 0.0269126 0.00400151 0.0320354 0.0239453 -0.0326803 0.0098197 0.0445839 0.0252512 0.0548895 0.0542867 0.0622769 -0.0660337 -0.0701518
internal_weight=5830.24 4189.79 1000.74 1640.45 3189.05 3164.69 2065.3 1099.39 850.528 557.464 1534.31 1449.82 1340.07 109.754 293.064 150.212 135.186 106.143 46.2192 26.1977 84.4862 20.0215 58.0068 59.924 28.6351 26.4794 15.0262 31.2888 24.3603 22.2074
internal_count=28072 20883 3090 7189 17793 17573 10768 6805 2559 1782 6899 6676 6249 427 777 531 500 290 151 71 223 80 163 139 81 60 31 58 220 209
is_linear=0
shrinkage=0.05


Tree=95
num_leaves=27
num_cat=0
split_feature=9 9 9 9 15 15 6 15 13 7 3 1 15 7 13 7 0 13 0 0 13 3 5 5 13 5
split_gain=21.9984 89.3271 43.6184 61.3078 26.4096 25.5627 24.6934 27.7136 20.7891 26.4258 16.1447 14.7132 13.9607 12.2803 10.985 18.3622 11.4197 9.45584 7.44384 5.35563 13.0277 5.2613 2.46845 1.92089 0.843621 0.00646483
threshold=0.8935439560439562 0.20060362173038235 0.19836704593341761 0.10535714285714286 39.500000000000007 37.500000000000007 0.76830000000000009 39.500000000000007 13.500000000000002 0.79430000000000012 1.0000000180025095e-35 0.20415000000000003 30.500000000000004 0.91045000000000009 21.500000000000004 0.74835000000000018 0.033900000000000007 12.500000000000002 0.42460000000000003 0.64855000000000007 2.5000000000000004 6.5000000000000009 0.18810000000000002 0.79775000000000007 13.500000000000002 0.28730000000000006
decision_type=2 2 2 2 2 2 2 2 2 2 2 2 2 2 2 2 2 2 2 2 2 2 2 2 2 2
left_child=1 2 3 4 -1 14 7 8 9 -2 -7 -5 -10 21 16 -16 -3 18 -15 20 -4 23 -9 -8 -24 -12
right_child=6 5 19 11 -6 10 13 22 12 -11 25 -13 -14 17 15 -17 -18 -19 -20 -21 -22 -23 24 -25 -26 -27
leaf_value=-0.00032144247976598824 0.0021991121655163997 0.053029137251196318 -0.03503184837939672 0.08321460570623139 0.036591989342119047 0.093984488121755194 0.018369356976892414 -0.042127298911736603 0.016985462176763073 -0.016911123732163788 -0.058635396997640636 -0.051012170701657422 -0.0011569804597652664 -0.081664499295767204 -0.030144966187108643 0.14989535862318001 -0.044566482284326248 -0.070225796577138871 0.016382813433233515 0.10977994475888048 0.061420965899839475 0.072719760491662344 -0.079157125197423558 0.046227151605446659 -0.11342353264228555 -0.052531099509926439
leaf_weight=2419.3324644695967 2091.6804799120873 3.0524834841489783 4.0383523255586651 2.1047463677823535 49.444607224315405 5.931285083293913 12.358984500169756 3.0498456805944425 362.92448541894555 198.02539168298244 0.54384095594286952 68.043729310855269 149.80590323731303 1.9543083049356926 4.943292284384369 1.9848302006721494 165.8819433953613 3.2710795029997817 204.65623132511973 4.0527477711439124 26.304019490256906 11.947162166237829 3.6963290348649025 12.392949052155016 3.4940858483314514 2.1423485642299056
leaf_count=11649 6658 17 21 19 141 8 34 13 1217 1363 7 752 513 19 51 3 2790 24 2510 10 105 28 18 30 15 57
internal_value=0.000694913 -0.00254356 -0.000134167 -0.000891839 0.000417859 -0.0361523 0.00361427 0.00228421 0.00258422 0.000546362 0.0479283 -0.0469848 0.0116847 0.0187859 -0.0402724 0.0214346 -0.042803 0.01412 0.0154554 0.0557945 0.0485838 0.0454701 -0.0798206 0.0323174 -0.0958084 -0.053767
internal_weight=5817.06 2757.8 2573.32 2538.93 2468.78 184.48 3059.26 2812.68 2802.44 2289.71 8.61747 70.1485 512.73 246.581 175.863 6.92812 168.934 209.882 206.611 34.3951 30.3424 36.6991 10.2403 24.7519 7.19041 2.68619
internal_count=28072 15630 12697 12561 11790 2933 12442 9797 9751 8021 72 771 1730 2645 2861 54 2807 2553 2529 136 126 92 46 64 33 64
is_linear=0
shrinkage=0.05


Tree=96
num_leaves=31
num_cat=0
split_feature=4 6 1 14 15 8 14 4 15 2 5 14 15 2 3 15 1 6 5 3 13 13 2 15 2 3 3 2 15 14
split_gain=22.5559 33.9334 70.9858 72.3214 43.0309 37.1908 32.2365 39.6232 31.8873 28.3219 23.7815 23.3328 33.9112 28.016 35.8136 27.9888 25.3558 23.8916 23.8212 22.6568 22.0763 25.6912 20.6399 19.0309 17.3993 16.6433 13.9483 12.1261 10.9863 9.81667
threshold=0.36090000000000005 0.37250000000000005 0.59730000000000005 25.500000000000004 23.500000000000004 1.0000000180025095e-35 19.500000000000004 0.60425000000000006 35.500000000000007 2.5000000000000004 0.31520000000000009 17.500000000000004 16.500000000000004 2.5000000000000004 1.0000000180025095e-35 26.500000000000004 0.35385000000000005 0.20640000000000003 0.25555000000000011 7.5000000000000009 1.5000000000000002 11.500000000000002 6.5000000000000009 28.500000000000004 9.5000000000000018 1.0000000180025095e-35 2.5000000000000004 4.5000000000000009 14.500000000000002 20.500000000000004
decision_type=2 2 2 2 2 2 2 2 2 2 2 2 2 2 2 2 2 2 2 2 2 2 2 2 2 2 2 2 2 2
left_child=11 4 3 26 6 22 7 -2 -7 -5 -8 15 25 14 -14 17 23 -1 -18 -15 24 -22 -6 -17 -4 28 -3 -19 -13 -27
right_child=1 2 20 9 5 8 10 -9 -10 -11 -12 12 13 19 -16 16 18 27 -20 -21 21 -23 -24 -25 -26 29 -28 -29 -30 -31
leaf_value=-0.056958115123756127 -0.0091842635380952053 -0.0034292203533193388 0.032544128090897462 -0.0024916750291359997 0.047346159988753855 0.0047825400303114574 0.0030513251816496768 0.031382849729616295 0.043589318254677635 -0.036487583076260599 0.033580179312388853 0.069483927953943772 -0.016105474002797267 -0.011734252657666831 0.022069964977490798 0.11755547065268382 -0.026389501280213414 -0.0095934678741112223 0.019079104900474028 0.057127657917065103 -0.0031892611903985486 0.0082422766355782391 0.018422733288411746 0.019783301621530951 0.0032010472545178138 0.11876006590386566 0.020887360227680167 -0.045734325909426193 -0.034422145437139479 0.048143607128411134
leaf_weight=55.724873328581452 612.09251812845469 205.47438029199839 108.95779062062502 76.704830812290311 120.06195538491011 480.24729628488421 158.13679672032595 66.757215686142445 59.492501113563776 304.35240217577666 106.9221963211894 3.5229745954275122 91.607296071946621 512.83148200437427 186.52986006252468 6.4174084477126625 81.975324027240276 101.17573920637369 44.41199853643775 12.229700602591036 1162.2359366696328 851.63337012194097 126.84638688713312 22.17419976554811 94.194192562252283 6.2127007246017483 82.712856244295835 30.118568308651447 9.1542342603206617 23.678752463310957
leaf_count=412 2029 681 308 395 292 1525 493 198 146 3955 311 7 594 2739 727 35 408 449 152 27 4711 6070 391 123 345 10 265 148 59 67
internal_value=0.000659759 0.00224067 -0.00107855 -0.0153504 0.00777656 0.0164131 0.000578876 -0.00519495 0.00905999 -0.0296444 0.0153664 -0.00548522 -0.00102892 -0.00333381 0.0094965 -0.0165057 -0.000792794 -0.0295267 -0.010412 -0.0101303 0.00322964 0.00164495 0.0324871 0.0417283 0.0189388 0.0424604 0.0035499 -0.0178841 -0.00554683 0.0628207
internal_weight=5804.59 4616.82 2886.27 669.244 1730.56 786.648 943.909 678.85 539.74 381.057 265.059 1187.77 845.767 803.198 278.137 341.998 154.979 187.019 126.387 525.061 2217.02 2013.87 246.908 28.5916 203.152 42.5687 288.187 131.294 12.6772 29.8915
internal_count=28072 22115 16730 5296 5385 2354 3031 2227 1671 4350 804 5957 4230 4087 1321 1727 718 1009 560 2766 11434 10781 683 158 653 143 946 597 66 77
is_linear=0
shrinkage=0.05


Tree=97
num_leaves=25
num_cat=0
split_feature=4 2 1 6 4 13 3 0 0 7 0 0 13 1 0 1 15 4 4 15 15 15 13 9
split_gain=21.9515 25.003 23.0897 29.2936 37.0316 27.1886 16.8184 19.1627 20.7543 15.8177 14.8113 22.2034 20.2117 14.3245 11.9162 17.6497 28.9778 7.76888 6.45172 5.07344 3.33871 0.0764968 0.0189848 0.00579509
threshold=0.23015000000000005 1.5000000000000002 0.84810000000000008 0.51900000000000002 0.56635000000000002 3.5000000000000004 2.5000000000000004 0.053100000000000008 1.0000000180025095e-35 0.43285000000000007 0.62680000000000013 0.64405000000000012 5.5000000000000009 0.32200000000000006 0.063150000000000012 0.35385000000000005 29.500000000000004 0.53695000000000015 0.21850000000000003 34.500000000000007 30.500000000000004 35.500000000000007 17.500000000000004 0.99975502204801581
decision_type=2 2 2 2 2 2 2 2 2 2 2 2 2 2 2 2 2 2 2 2 2 2 2 2
left_child=9 6 3 4 -3 -5 7 8 -2 14 12 -12 -4 -9 21 16 -16 20 -17 -11 -8 23 -23 -1
right_child=1 2 10 5 -6 -7 17 13 -10 19 11 -13 -14 -15 15 18 -18 -19 -20 -21 -22 22 -24 -25
leaf_value=-0.055111659394983817 0.062930791535429062 -0.00068205995432744785 0.031722335412652423 0.0062880878935037653 0.020404288087586164 -0.014741944414608172 0.056166251017756401 0.032424497372736449 -0.029707377849474238 0.0086116970847128806 -0.047040430688066168 0.0040764396482608958 0.0068411982356687455 0.00067772530099696672 -0.03742038140656944 -0.048239551696591401 0.043811796947572409 -0.013015346845356449 -0.0070546654820256259 0.082933469934293277 0.02785569025280615 -0.065167508793940829 -0.059567851708879918 -0.057327935737131269
leaf_weight=12.991795111447578 7.020498313009738 3145.6658078469336 119.11782828718424 202.1006642729044 222.9727721568197 641.62134196795523 34.022868685424328 83.323750589042902 43.555974323302507 4.9700217917561513 21.823211666196585 800.11448556371033 259.29084623605013 61.949325062334538 20.590622123330832 36.757435280829668 23.518280869349837 5.9466699212789527 12.827602885663508 4.268116369843483 15.007871992886065 2.8142578043043605 3.2752109002321959 3.8158366233110419
leaf_count=176 22 13265 321 691 573 5560 94 270 259 21 96 4937 678 219 195 295 113 26 99 11 63 19 32 37
internal_value=0.000626436 0.00108535 0.000370194 -0.00137307 0.000713662 -0.00970452 0.0165181 0.00965837 -0.0168483 -0.0200293 0.00648779 0.00271924 0.0146734 0.0188866 -0.0250194 -0.0171173 0.00589154 0.0409549 -0.0375851 0.0429491 0.0475006 -0.0573544 -0.0621557 -0.0556148
internal_weight=5789.36 5663.53 5412.71 4212.36 3368.64 843.722 250.827 195.85 50.5765 125.829 1200.35 821.938 378.409 145.273 116.591 93.6939 44.1089 54.9774 49.585 9.23814 49.0307 22.8971 6.08947 16.8076
internal_count=28072 27074 26121 20089 13838 6251 953 770 281 998 6032 5033 999 489 966 702 308 183 394 32 157 264 51 213
is_linear=0
shrinkage=0.05


Tree=98
num_leaves=28
num_cat=0
split_feature=9 9 9 9 15 15 6 15 15 15 4 1 2 7 13 5 13 13 5 2 15 1 4 5 5 13 4
split_gain=20.4782 82.8125 38.817 56.9743 23.5955 23.4178 22.1658 25.0497 18.953 34.7666 24.2295 13.267 12.6021 11.4308 10.348 16.6774 8.7194 6.60499 5.11581 5.10577 4.58594 8.47495 5.72271 4.49186 2.26399 0.628723 0.000285617
threshold=0.8935439560439562 0.20060362173038235 0.19836704593341761 0.10535714285714286 39.500000000000007 37.500000000000007 0.76830000000000009 39.500000000000007 36.500000000000007 30.500000000000004 0.21850000000000003 0.20415000000000003 2.5000000000000004 0.91045000000000009 21.500000000000004 0.42685000000000006 12.500000000000002 1.5000000000000002 0.29300000000000009 11.500000000000002 21.500000000000004 0.76695000000000013 0.79775000000000007 0.38760000000000006 0.18810000000000002 13.500000000000002 0.33530000000000004
decision_type=2 2 2 2 2 2 2 2 2 2 2 2 2 2 2 2 2 2 2 2 2 2 2 2 2 2 2
left_child=1 2 3 4 -1 14 7 8 9 -2 -10 -5 -7 20 17 -16 19 -3 -4 -15 22 -22 -8 -20 -9 -26 -14
right_child=6 5 18 11 -6 12 13 24 10 -11 -12 -13 26 16 15 -17 -18 -19 23 -21 21 -23 -24 -25 25 -27 -28
leaf_value=-0.00042526854068008525 0.0034965152276080209 -0.012517682064335935 0.0062631017594855414 0.073247963226092783 0.034730870780647627 0.084097820006577034 -0.0080746725098819003 -0.040026435904886866 -0.074977184693120175 -0.014707515580182604 0.023749606280211884 -0.050326736387595876 -0.053598727319549115 0.026662793116169342 -0.060476955040984305 0.09517774081022895 -0.069226813479905377 -0.045590798895814744 0.082514935455966373 0.009409779131511125 0.10099747558579907 0.033037801280173529 0.050138196433247684 0.043255670636524357 -0.077071791317279398 -0.10682428517099751 -0.052295702453876824
leaf_weight=2406.8106908556074 2340.8459453005344 16.844767009839416 5.1857678145170203 2.2465143576264373 48.692937958985567 6.0482642352581006 7.3930838555097607 3.0061042010784131 6.4900003075599662 295.37679581716657 146.46801065653563 65.449877441860735 0.5499241687357429 61.65465010330081 3.3123886175453654 3.5815387368202209 3.1455903314054003 145.41078580915928 12.749105647206308 140.83241952955723 7.7540911734104183 11.233403146266935 9.8424170762300474 17.002439022064209 3.5889879986643791 3.5143149346113205 1.7876165173947809
leaf_count=11649 8131 197 24 19 141 9 22 13 31 1171 418 752 10 600 37 17 24 2610 36 1929 18 29 23 76 18 15 53
internal_value=0.00059613 -0.00254263 -0.000250884 -0.000975634 0.000271882 -0.0355648 0.00341961 0.00216489 0.00244964 0.00145684 0.0195606 -0.0462259 0.0459927 0.017942 -0.0396081 0.0203889 0.0133798 -0.0421573 0.0520911 0.0146631 0.0438411 0.0607911 0.0251681 0.060079 -0.0763989 -0.0917917 -0.0526022
internal_weight=5776.82 2735.67 2558.14 2523.2 2455.5 177.535 3041.15 2799.29 2789.18 2636.22 152.958 67.6964 8.3858 241.856 169.149 6.89393 205.633 162.256 34.9373 202.487 36.223 18.9875 17.2355 29.7515 10.1094 7.1033 2.33754
internal_count=28072 15630 12697 12561 11790 2933 12442 9797 9751 9302 449 771 72 2645 2861 54 2553 2807 136 2529 92 47 45 112 46 33 63
is_linear=0
shrinkage=0.05


Tree=99
num_leaves=28
num_cat=0
split_feature=3 15 0 0 15 15 1 1 4 4 2 3 1 4 15 2 5 3 14 8 2 7 15 4 1 3 4
split_gain=20.5971 58.3971 70.2311 32.3291 38.5683 47.2364 32.1496 30.484 36.48 28.4781 22.5991 73.554 39.2433 17.0956 16.353 15.9519 12.5212 17.324 15.8417 11.2716 7.47707 6.28636 4.76471 7.295 3.48117 2.54996 0.361467
threshold=1.0000000180025095e-35 28.500000000000004 0.28280000000000005 0.063150000000000012 30.500000000000004 36.500000000000007 0.15585000000000002 0.41280000000000006 0.50945000000000007 0.20460000000000003 4.5000000000000009 2.5000000000000004 0.8136500000000001 0.35930000000000001 14.500000000000002 3.5000000000000004 0.20735000000000003 2.5000000000000004 29.500000000000004 1.0000000180025095e-35 2.5000000000000004 0.45080000000000003 22.500000000000004 0.18560000000000001 0.72315000000000007 2.5000000000000004 0.39175000000000004
decision_type=2 2 2 2 2 2 2 2 2 2 2 2 2 2 2 2 2 2 2 2 2 2 2 2 2 2 2
left_child=1 2 7 13 20 -6 16 8 -1 22 11 -11 -12 21 -9 19 25 18 -18 -4 -5 -3 23 -8 -24 -2 -19
right_child=6 3 15 4 5 -7 9 14 -10 10 12 -13 -14 -15 -16 -17 17 26 -20 -21 -22 -23 24 -25 -26 -27 -28
leaf_value=-0.027720788661235226 0.10289243707734318 -0.048780184403057932 0.057146942662323258 0.059704174801096632 -0.033882188654435853 0.054952189904529505 -0.057709699101599801 0.028940131806903274 0.051884171234203497 0.00076432312845217773 -0.0065688989735342351 0.024552749497403176 0.0045054416710720979 0.059404491715264275 -0.056986027542603492 0.088837376201204479 0.072518364361197796 0.070446238724042334 -0.045666604299852365 0.00040317798888674442 0.11330057719943104 0.022857114902808839 -0.05828884896156409 0.065359513626325513 0.010570180944752006 0.061530782058187752 0.054867074254804575
leaf_weight=102.0048644784838 7.0512539800256473 23.536758244037632 12.370351165533064 13.252311281859875 28.25651796348393 31.810746286064386 2.5514720715582362 5.8335250690579405 16.75586723536253 1673.0065388046205 1684.6550325164571 403.27757965028286 1523.3140511717647 5.2155779562890521 108.98505932837725 9.4565608799457532 3.8686654716730144 7.4846652299165708 10.616434987634419 29.916684869676828 12.78523214161396 3.5204389393329611 25.913490019738678 2.280201431363821 1.975371729582547 7.9024038463830948 7.408642053604126
leaf_count=716 24 193 26 48 178 71 25 15 71 6245 10771 1148 7297 18 702 18 10 15 71 103 25 11 209 13 12 17 20
internal_value=0.000565871 -0.0103254 -0.0225745 0.0191982 0.0351951 0.0131632 0.00138597 -0.03425 -0.0164894 0.00103242 0.00132037 0.00538476 -0.00131021 -0.0234821 -0.0526204 0.030131 0.0437889 0.0248308 -0.0141019 0.0170026 0.0860217 -0.0394594 -0.0454699 0.000370094 -0.0534116 0.0810345 0.0626964
internal_weight=5765.01 403.7 285.323 118.378 86.1048 60.0673 5361.31 233.579 118.761 5316.97 5284.25 2076.28 3207.97 32.2728 114.819 51.7436 44.3321 29.3784 14.4851 42.287 26.0375 27.0572 32.7205 4.83167 27.8889 14.9537 14.8933
internal_count=28072 2195 1651 544 322 249 25877 1504 787 25720 25461 7393 18068 222 717 147 157 116 81 129 73 204 259 38 221 41 35
is_linear=0
shrinkage=0.05


Tree=100
num_leaves=29
num_cat=0
split_feature=3 0 4 2 3 2 0 0 15 5 4 15 0 1 0 3 1 0 0 15 8 9 5 4 0 13 4 4
split_gain=19.1098 58.586 23.2571 40.7793 28.0752 64.7217 31.6197 25.8881 28.066 24.548 23.5752 17.7163 18.3025 25.8595 14.818 15.0422 15.0048 13.2615 13.7098 13.1124 7.13001 20.4525 4.70676 3.97754 2.65895 2.22465 1.42829 0.0100846
threshold=6.5000000000000009 0.31340000000000007 0.68705000000000005 10.500000000000002 4.5000000000000009 7.5000000000000009 0.6120000000000001 0.47675000000000006 20.500000000000004 0.48525000000000007 0.48050000000000004 29.500000000000004 0.58955000000000013 0.72905000000000009 0.47915000000000002 7.5000000000000009 0.77950000000000019 0.094750000000000015 0.4714000000000001 34.500000000000007 1.0000000180025095e-35 0.97034659329741302 0.28035000000000004 0.4492000000000001 0.14850000000000005 9.5000000000000018 0.72835000000000016 0.56775000000000009
decision_type=2 2 2 2 2 2 2 2 2 2 2 2 2 2 2 2 2 2 2 2 2 2 2 2 2 2 2 2
left_child=2 20 3 4 6 -6 -1 8 -5 24 -9 14 19 -14 15 -3 -16 -11 -19 -13 22 27 -2 -24 -4 -23 -26 -22
right_child=1 11 9 7 5 -7 -8 10 -10 17 -12 12 13 -15 16 -17 -18 18 -20 -21 21 25 23 -25 26 -27 -28 -29
leaf_value=-0.00025552496054984277 0.050902519874954838 0.010723935230483365 0.011730873239743977 0.019186459584089464 0.054335188577797539 0.0040878926760977655 -0.020852791660204813 0.0099388313175140294 -0.034266855172721558 0.13818995871650766 -0.014974029880046608 -0.051852560114131668 0.15469722852910806 -0.001102957287594333 -0.02586415592450508 0.055108572275788636 0.0082816861009226538 -0.01187991463548542 0.01122889921893302 -0.005723771050851493 -0.057010132725366286 0.050374119110835197 0.12093324032401427 0.070852362560254095 0.058450716278098128 0.086830826564637809 0.035623967017043741 -0.062086255726951069
leaf_weight=3180.9476604415104 8.1948869079351443 46.019326463341713 4.5012611746788016 28.208014029078186 73.374460324645042 506.26081145368516 197.92183403670788 147.98061126098037 189.71802060678601 1.9102336764335621 265.04631231725216 34.073189381510019 2.7255161311477414 116.71782512962818 34.945276780053973 32.620302087627351 405.5796395111829 82.442222747020423 289.77646476216614 28.119059089571238 2.4004722051322487 9.8696350306272524 8.4862315058708173 7.4411512278020373 26.357318505644798 7.2645841389894477 9.2605126835405809 1.6516554132103918
leaf_count=14586 19 200 19 116 156 2167 780 463 1401 6 1125 244 9 892 215 100 2354 660 2160 187 31 25 17 17 70 13 28 12
internal_value=0.000537541 0.0080023 -0.000575538 -0.00159966 0.000282006 0.0104486 -0.00146204 -0.0134049 -0.0273479 0.0107707 -0.00604817 0.00443976 -0.00900063 0.00245217 0.00914203 0.029135 0.00557302 0.00678493 0.00611056 -0.0309963 0.063105 0.0419406 0.0816934 0.0975358 0.0479399 0.0658311 0.0525158 -0.0590792
internal_weight=5749.81 746.109 5003.71 4589.46 3958.5 579.635 3378.87 630.953 217.926 414.248 413.027 700.8 181.636 119.443 519.165 78.6396 440.525 374.129 372.219 62.1922 45.3086 21.1863 24.1223 15.9274 40.1191 17.1342 35.6178 4.05213
internal_count=28072 4335 23737 20794 17689 2323 15366 3105 1517 2943 1588 4201 1332 901 2869 300 2569 2826 2820 431 134 81 53 34 117 38 98 43
is_linear=0
shrinkage=0.05


Tree=101
num_leaves=31
num_cat=0
split_feature=7 2 14 5 1 3 0 0 2 1 3 0 4 1 2 5 5 14 5 4 9 14 3 2 0 14 4 7 9 5
split_gain=19.1638 20.7027 23.6686 37.0856 79.105 35.0426 28.3368 30.9302 20.0066 24.5875 26.6455 29.3841 28.2594 23.1295 21.3751 17.2231 19.827 14.9275 14.2993 13.7942 20.7391 13.6295 12.2787 12.059 10.809 13.2444 8.06507 18.6323 8.04853 4.53063
threshold=0.39175000000000004 1.5000000000000002 16.500000000000004 0.38760000000000006 0.59730000000000005 7.5000000000000009 0.11585000000000002 0.13420000000000001 2.5000000000000004 0.39210000000000006 1.0000000180025095e-35 0.063150000000000012 0.20460000000000003 0.66145000000000009 11.500000000000002 0.22345000000000004 0.29680000000000006 15.500000000000002 0.2839000000000001 0.45390000000000003 0.98581488933601624 23.500000000000004 1.5000000000000002 2.5000000000000004 0.24780000000000005 27.500000000000004 0.31645000000000006 0.46970000000000006 0.17681540429160156 0.22085000000000002
decision_type=2 2 2 2 2 2 2 2 2 2 2 2 2 2 2 2 2 2 2 2 2 2 2 2 2 2 2 2 2 2
left_child=8 18 6 5 -5 -4 23 -8 9 10 11 -1 -12 14 17 21 -17 -10 26 22 -21 -15 -20 -3 25 -11 27 -2 -26 -28
right_child=1 2 3 4 -6 -7 7 -9 13 24 12 -13 -14 15 -16 16 -18 -19 19 20 -22 -23 -24 -25 28 -27 29 -29 -30 -31
leaf_value=-0.048712208498851724 -0.035788552777527925 -0.042462619808015453 0.0074346123914153187 -0.019051497884296019 0.0037083409757087231 0.049058825208027283 0.022855516645452312 -0.0057370667113374619 0.053022204122398456 -0.03301680548501796 -0.062184173688269229 0.016188741359320594 0.038372648213648469 -0.057259686763494758 0.067987760441468412 0.042124206481582355 -0.015586132041000116 -0.031687066618782962 -0.020374587074679804 -0.0063882794866047289 0.055326660334280124 0.021220864488357666 0.036439906512433437 0.01514744140497342 0.036525155888446452 0.041176250873109721 0.018514405427696692 0.078868519440325899 -0.029374047094461599 0.049875361431289712
leaf_weight=28.99839099124074 10.660443011671303 66.231427624821663 1455.6372215170413 488.56070429831743 1746.6473931809887 52.384019985795021 103.78690060600638 1066.6177308186889 5.3454342782497397 71.486205199733377 7.5858048032969227 43.755424696952105 88.484451219439507 16.470458537340168 5.800485596060752 36.290909931063652 25.229718215763569 192.13303374871612 50.593170713633299 26.976543821394444 27.47954349219799 8.330146558582781 11.711144782602785 10.527328014373778 13.532209448516371 6.5678044557571402 15.272453956305979 5.3072755858302108 7.0458189509809008 46.828073419630527
leaf_count=284 60 312 5196 4596 9943 121 343 3573 44 557 69 238 319 93 31 117 93 1278 230 99 65 38 34 31 44 28 54 14 36 132
internal_value=0.000511364 0.00145811 0.000833861 0.00282145 -0.00126639 0.00888051 -0.00513169 -0.00320159 -0.00830121 0.00155887 0.0131464 -0.00967964 0.0304326 -0.0174074 -0.0266154 0.00427672 0.0184571 -0.0293941 0.0174478 0.00637164 0.0247542 -0.0308993 -0.00969535 -0.0345615 -0.0182751 -0.0267739 0.0340136 0.00232063 0.0139616 0.0421627
internal_weight=5742.28 5185.22 4990.39 3743.23 2235.21 1508.02 1247.16 1170.4 557.056 267.456 168.824 72.7538 96.0703 289.6 203.279 86.3212 61.5206 197.478 194.829 116.76 54.4561 24.8006 62.3043 76.7588 98.632 78.054 78.0682 15.9677 20.578 62.1005
internal_count=28072 24803 24115 19856 14539 5317 4259 3916 3269 1575 910 522 388 1694 1353 341 210 1322 688 428 164 131 264 343 665 585 260 74 80 186
is_linear=0
shrinkage=0.05


Tree=102
num_leaves=24
num_cat=0
split_feature=0 13 14 14 6 4 2 4 5 7 14 4 15 15 7 0 14 7 7 5 4 7 5
split_gain=18.2493 17.0131 25.8191 35.9899 41.6425 29.4388 33.0238 23.9889 19.1773 23.173 21.4098 20.4198 20.6645 18.3146 10.6887 9.83424 5.80263 3.38152 4.29223 3.35429 0.902129 0.0013925 0.000962658
threshold=0.86755000000000015 13.500000000000002 14.500000000000002 31.500000000000004 0.28035000000000004 0.65730000000000011 5.5000000000000009 0.40240000000000004 0.55215000000000003 0.69310000000000016 47.500000000000007 0.31400000000000006 38.500000000000007 30.500000000000004 0.53695000000000015 0.26600000000000007 14.500000000000002 0.57930000000000004 0.68800000000000006 0.54435000000000011 0.60425000000000006 0.74835000000000018 0.46845000000000009
decision_type=2 2 2 2 2 2 2 2 2 2 2 2 2 2 2 2 2 2 2 2 2 2 2
left_child=1 2 5 7 -5 6 -1 -4 11 14 -11 13 -13 -3 -10 -7 21 -18 20 -20 -19 22 -2
right_child=16 8 3 4 -6 15 -8 -9 9 10 -12 12 -14 -15 -16 -17 17 18 19 -21 -22 -23 -24
leaf_value=-0.007713368156905505 0.053351576143034478 0.012016417903176476 -0.0037095123889336356 0.015536490050339625 -0.012415954740596147 -0.0097193657672353852 -0.035926005564985257 0.0061790712328987554 0.061911094478757825 0.0076366537029689194 -0.067397329616630267 0.010831577101379776 0.046482992399610359 -0.018284264286424455 -0.05326612021387378 0.031488890472787537 -0.05864343937134639 0.028017378097375253 -0.038135831948978072 0.013802059582393333 0.054859109895847941 0.052574990504606435 0.054484606568893881
leaf_weight=508.7623891942203 3.6698423177003843 89.0335942953825 884.81768440455198 158.7937103100121 827.99494640808553 19.979490771889687 130.28611225262284 1998.7538230875507 2.1456547379493704 99.463946865871549 10.511574413627384 591.24369125254452 43.645810380578041 113.36945705115795 32.913339331746101 52.580652557313442 1.5695031583309162 5.6123779863119108 3.1790225058794013 140.42361024208367 7.0781795978546143 2.5354561768472195 3.8324296027421951
leaf_count=1849 21 455 4090 617 7128 73 515 7039 4 677 114 2585 93 587 256 156 6 16 16 1704 33 19 19
internal_value=0.00048507 -4.99483e-06 -0.00128514 0.000324246 -0.00791786 -0.0100384 -0.0134652 0.00314478 0.00596611 -0.0108195 0.000464828 0.00887369 0.0132825 -0.00495552 -0.0462171 0.0201422 0.016726 0.0143822 0.0151155 0.0126523 0.0429884 0.053588 0.0539304
internal_weight=5732.2 5564.3 4581.97 3870.36 986.789 711.609 639.049 2883.57 982.327 145.035 109.976 837.293 634.89 202.403 35.059 72.5601 167.9 157.863 156.293 143.603 12.6906 10.0377 7.50227
internal_count=28072 26238 21467 18874 7745 2593 2364 11129 4771 1051 791 3720 2678 1042 260 229 1834 1775 1769 1720 49 59 40
is_linear=0
shrinkage=0.05


Tree=103
num_leaves=27
num_cat=0
split_feature=9 9 9 9 13 15 6 15 13 7 15 7 2 7 13 5 0 0 0 13 5 2 0 15 5 5
split_gain=17.7782 77.6784 33.2397 53.1997 22.9511 20.7435 18.9598 23.0356 17.5078 22.6985 12.1679 10.9432 10.6487 10.2554 9.44848 14.5486 10.0548 8.14805 6.44994 5.37663 5.35413 4.83997 4.53035 8.73768 2.03735 0.000215477
threshold=0.8935439560439562 0.20060362173038235 0.19836704593341761 0.10535714285714286 3.5000000000000004 37.500000000000007 0.76830000000000009 39.500000000000007 13.500000000000002 0.79430000000000012 30.500000000000004 0.30900000000000005 2.5000000000000004 0.91045000000000009 21.500000000000004 0.42685000000000006 0.033900000000000007 0.55685000000000018 0.5797500000000001 10.500000000000002 0.77850000000000008 3.5000000000000004 0.64855000000000007 21.500000000000004 0.20735000000000003 0.33530000000000004
decision_type=2 2 2 2 2 2 2 2 2 2 2 2 2 2 2 2 2 2 2 2 2 2 2 2 2 2
left_child=1 2 3 4 -1 14 7 8 9 -2 -10 -5 -7 19 16 -16 -3 21 -19 20 -8 -15 23 -4 -9 -14
right_child=6 5 22 11 -6 12 13 24 10 -11 -12 -13 25 17 15 -17 -18 18 -20 -21 -22 -23 -24 -25 -26 -27
leaf_value=0.0082263080116686052 0.0018707676956755811 0.049992439845431315 -0.039619470634785992 0.052850244721065046 -0.0027158446274809897 0.077998504198954322 -0.0085979100321864465 -0.046164862504487973 0.015570717433517829 -0.016013185342624886 -0.0015318277228433595 -0.049760265171700881 -0.053283594099392866 0.024684639429241095 -0.060302318247077394 0.085169206998927716 -0.043265752039161345 0.076601234187055722 0.013154186173582941 0.08617507112721795 0.043682329062333283 -0.056336036460222172 0.09609085078880121 0.049844186797064857 -0.092816236678222558 -0.052101510793266186
leaf_weight=655.88290273956954 2070.8243924640119 2.9459003228694192 3.0220570974051979 2.7109025940299025 1779.1993301808834 5.8950100094079954 6.1572147011756924 3.8514511138200742 359.69287173077464 194.04904280230403 146.30164163932204 62.588045608252287 0.50518730282783542 2.555978521704672 3.1846129186451426 3.7338865362107754 153.05944492667913 4.0933105349540702 187.04071087017655 5.6416839137673369 23.932269688695669 6.6106199733912945 4.2698543369770041 28.168222315609455 5.9648851826786995 1.6274653431028125
leaf_count=2444 6658 17 16 31 9346 9 20 18 1217 1363 513 740 10 8 37 17 2790 16 2459 16 56 70 10 110 28 53
internal_value=0.000461446 -0.00248042 -0.000281199 -0.000962917 0.000231395 -0.0351029 0.00310108 0.00194622 0.00221709 0.000338513 0.0106257 -0.0455004 0.0433614 0.0167064 -0.038969 0.0182081 -0.0415047 0.0123045 0.014513 0.0413827 0.0329842 -0.0337445 0.0477884 0.041176 -0.0745125 -0.0523815
internal_weight=5723.51 2706.79 2535.84 2500.38 2435.08 170.952 3016.72 2780.68 2770.87 2264.87 505.995 65.2989 8.02766 236.032 162.924 6.9185 156.005 200.301 191.134 35.7312 30.0895 9.1666 35.4601 31.1903 9.81634 2.13265
internal_count=28072 15630 12697 12561 11790 2933 12442 9797 9751 8021 1730 771 72 2645 2861 54 2807 2553 2475 92 76 78 136 126 46 63
is_linear=0
shrinkage=0.05


Tree=104
num_leaves=30
num_cat=0
split_feature=3 15 0 1 1 15 15 9 9 15 0 3 1 9 9 9 15 15 0 0 15 14 3 6 0 5 14 5 13
split_gain=17.7781 53.3857 64.4963 28.6563 28.3426 28.0117 45.4673 45.457 21.5907 21.5085 28.5568 67.7111 29.464 26.8007 58.9759 37.6888 21.074 19.4797 17.0693 16.9272 14.9787 10.7501 13.8301 18.0155 8.15963 2.43693 1.36257 0.249038 0.0773682
threshold=1.0000000180025095e-35 28.500000000000004 0.28280000000000005 0.15585000000000002 0.41280000000000006 30.500000000000004 37.500000000000007 0.99975502204801581 0.99975502204801581 18.500000000000004 0.6120000000000001 1.5000000000000002 0.9215500000000002 0.99005568379481257 0.20060362173038235 0.99635195974576296 12.500000000000002 22.500000000000004 0.15300000000000002 0.06745000000000001 14.500000000000002 29.500000000000004 2.5000000000000004 0.20640000000000003 0.080550000000000024 0.29945000000000005 25.500000000000004 0.22345000000000004 13.500000000000002
decision_type=2 2 2 2 2 2 2 2 2 2 2 2 2 2 2 2 2 2 2 2 2 2 2 2 2 2 2 2 2
left_child=1 2 4 21 17 7 18 28 25 10 11 -5 -12 14 -11 -15 -10 -1 -7 -9 -6 26 23 -23 -8 -4 27 -2 -3
right_child=3 5 8 9 20 6 24 19 16 13 12 -13 -14 15 -16 -17 -18 -19 -20 -21 -22 22 -24 -25 -26 -27 -28 -29 -30
leaf_value=-0.00094093689622878657 0.069576053892503459 -0.057386927247351095 0.050945894714262897 -0.0025141043927646568 0.026754599089899318 -0.046876511605330885 0.01270972831507531 0.01652624712741264 0.065908239049366046 -0.0020521599836191939 -0.01549372313488321 0.026812123980982691 0.019575711380649785 0.06878673438324355 -0.03034565198626038 0.0023635096198604578 -0.02721485619614333 -0.043747298456765671 0.02388984902658739 0.10163861133511892 -0.055673964823722159 0.10365413883375872 0.058631093716519256 -0.044546004926551586 0.065725026111028165 0.084093710656056031 0.091186956600577629 0.054982201657087199 -0.068529223114115065
leaf_weight=75.671865390613675 5.5129976719617861 4.6537355110049239 12.593045003712179 393.92339108325541 5.8182073086500159 35.468930272385478 11.084500454366205 7.827232368290427 8.6293711662292498 1763.8412443809211 219.89147820323706 393.39052229560912 82.312588872388005 21.565619885921478 205.65386191103607 2193.4677567277104 20.527284979820251 40.964049641042948 11.215787924826143 23.028652749955654 104.50691790506244 2.5559058170765665 12.419027924537657 10.37326600961387 21.023534923791885 9.9063472747802717 5.9644573032855979 6.2229693830013275 2.341981228441
leaf_count=439 12 47 31 1307 15 282 37 31 15 9441 989 1377 490 37 2931 9148 84 348 49 45 702 12 27 72 39 17 16 18 14
internal_value=0.000437423 -0.00979316 -0.0216828 0.00119794 -0.0331595 0.0186064 0.00162372 0.053958 0.0287425 0.000866315 0.00712394 0.0121391 -0.00594171 -0.000762971 -0.00500655 0.00301021 0.000346389 -0.0159751 -0.0298752 0.0800481 -0.0513269 0.0418269 0.0209476 -0.015249 0.0474228 0.0655407 0.0717274 0.0618377 -0.0611171
internal_weight=5712.36 395.261 278.617 5317.1 226.961 116.644 78.7928 37.8516 51.656 5274.05 1089.52 787.314 302.204 4184.53 1969.5 2215.03 29.1567 116.636 46.6847 30.8559 110.325 43.0486 25.3482 12.9292 32.108 22.4994 17.7004 11.736 6.99572
internal_count=28072 2195 1651 25877 1504 544 407 137 147 25720 4163 2684 1479 21557 12372 9185 99 787 331 76 717 157 111 84 76 48 46 30 61
is_linear=0
shrinkage=0.05


Tree=105
num_leaves=30
num_cat=0
split_feature=7 13 13 6 6 2 2 2 1 1 3 0 7 1 7 7 7 0 0 5 0 13 13 0 5 0 3 1 0
split_gain=16.817 19.8138 18.5456 19.7649 28.6402 18.4626 28.024 18.1061 21.6384 21.2773 23.6224 25.8894 18.5055 14.6757 14.5341 14.4892 12.7707 14.3482 22.9454 19.3599 13.6749 9.64024 15.9341 8.64256 6.39098 4.82619 4.01045 3.25736 0.580931
threshold=0.39175000000000004 19.500000000000004 3.5000000000000004 0.91780000000000006 0.37250000000000005 19.500000000000004 10.500000000000002 2.5000000000000004 0.8136500000000001 0.39210000000000006 1.0000000180025095e-35 0.063150000000000012 0.25225000000000003 0.84415000000000007 0.32070000000000004 0.33590000000000003 0.71330000000000016 0.13100000000000003 0.11585000000000002 0.26030000000000003 0.60235000000000005 18.500000000000004 16.500000000000004 0.39175000000000004 0.15710000000000005 0.95550000000000013 10.500000000000002 0.79060000000000008 0.06745000000000001
decision_type=2 2 2 2 2 2 2 2 2 2 2 2 2 2 2 2 2 2 2 2 2 2 2 2 2 2 2 2 2
left_child=7 2 5 4 -4 6 -2 9 14 10 11 -1 -12 -10 24 -16 17 18 -3 -19 27 22 -11 -15 -9 -5 -7 -18 -23
right_child=1 16 3 25 -6 26 -8 8 13 21 12 -13 -14 23 15 -17 20 19 -20 -21 -22 28 -24 -25 -26 -27 -28 -29 -30
leaf_value=-0.047624960830588925 0.0084086414115842872 0.0037897300587658445 0.0029552549573308171 0.014397131394283259 -0.0063136271641361713 0.098625587669863402 -0.011065613466007054 -0.011720734092219093 0.078998808018165084 -0.01855182509059573 -0.068113249009630381 0.014371008085524837 0.033521857388184521 0.033949034355087795 0.017595281963910716 -0.019915823631412935 0.096732542581736899 -0.039492292190895763 0.065142402564421262 0.01042678878498555 -0.020092063861389772 -0.042756322197353681 0.057347610306640866 -0.052426268292532885 -0.052985189858182839 -0.074798070679921544 0.040732528823804459 0.053796080263462553 -0.071669627738889227
leaf_weight=27.378014177083969 1087.4163327906281 33.388976499438286 1503.4838629830629 205.3609255105257 1869.9990045949817 5.5246425494551641 222.54049246571958 12.109478643164037 9.325068764388563 79.053958604112267 4.7099482454359523 43.748697431758046 91.226747091859579 6.4059405624866468 30.012951189652085 180.95619446784258 6.5967659978196087 22.626051053404808 28.035297147929668 137.18879681639373 5.6556712165474883 2.2803917564451677 7.5777916274964801 5.2855486571788788 41.679834052920341 1.5278501361608494 6.5239931419491768 13.369814805686472 7.2943372130393982
leaf_count=284 3687 121 5371 2915 11022 20 856 116 23 565 35 238 353 15 185 987 21 81 62 569 21 22 32 19 349 8 17 32 46
internal_value=0.000415023 0.00130198 0.000605989 -0.00126271 -0.0021827 0.00566696 0.00510028 -0.00790337 -0.0166183 0.0015566 0.0123433 -0.00949241 0.0285321 0.0322148 -0.0204947 -0.0145794 0.0151236 0.0112535 0.0317923 0.00335941 0.0485411 -0.0171746 -0.0119128 -0.00509996 -0.0436954 0.0137384 0.0672781 0.0679819 -0.0647834
internal_weight=5698.28 5149.24 4902.38 3580.37 3373.48 1322.01 1309.96 549.045 285.775 263.27 167.063 71.1267 95.9367 21.0166 264.758 210.969 246.861 221.239 61.4243 159.815 25.6223 96.2065 86.6318 11.6915 53.7893 206.889 12.0486 19.9666 9.57473
internal_count=28072 24803 23896 19316 16393 4580 4543 3269 1694 1575 910 522 388 57 1637 1172 907 833 183 650 74 665 597 34 465 2923 37 53 68
is_linear=0
shrinkage=0.05


Tree=106
num_leaves=29
num_cat=0
split_feature=4 5 1 14 14 0 1 1 9 9 13 14 1 5 2 1 7 5 7 4 7 0 0 7 0 14 4 7
split_gain=16.6119 24.2747 63.3601 58.3801 39.0278 50.516 31.9175 29.1239 25.3684 27.657 21.7657 19.4935 29.1946 28.167 29.3891 34.1536 22.993 21.2737 19.4008 17.8301 15.7907 19.5437 13.7945 13.0574 12.4534 11.3169 8.92368 3.11328
threshold=0.36090000000000005 0.37885000000000008 0.59730000000000005 25.500000000000004 19.500000000000004 0.62680000000000013 0.35855000000000004 0.90550000000000008 0.88282035995081432 0.20060362173038235 26.500000000000004 22.500000000000004 0.35070000000000007 0.36090000000000005 2.5000000000000004 0.47495000000000004 0.55845000000000011 0.22085000000000002 0.44035000000000007 0.50285000000000013 0.70090000000000008 0.30690000000000001 0.13100000000000003 0.52110000000000012 0.18810000000000002 18.500000000000004 0.32690000000000002 0.71535000000000015
decision_type=2 2 2 2 2 2 2 2 2 2 2 2 2 2 2 2 2 2 2 2 2 2 2 2 2 2 2 2
left_child=11 4 3 25 5 6 -2 -7 9 -4 -5 12 16 14 23 -16 24 18 -14 -10 21 -6 -19 -13 -1 -3 -15 -22
right_child=1 2 8 10 20 7 -8 -9 19 -11 -12 13 17 26 15 -17 -18 22 -20 -21 27 -23 -24 -25 -26 -27 -28 -29
leaf_value=0.0044907534040999966 0.038824012237217986 -0.0059196320784861345 -0.0011553071503704298 -0.029600786585875762 0.021066211250821688 -0.055636167812937593 0.0016573166665182757 -0.007654610977220754 0.018216049839575872 -0.036781500718305653 0.18017944812704589 0.013508734355182387 -0.041182788787181346 0.025504823841832048 -0.025575466529822025 0.0043847364567273211 0.15062804252587345 0.014520950829443614 -0.0048459126668014066 0.0041727314714922843 0.068530527436229588 0.0044013042570060354 -0.013988450033705078 0.088856072141622652 0.099413591198457454 0.015024014367992226 0.10948151439566681 0.036244133518523736
leaf_weight=104.44491902180016 61.967420116066933 170.20351624116302 842.86530212312937 346.00330890994519 390.93205685541034 57.849635597318411 851.68258992210031 69.766283132135868 298.68676369637251 58.240373076871037 1.2409031018614758 184.12804540246725 127.11732147447765 5.4565044194459897 163.11261280998588 228.20959610305727 2.8862520158290854 52.582452986389399 51.6630739569664 929.09423357434571 13.304309725761415 319.89024004153907 219.74480905942619 5.9352538958191863 3.5735193863511077 103.85929952934384 7.5279047638177872 17.01621650159359
leaf_count=641 187 576 4445 4250 1270 259 2624 239 762 990 7 833 848 19 1211 953 5 243 215 5069 26 1033 944 13 14 339 18 39
internal_value=0.000394312 0.00175902 -0.00118673 -0.0152349 0.00630419 6.21991e-05 0.00417811 -0.0294052 0.00291317 -0.0034579 -0.0288511 -0.00495484 -0.0116309 0.00135776 -0.000268878 -0.0081034 0.0113525 -0.0172813 -0.0306823 0.0075891 0.0150739 0.0135665 -0.0084837 0.0158617 0.00763104 0.00201721 0.0741916 0.050411
internal_weight=5688.98 4532.6 2750.19 621.307 1782.41 1041.27 913.65 127.616 2128.89 901.106 347.244 1156.38 562.012 594.37 581.386 391.322 110.905 451.108 178.78 1227.78 741.143 710.822 272.327 190.063 108.018 274.063 12.9844 30.3205
internal_count=28072 22115 16438 5172 5677 3309 2811 498 11266 5435 4257 5957 2910 3047 3010 2164 660 2250 1063 5831 2368 2303 1187 846 655 915 37 65
is_linear=0
shrinkage=0.05


Tree=107
num_leaves=31
num_cat=0
split_feature=1 6 7 14 9 0 14 1 15 7 14 1 14 0 0 7 15 0 5 1 14 4 9 15 6 14 2 15 2 7
split_gain=16.1538 21.2454 36.0451 31.8791 26.2675 25.0514 20.8662 51.8519 22.9687 17.1049 15.8441 16.0843 14.7925 31.1802 47.9382 28.2474 18.3347 17.0171 14.8596 11.5709 11.2126 14.3837 13.7354 10.4625 9.09275 11.9185 6.71188 7.42109 6.24136 4.23267
threshold=0.84810000000000008 0.51900000000000002 0.67100000000000015 26.500000000000004 1.0000000180025095e-35 0.48215000000000002 14.500000000000002 0.29520000000000007 16.500000000000004 0.52705000000000013 15.500000000000002 0.38280000000000008 20.500000000000004 0.62680000000000013 0.8136500000000001 0.73765000000000014 18.500000000000004 0.44060000000000005 0.58205000000000007 0.90550000000000008 39.500000000000007 0.48050000000000004 0.045427272727272712 24.500000000000004 0.98650000000000004 36.500000000000007 11.500000000000002 22.500000000000004 13.500000000000002 0.69030000000000002
decision_type=2 2 2 2 2 2 2 2 2 2 2 2 2 2 2 2 2 2 2 2 2 2 2 2 2 2 2 2 2 2
left_child=1 2 6 10 9 -6 7 -1 -8 -5 23 -12 13 16 15 -15 17 -2 26 -18 22 -22 -4 -3 25 -20 29 -28 -16 -14
right_child=12 3 20 4 5 -7 8 -9 -10 -11 11 -13 18 14 28 -17 19 -19 24 -21 21 -23 -24 -25 -26 -27 27 -29 -30 -31
leaf_value=0.084395110682913319 0.010331404175387894 -0.02521179610109426 0.036104809792996309 0.14381516893661536 -0.027006048478961226 -0.00038852014692740053 0.016476474264031524 -0.012718894811366236 -0.00017869223999529907 -0.038862839284339284 0.053405612829363382 0.0058524311056328358 0.046635194968090821 -0.033616057602689028 0.027992099268890448 0.014635037585422579 0.024252937175168802 0.06326374275860748 0.0088175555710288435 -0.001860314525345564 -0.0066883967492676211 0.10611971159478495 0.0076493038603344943 0.033302695134117433 0.013923161455745375 -0.014475285724338906 0.0024685431766221129 0.024680552268013176 -0.0025924146197464737 0.0038192580804906175
leaf_weight=14.14551182836294 31.337327428162098 59.609759360551834 68.735084321349859 1.2957213521003712 136.98477705055848 249.21848659589887 223.9019918050617 485.3032094836235 2742.8353133220226 116.01237889565527 19.154045879840851 248.26447548344731 35.142317481338978 167.11201812699437 62.337671406567097 37.058679051697254 57.40675476193428 29.456474527716637 125.68422159925103 162.5109985396266 4.299734976142644 8.2427656576037389 110.7190529583022 8.7620881199836713 172.53856256231666 97.537428840994835 56.381790012121201 112.90760783851147 22.775090295821428 6.9066600427031508
leaf_count=51 121 210 195 4 2162 1506 713 1979 12370 1611 47 734 84 671 234 110 140 63 494 440 16 26 378 25 2697 424 174 290 81 22
internal_value=0.000373373 -0.000991403 0.000654652 -0.0081659 -0.0161237 -0.00982965 -0.000513451 -0.00996841 0.00107829 -0.0368451 0.00376668 0.00925846 0.00558796 -0.000196714 -0.0117164 -0.0248581 0.0116748 0.0359788 0.0110191 0.00495622 0.0217428 0.0674476 0.0185484 -0.017713 0.00530278 -0.00136033 0.0217237 0.0172828 0.0198081 0.0396026
internal_weight=5674.58 4497.48 3658.18 839.302 503.511 386.203 3466.19 499.449 2966.74 117.308 335.79 267.419 1177.09 569.995 289.283 204.171 280.712 60.7938 607.099 219.918 191.997 12.5425 179.454 68.3718 395.76 223.222 211.338 169.289 85.1128 42.049
internal_count=28072 22027 15728 6299 5283 3668 15113 2030 13083 1615 1016 781 6045 1860 1096 781 764 184 4185 580 615 42 573 235 3615 918 570 464 315 106
is_linear=0
shrinkage=0.05


Tree=108
num_leaves=29
num_cat=0
split_feature=3 15 0 4 15 15 9 4 0 3 15 14 7 15 9 15 9 0 6 0 6 15 4 13 3 7 7 13
split_gain=16.1625 49.3634 59.4092 25.1268 24.64 41.258 39.9412 25.0134 24.1415 47.5555 28.3675 20.66 20.6515 36.9235 19.7578 19.0704 16.6132 14.146 11.3785 7.54753 4.78349 4.46252 6.5231 2.61783 2.48223 2.47169 2.40556 0.0644021
threshold=1.0000000180025095e-35 28.500000000000004 0.28280000000000005 0.20460000000000003 30.500000000000004 37.500000000000007 0.99975502204801581 0.38655000000000006 0.12615000000000001 4.5000000000000009 36.500000000000007 40.500000000000007 0.40270000000000006 16.500000000000004 0.99975502204801581 12.500000000000002 0.86736111111111125 0.06745000000000001 0.22085000000000002 0.080550000000000024 0.32860000000000006 22.500000000000004 0.18560000000000001 8.5000000000000018 2.5000000000000004 0.42740000000000006 0.47945000000000004 13.500000000000002
decision_type=2 2 2 2 2 2 2 2 2 2 2 2 2 2 2 2 2 2 2 2 2 2 2 2 2 2 2 2
left_child=1 2 11 21 6 7 27 -6 9 10 -5 18 13 -10 26 -16 -14 -8 -1 -7 -13 22 -2 -11 25 -23 -4 -3
right_child=3 4 14 8 5 19 17 -9 12 23 -12 20 16 -15 15 -17 -18 -19 -20 -21 -22 24 -24 -25 -26 -27 -28 -29
leaf_value=-0.052987799018192887 -0.057258396597684447 -0.056937638457252554 0.044960440036058529 0.0018235749054071708 -0.047124566335069229 0.011833577580866578 0.016136107629213386 0.04667000168173191 0.055559376362251806 0.047634457981424544 0.034214574761852246 0.078524149134749519 -0.0023939251314704034 -0.016149329054964554 0.063148491474507878 -0.026156870932974693 0.0038504988160780172 0.093905622349361034 -0.027705008748972904 0.063063882132277566 -0.0055812590258944167 -0.061412907063229931 0.060406218998525413 0.070804802977182807 -0.0023976522499988824 -0.0076228108746396713 0.077856092865042081 -0.067360823578931708
leaf_weight=63.118328828364611 2.3650978021323708 4.4063014257699242 10.296238575130703 479.76284697279334 36.538000920787454 10.975860826671125 7.7816905155777958 8.8249848186969739 19.059194702655077 34.047392606735229 78.679882537573576 4.8860427588224402 1939.3516890713945 308.85613695718348 8.4655103683471697 20.342760182917118 2362.9396966239437 23.522283039987087 150.8801660835743 20.839809730648994 2.5850024074316025 21.963791238144047 2.3465095795691013 18.989294230937958 2.3525958359241477 2.365668073296546 12.075160652399061 2.2329896129667759
leaf_count=608 25 47 27 2089 296 37 31 35 47 82 243 18 11415 1620 15 84 10074 45 863 39 15 202 14 38 18 10 21 14
internal_value=0.000355316 -0.00949678 -0.0210889 0.00107982 0.0179574 0.00173814 0.0509482 -0.0288776 0.00134693 0.0106843 0.00638719 -0.0323087 0.000113803 -0.0119815 0.0274627 8.613e-05 0.00103569 0.0745733 -0.0351621 0.0453903 0.0494234 -0.0435187 0.00134181 0.0559304 -0.0514403 -0.0561826 0.0627162 -0.0604433
internal_weight=5660.85 387.771 272.649 5273.08 115.122 77.1787 37.9433 45.363 5241.69 611.479 558.443 221.47 4630.21 327.915 51.1797 28.8083 4302.29 31.304 213.998 31.8157 7.47105 31.3937 4.71161 53.0367 26.6821 24.3295 22.3714 6.63929
internal_count=28072 2195 1651 25877 544 407 137 331 25608 2452 2332 1504 23156 1667 147 99 21489 76 1471 76 33 269 39 120 230 212 48 61
is_linear=0
shrinkage=0.05


Tree=109
num_leaves=31
num_cat=0
split_feature=1 5 7 14 0 7 1 0 14 1 4 14 14 0 0 1 13 13 4 7 14 9 4 0 2 4 1 7 14 5
split_gain=14.5418 19.5262 33.433 28.0066 28.7629 39.2388 27.8303 19.1367 16.8791 46.6737 18.6221 16.5698 13.3028 28.1726 46.7566 28.4178 22.6006 15.919 12.7865 9.44108 9.39999 12.5519 9.59385 7.65509 7.27681 9.18898 7.1839 6.56505 6.17571 4.60682
threshold=0.84810000000000008 0.51565000000000005 0.67100000000000015 29.500000000000004 0.49390000000000006 0.54695000000000016 0.64855000000000007 0.66145000000000009 14.500000000000002 0.29520000000000007 0.20460000000000003 15.500000000000002 19.500000000000004 0.62680000000000013 0.8136500000000001 0.98915000000000008 5.5000000000000009 13.500000000000002 0.55215000000000003 0.54205000000000003 37.500000000000007 0.045427272727272712 0.48050000000000004 0.47435000000000005 12.500000000000002 0.52975000000000005 0.91365000000000018 0.62400000000000011 39.500000000000007 0.30265000000000003
decision_type=2 2 2 2 2 2 2 2 2 2 2 2 2 2 2 2 2 2 2 2 2 2 2 2 2 2 2 2 2 2
left_child=1 2 8 7 5 -5 -6 11 9 -1 -10 -3 13 16 15 -15 26 -18 24 -20 21 -4 -22 -21 28 -26 -2 -9 -14 -16
right_child=12 3 20 4 6 -7 -8 27 10 -11 -12 -13 18 14 29 -17 17 -19 19 23 22 -23 -24 -25 25 -27 -28 -29 -30 -31
leaf_value=0.080093289144025553 0.051743611359449118 -0.016507281515957196 0.034546509895207127 0.120363167029957 0.1151201924640104 -0.036758089441658835 -0.0086499985582973917 -0.078108085182331977 -0.029597923237580311 -0.011679037064189612 0.0014788278085522257 0.010729318055180553 0.040854093748946892 -0.035009214847734282 0.05802449726236783 0.010584093566302277 -0.0085201892453692831 0.022621095669669598 0.089420163837410291 -0.052815820963100203 0.0026096477544697741 0.0067251012946761808 0.081944331760395062 0.0060697923720480929 0.0059256586518283468 0.04274887245050589 0.021404142616359256 -0.02054237805655609 -0.0059002735875405121 0.017117721343233833
leaf_weight=14.266497077420352 30.869225084781647 68.814446575939655 66.658992581069469 4.0731112621724597 4.6202121488749972 162.67594432365149 267.53289133496583 5.5288204103708258 49.02285460755229 479.66070311516523 2891.8510882640257 296.1843946762383 57.533548682928085 151.77282762527466 7.6354272365570059 44.109239496290684 128.98062480986118 60.187650337815285 3.3637047260999671 5.5881573855876914 5.639384180307391 103.4675592854619 11.751794641837476 446.91803921572864 79.839679136872292 21.505429446697235 53.028344228863716 47.538270633667707 8.051274508237837 69.803505025804043
leaf_count=51 68 233 183 22 48 2986 1922 23 468 1969 12524 975 138 613 17 147 359 143 6 21 21 346 45 3774 229 51 179 211 26 274
internal_value=0.000337158 -0.000958978 0.00064672 -0.0077461 -0.0165679 -0.0329202 -0.00654881 0.00151536 -0.000475646 -0.0090283 0.000960794 0.00559431 0.0053028 -0.000391279 -0.0117396 -0.0247424 0.0109676 0.00138803 0.0102983 0.00596297 0.0212053 0.0176261 0.0562187 0.00534259 0.0221375 0.0137395 0.0325672 -0.0265399 0.0351145 0.0211511
internal_weight=5648.47 4479.29 3622.32 856.968 438.902 166.749 272.153 418.066 3434.8 493.927 2940.87 364.999 1169.19 546.387 273.321 195.882 273.066 189.168 622.8 455.87 187.518 170.127 17.3912 452.506 166.93 101.345 83.8976 53.0671 65.5848 77.4389
internal_count=28072 22027 15607 6420 4978 3008 1970 1442 15012 2020 12992 1208 6045 1800 1051 760 749 502 4245 3801 595 529 66 3795 444 280 247 234 164 291
is_linear=0
shrinkage=0.05


Tree=110
num_leaves=29
num_cat=0
split_feature=3 1 4 15 15 15 15 15 14 1 3 1 13 7 4 1 9 9 7 5 13 14 1 9 15 9 15 4
split_gain=14.8186 39.7792 40.7701 30.3783 30.306 25.3155 31.3396 63.019 37.3859 21.0221 19.1984 17.354 14.7763 13.4554 11.6709 16.3665 10.1856 9.50432 7.01674 6.89763 6.51044 6.50022 11.081 6.31493 1.77 1.4571 1.57914 0.28022
threshold=1.5000000000000002 0.20415000000000003 0.26945000000000002 18.500000000000004 37.500000000000007 31.500000000000004 22.500000000000004 17.500000000000004 29.500000000000004 0.7633000000000002 6.5000000000000009 0.5797500000000001 1.0000000180025095e-35 0.43285000000000007 0.30665000000000003 0.66145000000000009 0.14337101747173689 0.99095075080809059 0.48075000000000007 0.22755000000000003 19.500000000000004 21.500000000000004 0.15585000000000002 -1.0000000180025095e-35 38.500000000000007 0.54110360360360377 31.500000000000004 0.33530000000000004
decision_type=2 2 2 2 2 2 2 2 2 2 2 2 2 2 2 2 2 2 2 2 2 2 2 2 2 2 2 2
left_child=4 18 12 9 5 6 7 -1 -8 -4 -5 16 -3 -13 15 23 -7 -14 25 24 -21 -20 -23 -6 -16 26 -2 -27
right_child=1 2 3 10 14 11 8 -9 -10 -11 -12 13 17 -15 19 -17 -18 -19 21 20 -22 22 -24 -25 -26 27 -28 -29
leaf_value=0.0036645649449108643 0.03896661198240231 0.069470238225568776 0.022536610917308752 -0.001971438769579541 0.032399131271254926 -0.058598188496740582 0.012011738985527274 -0.023160575708252223 -0.025133811648342948 0.0044930525124314644 0.0073340272836811176 -0.047048838799123735 -0.053145262432911733 0.031211409986856717 0.0429777238891716 -0.069704219253196323 -0.022816057814892397 -0.015978700564566101 0.05752476894769834 6.3340673619911994e-05 0.050595873202823674 0.042253498121100574 -0.058343840486575496 -0.009698438674888659 0.067936080147770847 0.074379964944806407 0.0699008575052147 0.060637479489865531
leaf_weight=446.51385619677603 13.048183340579273 3.2596955858170977 269.85963742155582 2537.6317449631169 23.462567687034603 39.818503238260746 427.28490258567035 429.57865759078413 80.500181823037565 401.73984295874834 709.18120466172695 8.0022278297692555 46.22645447216928 17.51052487641573 14.191436499357225 6.4589136242866507 39.733784058131278 27.394866943359375 6.9303059279918697 16.106041036546234 10.548494741320608 5.9170332700014097 5.0942462980747223 14.360819198191168 14.223183780908583 9.9464818537235242 6.0330629125237456 5.9156259447336188
leaf_count=1515 35 15 1047 13193 64 323 1849 2153 689 1752 4244 58 380 50 30 26 262 97 23 57 24 17 28 61 28 22 13 17
internal_value=0.000320269 0.00192612 0.00135588 0.00206337 -0.00377266 -0.00555675 -0.00376034 -0.00948874 0.00612298 0.0117432 6.10964e-05 -0.0292184 -0.034703 0.00666461 0.0229648 0.00385427 -0.0407262 -0.0393154 0.0450062 0.038332 0.0200615 0.0195892 -0.00428674 0.0164155 0.0554708 0.0580565 0.0487473 0.0692548
internal_weight=5636.47 4048.18 3995.29 3918.41 1588.29 1488.94 1383.88 876.093 507.785 671.599 3246.81 105.065 76.881 25.5128 99.3515 44.2823 79.5523 73.6213 52.8849 55.0692 26.6545 17.9416 11.0113 37.8234 28.4146 34.9434 19.0812 15.8621
internal_count=28072 20883 20728 20236 7189 6899 6206 3668 2538 2799 17437 693 492 108 290 151 585 477 155 139 81 68 45 125 58 87 48 39
is_linear=0
shrinkage=0.05


Tree=111
num_leaves=28
num_cat=0
split_feature=3 15 15 2 2 15 15 13 2 7 2 9 15 15 3 5 13 9 15 9 15 14 14 7 9 5 2
split_gain=13.9498 44.9438 25.21 26.9088 24.514 24.052 32.6229 23.8591 23.3374 22.3603 22.8406 15.4264 15.1411 23.9055 18.8293 14.4356 11.299 10.2183 28.6929 9.72162 8.37295 2.3148 2.00358 1.22971 0.16127 0.0829177 0.00531928
threshold=1.0000000180025095e-35 28.500000000000004 14.500000000000002 3.5000000000000004 2.5000000000000004 37.500000000000007 31.500000000000004 15.500000000000002 1.5000000000000002 0.25225000000000003 1.5000000000000002 0.9952997555223817 18.500000000000004 21.500000000000004 1.5000000000000002 0.39175000000000004 4.5000000000000009 0.99975502204801581 12.500000000000002 0.99975502204801581 28.500000000000004 26.500000000000004 15.500000000000002 0.44035000000000007 0.99975502204801581 0.18300000000000002 2.5000000000000004
decision_type=2 2 2 2 2 2 2 2 2 2 2 2 2 2 2 2 2 2 2 2 2 2 2 2 2 2 2
left_child=1 2 17 8 5 6 -3 19 -4 24 11 15 14 -14 -12 -11 -5 22 -19 -6 -13 -7 -1 -9 25 26 -2
right_child=9 4 3 16 7 21 -8 23 -10 10 12 20 13 -15 -16 -17 -18 18 -20 -21 -22 -23 -24 -25 -26 -27 -28
leaf_value=0.03583667676185652 -0.057407340299499544 0.017070684398242546 -0.0046002824949176509 0.073569683586076184 0.01855617069909762 0.029668552909003755 -0.060965270943978633 -0.067029900197437514 -0.040314847280273507 0.018788360527144554 -0.0031548652066516938 0.064875887662183163 -0.0081375530261488145 0.0011882642656792623 0.010939045122647074 -0.025102958829257827 -0.021499665283935598 0.05726064778782064 -0.07702403417454616 0.091863987588701429 0.016132640276345062 0.059390386908672967 0.072841579805301274 -0.018137837635635222 -0.069844190984355001 -0.067384822609128744 -0.054518993132519671
leaf_weight=8.20581206679344 2.9581183157861215 31.742808686569333 64.466229716315866 9.2795549184083921 5.8574584946036401 16.328109003603462 23.167719878256321 2.5955905877053729 157.4696051729843 106.4480649959296 367.43800647277385 24.358971290290356 878.7497576312162 3151.9367347946391 667.45970412902534 22.7344277985394 4.7125192563980809 8.5362757295370084 7.449474349617959 19.843518204987049 13.802409067749975 10.940172672271727 6.5998789072036752 2.5491224750876427 5.1910298466682425 2.0581992883235216 3.4567250795662403
leaf_count=19 31 160 405 27 34 43 209 21 1103 405 1227 62 4461 16638 2792 94 35 16 34 45 69 23 12 9 27 19 52
internal_value=0.000304037 -0.00895007 -0.0201475 -0.0257009 0.0174741 0.00320785 -0.0158541 0.0554819 -0.0299408 0.000973841 0.00114064 0.0193151 0.000540237 -0.000844903 0.00593504 0.0110641 0.0415504 0.0224029 -0.00531698 0.0751565 0.0472462 0.0415931 0.0523322 -0.0428047 -0.0629043 -0.0586526 -0.0558509
internal_weight=5626.34 379.744 266.719 235.928 113.025 82.1788 54.9105 30.8457 221.936 5246.59 5232.93 167.344 5065.58 4030.69 1034.9 129.182 13.9921 30.7914 15.9858 25.701 38.1614 27.2683 14.8057 5.14471 13.6641 8.47304 6.41484
internal_count=28072 2195 1651 1570 544 435 369 109 1508 25877 25748 630 25118 21099 4019 499 62 81 50 79 131 66 31 30 129 102 83
is_linear=0
shrinkage=0.05


Tree=112
num_leaves=27
num_cat=0
split_feature=0 2 3 15 1 1 13 15 0 0 14 0 3 2 14 0 14 1 15 6 14 1 7 3 7 6
split_gain=13.1973 13.5714 87.8535 40.2155 34.5237 30.8163 28.4634 27.3594 49.9401 41.0563 25.1275 44.0177 31.28 25.0938 21.6927 18.5325 5.6351 3.29851 3.98931 4.31574 3.47321 8.52728 3.63817 1.67085 0.00100103 0.000795931
threshold=0.86755000000000015 4.5000000000000009 1.5000000000000002 30.500000000000004 0.36940000000000006 0.43875000000000003 7.5000000000000009 37.500000000000007 0.18560000000000001 0.19805000000000003 16.500000000000004 0.56330000000000013 1.5000000000000002 2.5000000000000004 48.500000000000007 0.15705000000000005 14.500000000000002 0.92725000000000002 33.500000000000007 0.98650000000000004 34.500000000000007 0.98915000000000008 0.57930000000000004 8.5000000000000018 0.74835000000000018 0.46985000000000005
decision_type=2 2 2 2 2 2 2 2 2 2 2 2 2 2 2 2 2 2 2 2 2 2 2 2 2 2
left_child=1 2 7 13 -5 6 15 9 -9 -1 11 -7 -12 -4 -8 -3 24 18 23 -20 22 -22 -19 -18 25 -2
right_child=16 5 3 4 -6 10 14 8 -10 -11 12 -13 -14 -15 -16 -17 17 20 19 -21 21 -23 -24 -25 -26 -27
leaf_value=-0.013821707898054557 0.052914203156535757 -0.056969468726880836 0.031062050869303172 0.024391242710057114 -0.027722590097008993 0.0037943323637456409 -0.043816841363406488 0.034877465616920088 -0.073056405709417169 0.0033920795436092354 0.056542350231084088 -0.028982492409211066 0.00032463888375376258 0.012500775589386115 0.04146023558636918 0.010855283255733037 0.016383073877266237 -0.057810759631070532 -0.085766060044312739 0.027514532112918197 0.0050183278132385767 -0.08235023782031943 0.019199013538152523 0.05195406142185785 0.05225349152508562 0.054008634854395533
leaf_weight=826.45163371227682 3.2432877570390684 11.784522885456679 274.55809213966131 48.036290826275945 93.905980158597231 206.17114554159343 105.51714293239638 83.414571586996317 12.296915577724574 596.3334442442283 25.006150405853987 203.5717241987586 2355.3545528138056 540.6836668336764 8.0245778942480666 69.290556934662163 4.6233107410371366 1.5710328817367543 1.3831359297037118 2.144211933016777 61.261484555900097 2.9262020438909522 64.480594649910927 11.545419581234453 2.2440874427556992 3.4057260155677795
leaf_count=4623 21 154 777 170 361 670 1471 227 54 1959 87 798 12505 1781 73 528 50 6 6 48 831 27 665 142 19 19
internal_value=0.000288236 -0.000125027 0.00261197 0.0144754 -0.0100862 -0.00239523 -0.0216318 -0.00486616 0.0210102 -0.00660687 -0.00105343 -0.0124901 0.000915217 0.0187519 -0.0377899 0.000996738 0.0144959 0.0122022 0.0312725 -0.0169048 0.00931822 0.00103535 0.0173673 0.0417828 0.0531666 0.0534748
internal_weight=5619.23 5460.4 2475.68 957.184 141.942 2984.72 194.617 1518.5 95.7115 1422.79 2790.1 409.743 2380.36 815.242 113.542 81.0751 158.828 149.935 19.6961 3.52735 130.239 64.1877 66.0516 16.1687 8.8931 6.64901
internal_count=28072 26238 9952 3089 531 16286 2226 6863 281 6582 14060 1468 12592 2558 1544 682 1834 1775 246 54 1529 858 671 192 59 40
is_linear=0
shrinkage=0.05


Tree=113
num_leaves=28
num_cat=0
split_feature=1 2 3 15 5 1 7 5 5 5 3 0 1 0 5 2 4 7 0 13 9 1 2 4 13 7 0
split_gain=13.0103 27.0942 64.3504 25.1691 18.9223 34.9922 29.7596 18.5993 16.1086 28.4123 27.3665 18.1484 68.1097 12.0922 25.3611 14.235 12.2878 12.1062 12.0859 10.8115 10.31 9.50329 9.30409 8.75263 15.4326 7.83402 6.3635
threshold=0.8198000000000002 10.500000000000002 5.5000000000000009 28.500000000000004 0.42460000000000003 0.54230000000000012 0.59320000000000006 0.44575000000000004 0.46845000000000009 0.44575000000000004 7.5000000000000009 0.52040000000000008 0.6886000000000001 0.39175000000000004 0.21380000000000002 3.5000000000000004 0.26945000000000002 0.48935000000000006 0.30115000000000008 1.0000000180025095e-35 0.18410526315789474 0.61650000000000016 5.5000000000000009 0.41225000000000006 5.5000000000000009 0.53000000000000014 0.38955000000000006
decision_type=2 2 2 2 2 2 2 2 2 2 2 2 2 2 2 2 2 2 2 2 2 2 2 2 2 2 2
left_child=1 2 4 18 6 -6 -1 -5 9 10 -3 19 -13 15 -15 23 -16 -18 -4 -10 26 -11 -22 25 -25 -2 -17
right_child=13 8 3 7 5 -7 -8 -9 11 21 -12 12 -14 14 16 20 17 -19 -20 -21 22 -23 -24 24 -26 -27 -28
leaf_value=-0.0006736697321778933 -0.010617540462961076 -0.016719211284530602 0.069036445780557829 -0.039501087220136427 -0.019092823225863666 0.00088964422351816121 0.015160556079093139 0.067804484631218451 0.021063944123312719 -0.03184164964908965 0.033638136720852897 0.19001172411305378 -0.013561176570801185 -0.11838508349650323 -0.083170699727733388 0.039103401338683147 0.02272220545982858 0.0022190179969728005 0.031732594073497988 -0.036657699220278721 0.030035192751396014 0.043363614682519251 -0.011177392286639656 0.016887082905517731 -0.048419009307908552 0.056938555104783899 0.094674503998863735
leaf_weight=2217.6616514800116 7.9482159689068821 198.26792476885021 43.257691184058785 15.21684715896845 359.45759372739121 561.01978247798979 342.57799299061298 5.4970544995740047 8.6605963148176652 4.7348916791379443 31.22899778932333 4.2417553029954425 131.02803675457835 4.3068068921566001 4.1102092117071143 38.240832611918449 76.463517721742392 1232.0874308049679 43.593927120789886 128.16433365549892 36.530418939888477 37.230239942669868 21.907604545354843 17.238163761794567 19.036335602402687 9.3273461610078794 5.9535800814628592
leaf_count=9998 25 890 106 74 3147 2754 974 41 30 41 83 31 867 19 18 104 220 6519 150 1545 89 125 66 67 62 19 8
internal_value=0.000274187 -0.00116421 0.000411645 0.0385007 -0.000765432 -0.00691375 0.00144506 -0.0110243 -0.0115672 -0.00294968 -0.00986679 -0.0201646 -0.00717759 0.00430855 0.00274854 0.0174629 0.00314597 0.0034171 0.0503123 -0.0330041 0.0283665 0.0348783 0.0145852 -0.0034346 -0.0173846 0.0258571 0.0465896
internal_weight=5604.99 4131.84 3588.28 107.566 3480.72 920.477 2560.24 20.7139 543.557 271.462 229.497 272.095 135.27 1473.15 1316.97 156.182 1312.66 1308.55 86.8516 136.825 102.632 41.9651 58.438 53.5501 36.2745 17.2756 44.1944
internal_count=28072 20856 17244 371 16873 5901 10972 115 3612 1139 973 2473 898 7216 6776 440 6757 6739 256 1575 267 166 155 173 129 44 112
is_linear=0
shrinkage=0.05


Tree=114
num_leaves=15
num_cat=0
split_feature=15 15 2 3 15 0 4 1 2 13 13 14 1 3
split_gain=12.6951 18.0022 34.5288 17.3538 51.4144 31.5026 24.2294 25.3985 22.4853 9.37666 10.8588 4.95001 2.75955 1.9565
threshold=11.500000000000002 14.500000000000002 3.5000000000000004 1.0000000180025095e-35 28.500000000000004 0.28280000000000005 0.20460000000000003 0.15585000000000002 2.5000000000000004 4.5000000000000009 3.5000000000000004 23.500000000000004 0.74130000000000018 4.5000000000000009
decision_type=2 2 2 2 2 2 2 2 2 2 2 2 2 2
left_child=-1 2 9 4 5 -3 12 -8 -6 10 -2 -11 -5 -4
right_child=1 3 13 6 8 -7 7 -9 -10 11 -12 -13 -14 -15
leaf_value=-0.084303431507737336 0.025692802098049469 -0.031124916443933122 -0.060216040952469865 -0.049662660495416441 0.0029910417360283809 0.026735530356144024 0.041139776818786833 0.00062016719311667849 0.053093793255137682 0.063718666022608339 -0.040492452824830293 0.017985695136700518 0.011998306463365411 -0.11578466441835539
leaf_weight=4.4347012862563124 53.453571557998657 203.90122560784221 2.8872775342315427 26.399697078391913 80.851369077339768 26.592680376023054 38.970294345170259 5084.0143709420227 30.971229571849108 22.879046663641933 7.0099737644195548 7.980722051113843 1.9484199620783318 3.5093053951859474
leaf_count=20 142 1482 18 256 435 88 146 25248 109 41 24 30 12 21
internal_value=0.000260208 0.000327279 0.0215995 -5.11068e-05 -0.0109525 -0.0244494 0.000673314 0.000928398 0.0168679 0.0294654 0.0180195 0.0518915 -0.0454246 -0.0907022
internal_weight=5595.8 5591.37 97.7199 5493.65 342.317 230.494 5151.33 5122.98 111.823 91.3233 60.4635 30.8598 28.3481 6.39658
internal_count=28072 28052 276 27776 2114 1570 25662 25394 544 237 166 71 268 39
is_linear=0
shrinkage=0.05


Tree=115
num_leaves=26
num_cat=0
split_feature=2 5 1 5 14 2 2 5 7 0 13 4 4 5 13 0 1 7 7 1 7 14 0 9 4
split_gain=12.9538 18.9758 15.5993 53.0135 49.8367 32.478 50.7241 37.3996 20.2517 13.3216 14.4868 20.1024 11.1859 13.6479 13.1986 11.6859 9.32113 8.96879 7.47431 7.42229 5.23249 4.8298 4.4836 0.235641 0.0368282
threshold=1.5000000000000002 0.13075000000000001 0.54230000000000012 0.31850000000000006 30.500000000000004 2.5000000000000004 6.5000000000000009 0.26140000000000008 0.39175000000000004 0.080550000000000024 7.5000000000000009 0.37310000000000004 0.23015000000000005 0.22905000000000003 31.500000000000004 1.0000000180025095e-35 0.32200000000000006 0.28800000000000009 0.43560000000000004 0.24620000000000003 0.46050000000000008 41.500000000000007 0.059400000000000001 0.9104278074866311 0.29460000000000003
decision_type=2 2 2 2 2 2 2 2 2 2 2 2 2 2 2 2 2 2 2 2 2 2 2 2 2
left_child=9 21 3 8 -5 7 -7 -4 -3 12 11 20 14 19 22 -15 -13 -12 -19 -14 -11 23 -1 24 -2
right_child=1 2 5 4 -6 6 -8 -9 -10 10 17 16 13 15 -16 -17 -18 18 -20 -21 -22 -23 -24 -25 -26
leaf_value=-0.056466222702616697 -0.055290064062499922 -0.0065281280399272909 -0.03624851468498571 -0.0037884228330137149 -0.030996706207809033 0.013357091371639929 -0.0005092435801532097 -0.00095840620547120957 0.010873508223357553 -0.049477722651086631 0.10079030486201666 0.049765608604236858 0.05113826568165683 0.059566525171496257 0.098473933983909176 -0.0072065381042340157 0.002024662182269371 -0.0099493978364954359 0.048188366766744636 0.0091242991249913027 0.026332508576112912 0.030124508325598171 0.0026223140672021919 -0.069861251403441127 -0.063054931510534207
leaf_weight=15.127223934046929 9.4380102586001176 255.99063647165895 116.58962606266141 435.57338645868003 274.28003950789571 877.64426364377141 2653.7274420186877 210.84859348833561 482.00325995124876 14.067173924297096 6.5985171347856513 22.141738727688789 22.107607841491699 7.034420993179082 1.7778864800930012 95.618705023080111 18.995448671281338 6.7752506360411635 30.038749027997255 20.042124010622501 2.7154776006937018 1.6201897636055935 4.0752964532002798 4.714083455502986 1.8218098022043694
leaf_count=220 138 1619 549 1893 3651 2920 13557 679 1731 90 18 48 86 20 3 466 62 35 81 103 9 11 42 26 15
internal_value=0.000246782 -0.000292269 -0.000120393 -0.00454605 -0.0143014 0.00154014 0.00293693 -0.013524 0.00483734 0.0109914 0.0252735 0.00890628 0.0022616 0.00720532 -0.031859 -0.00263084 0.0277208 0.0471103 0.0374887 0.0311607 -0.0372114 -0.0521326 -0.043926 -0.0604758 -0.0565464
internal_weight=5591.37 5324.25 5306.66 1447.85 709.853 3858.81 3531.37 327.438 737.994 267.116 101.332 57.9198 165.783 144.803 20.9804 102.653 41.1372 43.4125 36.814 42.1497 16.7827 17.5941 19.2025 15.9739 11.2598
internal_count=28072 26789 26599 8894 5544 17705 16477 1228 3350 1283 343 209 940 675 265 486 110 134 116 189 99 190 262 179 153
is_linear=0
shrinkage=0.05


Tree=116
num_leaves=30
num_cat=0
split_feature=13 15 14 4 13 7 14 5 7 14 1 15 1 13 6 4 14 1 1 13 1 5 5 7 14 1 13 13 1
split_gain=12.5328 17.225 20.3449 24.0849 24.74 15.6961 15.187 15.025 19.92 19.8222 18.3151 14.2295 12.9252 11.3893 10.4721 17.0298 11.1624 10.1002 9.91344 7.12923 9.72008 10.1283 7.49017 6.59761 5.49484 4.84544 2.93915 2.6904 1.20299
threshold=13.500000000000002 14.500000000000002 14.500000000000002 0.65730000000000011 12.500000000000002 0.26205000000000006 31.500000000000004 0.55215000000000003 0.69310000000000016 47.500000000000007 0.76695000000000013 22.500000000000004 0.90160000000000007 14.500000000000002 0.49020000000000002 0.36090000000000005 49.500000000000007 0.8509500000000001 0.91365000000000018 4.5000000000000009 0.74130000000000018 0.24845000000000003 0.41325000000000006 0.72065000000000012 36.500000000000007 0.30600000000000005 2.5000000000000004 6.5000000000000009 0.91365000000000018
decision_type=2 2 2 2 2 2 2 2 2 2 2 2 2 2 2 2 2 2 2 2 2 2 2 2 2 2 2 2 2
left_child=1 19 3 4 -3 25 -7 10 18 13 14 23 -13 -10 15 -2 -16 -5 24 20 21 -1 27 -12 -9 -4 -22 -21 -11
right_child=7 2 5 17 -6 6 -8 8 9 28 11 12 -14 -15 16 -17 -18 -19 -20 22 26 -23 -24 -25 -26 -27 -28 -29 -30
leaf_value=0.048308468677566621 -0.0040101167993497819 -0.015340267006243505 -0.018844238703946494 -0.0031486346596273371 0.026842932483474826 0.0022844399514211269 -0.0047718702509215406 -0.027614580468036179 -0.016087706291801947 -0.060149616287032207 -0.003283439356801927 0.037514839679787977 0.0082450983774658409 0.019761375319114156 -0.03040017892963754 0.014245724671069888 0.092573739989967443 0.036316161195849184 0.035687193729697302 0.07214069373410488 0.055243937291763169 -0.012572883887389256 -0.014922543599178946 0.027958886446826689 -0.070429466451158829 -0.06078977909798379 0.012316578251441454 0.037881378380916306 -0.11106524923054198
leaf_weight=8.4026752710342389 269.38683049473912 549.24469005689025 15.709662016481163 28.644011601805687 37.106813173741102 2805.712988672778 1047.1108717424795 13.135615678504111 33.469353581778705 8.3648371221497637 76.120685506612062 111.60662053525448 56.970035046339035 65.541648676618934 33.197342269122601 242.9580088024959 1.953929804265498 37.35568805783987 3.5992433130741111 10.557166978716856 12.75727914273739 36.530919924378395 4.8301496319472781 21.719814725220203 17.447839637286961 12.256540535017846 5.8004270344972602 12.534490242600439 1.3469196259975422
leaf_count=17 1431 2183 160 90 115 11106 9119 76 275 108 260 288 150 407 341 1175 16 134 8 17 35 110 26 59 177 136 19 28 6
internal_value=0.00023348 -0.000844235 -0.00127756 -0.00944749 -0.0126707 9.57786e-05 0.000366694 0.00544236 -0.00951062 0.000956656 0.00806778 0.0188199 0.0276232 0.00764307 0.00283567 0.00464695 -0.0235645 0.0191884 -0.0428032 0.0206444 0.0113846 -0.00118794 0.0417003 0.00365211 -0.0520404 -0.0372274 0.0418265 0.0535442 -0.0672111
internal_weight=5581.37 4624.55 4533.14 652.351 586.352 3880.79 3852.82 956.819 142.905 108.723 813.913 266.417 168.577 99.011 547.496 512.345 35.1513 65.9997 34.1827 91.4131 63.4913 44.9336 27.9218 97.8405 30.5835 27.9662 18.5577 23.0917 9.71176
internal_count=28072 23295 23043 2522 2298 20521 20225 4777 1057 796 3720 757 438 682 2963 2606 357 224 261 252 181 127 71 319 253 296 54 45 114
is_linear=0
shrinkage=0.05


Tree=117
num_leaves=26
num_cat=0
split_feature=0 13 15 5 7 1 0 7 0 15 2 7 13 0 5 15 7 1 2 4 4 7 4 1 4
split_gain=12.1735 13.1555 16.3231 14.0166 20.163 16.5973 18.2925 13.8666 13.2687 12.9025 12.517 8.83237 6.49376 9.74676 7.11139 5.36882 4.67928 2.72794 5.46784 5.0103 4.30891 7.5426 2.69853 0.21414 0.000670371
threshold=0.86755000000000015 13.500000000000002 14.500000000000002 0.55215000000000003 0.69310000000000016 0.76695000000000013 0.54695000000000016 0.25225000000000003 0.11585000000000002 22.500000000000004 6.5000000000000009 0.53695000000000015 4.5000000000000009 0.59320000000000006 0.41325000000000006 16.500000000000004 0.21165000000000003 0.94805000000000017 15.500000000000002 0.78405000000000014 0.56495000000000017 0.69030000000000002 0.77695000000000014 0.98915000000000008 0.61935000000000018
decision_type=2 2 2 2 2 2 2 2 2 2 2 2 2 2 2 2 2 2 2 2 2 2 2 2 2
left_child=1 2 12 5 11 6 -3 16 -6 -7 -9 -5 13 -1 -14 23 -4 18 19 -17 -19 -22 -20 -2 -25
right_child=15 3 7 4 8 9 -8 10 -10 -11 -12 -13 14 -15 -16 17 -18 20 22 -21 21 -23 -24 24 -26
leaf_value=0.0014012053133002618 0.035456921651968065 0.003721533008136259 -0.01331853607912294 0.056795917391363637 0.15665346600753016 0.0034737390871144853 -0.078419690651845189 0.0011416656516444656 -0.00093270838315752478 0.026318388715349608 -0.004219646141030463 -0.050417656144737803 0.051522336874414404 0.051740186284647549 -0.015825412259691717 0.018474222784676336 -0.060657864689486841 -0.049834347369572145 0.013011458952807224 -0.02287145863538281 0.054545867935517682 0.00073290761757964897 0.036900937617734407 0.053006930665387836 0.052057671837552458
leaf_weight=51.24631554633379 2.3380639478564236 540.68433455657214 8.7342542335391062 2.0486954599618903 1.3529456481337536 97.748588345944881 6.8638753704726687 2168.5067276852205 105.23086648341268 168.10020028427243 2186.2739300397225 30.808576467912644 22.8063467592001 11.837056577205656 4.7331303022801867 17.143277728930119 12.974002882838247 3.5185297280549994 19.087727641686797 12.796861104667185 7.3727687150239936 55.747799757868052 31.050659704953432 5.0606300681829453 2.9406263045966625
leaf_count=149 9 2916 99 4 11 319 47 9387 780 438 11582 256 45 31 24 188 150 14 168 187 37 620 552 32 27
internal_value=0.000221629 -0.000176027 -0.00131371 0.00515769 -0.00948892 0.00766857 0.00269184 -0.00174864 0.00106765 0.0179188 -0.00154993 -0.0437327 0.0196903 0.0108469 0.0399475 0.0139445 -0.041611 0.0114905 0.0177099 0.000802463 0.00401669 0.00701851 0.0278062 0.0487683 0.0526581
internal_weight=5577.01 5419.95 4467.11 952.838 139.441 813.397 547.548 4376.49 106.584 265.849 4354.78 32.8573 90.6228 63.0834 27.5395 157.057 21.7083 146.718 80.0785 29.9401 66.6391 63.1206 50.1384 10.3393 8.00126
internal_count=28072 26238 21467 4771 1051 3720 2963 21218 791 757 20969 260 249 180 69 1834 249 1766 1095 375 671 657 720 68 59
is_linear=0
shrinkage=0.05


Tree=118
num_leaves=28
num_cat=0
split_feature=3 0 4 7 6 4 12 0 0 15 0 6 0 1 7 15 8 9 6 7 7 14 7 4 15 1 7
split_gain=12.2582 49.8346 18.3282 25.8256 20.1693 18.6172 15.5245 15.3601 26.072 14.7694 15.5624 15.4555 11.9935 11.3647 10.2662 5.48825 5.42954 17.8123 4.79513 4.4012 3.96214 2.15571 0.988029 0.794892 0.660741 0.0165982 0.013487
threshold=6.5000000000000009 0.31340000000000007 0.68705000000000005 0.78910000000000002 0.48525000000000007 0.56050000000000011 1.0000000180025095e-35 0.8136500000000001 0.63245000000000007 29.500000000000004 0.58955000000000013 0.29945000000000005 0.094750000000000015 0.46775000000000005 0.86315000000000019 19.500000000000004 1.0000000180025095e-35 0.97034659329741302 0.28035000000000004 0.69030000000000002 0.57835000000000003 33.500000000000007 0.60945000000000016 0.72835000000000016 24.500000000000004 0.79705000000000015 0.53000000000000014
decision_type=2 2 2 2 2 2 2 2 2 2 2 2 2 2 2 2 2 2 2 2 2 2 2 2 2 2 2
left_child=2 16 3 7 19 21 24 8 -1 11 -11 -8 -6 -14 -7 -9 18 26 -2 -4 -20 -5 -19 -21 -3 -26 -18
right_child=1 6 4 5 12 14 9 15 -10 10 -12 -13 13 -15 -16 -17 17 22 20 23 -22 -23 -24 -25 25 -27 -28
leaf_value=-5.771311049172957e-05 0.043234764256280638 -0.096983932440266776 0.0072440101633190817 0.0043668572950785562 0.13344855523267768 -0.044899315160533915 0.059956260959386345 0.038060070767470866 -0.013380434498136046 -0.029741288662216155 0.0018597553171227701 0.0065999672460076561 -0.054569136714108325 0.0066887867106459721 -0.012624607779189495 0.005493643898483184 -0.054604419570421885 0.076113677521573719 0.11839689594909984 0.057495097158794028 0.067309524847361787 0.044194628509854283 0.051126015665604575 0.038228251940961078 -0.060167069144952012 -0.066849305786144841 -0.060951367163902252
leaf_weight=3876.6327459760942 7.7746678590774563 2.3711392134428015 6.3557505160570136 5.5569708775728932 1.8370639830827702 62.425770821515471 13.963304117321966 33.29113132506609 405.64809004403651 58.8487847186625 115.27384644560516 484.64009070768952 7.7384972427971652 350.6036404138431 40.704988321755081 21.159717693924904 1.2647131644189369 7.2196462601423272 7.2081207409501067 23.126516155898575 8.0158036351203901 8.7427438311278802 8.751324921846388 6.96582775004208 2.0171984955668454 1.7231376226991413 2.4749582223594189
leaf_count=17713 19 13 22 27 6 873 33 143 1554 419 895 2805 132 2688 398 57 20 14 15 71 19 29 24 24 25 11 23
internal_value=0.000210904 0.00629139 -0.000693559 -0.00161069 0.00960594 -0.0247475 0.00299544 -0.000984191 -0.00131974 0.00371613 -0.00882055 0.0080942 0.00601918 0.0053659 -0.0321607 0.0254047 0.0586786 0.0394215 0.0751826 0.0450502 0.091498 0.0287173 0.0624216 0.0530352 -0.0763354 -0.0632455 -0.0588049
internal_weight=5572.34 721.547 4850.79 4454.16 396.627 117.43 678.838 4336.73 4282.28 672.726 174.123 498.603 360.179 358.342 103.131 54.4508 42.7092 19.7106 22.9986 36.4481 15.2239 14.2997 15.971 30.0923 6.11148 3.74034 3.73967
internal_count=28072 4335 23737 20794 2943 1327 4201 19467 19267 4152 1314 2838 2826 2820 1271 200 134 81 53 117 34 56 38 95 49 36 43
is_linear=0
shrinkage=0.05


Tree=119
num_leaves=26
num_cat=0
split_feature=9 9 9 9 2 15 6 15 15 15 5 1 7 13 4 2 13 13 4 2 1 2 13 5 4
split_gain=12.2248 72.2016 28.4297 49.3355 19.1205 16.6959 14.0233 21.2821 17.0456 27.9471 15.9789 11.2502 10.4869 9.57602 11.2582 7.64778 7.22591 6.1754 5.80723 5.04175 4.69027 5.16405 4.22301 1.71381 0.000174437
threshold=0.86736111111111125 0.20060362173038235 0.19836704593341761 0.10535714285714286 4.5000000000000009 37.500000000000007 0.76830000000000009 39.500000000000007 36.500000000000007 30.500000000000004 0.17190000000000003 0.20415000000000003 0.91045000000000009 23.500000000000004 0.41065000000000002 2.5000000000000004 12.500000000000002 11.500000000000002 0.77850000000000008 11.500000000000002 0.36515000000000003 7.5000000000000009 1.5000000000000002 0.20735000000000003 0.33530000000000004
decision_type=2 2 2 2 2 2 2 2 2 2 2 2 2 2 2 2 2 2 2 2 2 2 2 2 2
left_child=1 2 3 4 -1 13 7 8 9 -2 -10 -5 17 22 -15 -7 19 18 -8 -14 -4 -22 -3 -9 -17
right_child=6 5 20 11 -6 15 12 23 10 -11 -12 -13 16 14 -16 24 -18 -19 -20 -21 21 -23 -24 -25 -26
leaf_value=0.0052162645724767075 0.0025867307336893395 -0.016873807403417117 -0.010500964305251534 0.060501482655211797 -0.0038170472736833469 0.068013769407055613 -0.012128451055138481 -0.046288875008831692 -0.049140067657483515 -0.013930487343838291 0.022413973866596246 -0.049034727278344271 0.023355975299355656 -0.061888045525935034 0.10603948864141353 -0.05295128172093308 -0.068721305147013773 0.088060158444426079 0.042098453887468995 0.005528229959995727 0.076379923384097048 0.034806172852953586 -0.044998312673353247 -0.090435255535015649 -0.051793614790088031
leaf_weight=1069.0697898492217 2285.5620684525929 14.963382207788525 3.5456666424870482 2.439430307596921 1295.858419906348 5.399625524878501 6.2829913944005993 3.5250667631626111 8.2733857184648496 288.41301818471402 137.00916746258736 60.013984543271363 57.223345158621669 1.7194221951067437 2.379052609205246 0.43122335709631432 2.8863479979336253 5.5359220504760733 23.049670666456223 129.19326865766197 11.814888674765823 20.309291584417224 123.58010796736926 5.8415583521127701 1.32590417843312
leaf_count=4396 8235 188 22 19 7394 9 21 18 38 1191 412 752 602 20 10 10 24 15 56 1929 34 80 2517 28 52
internal_value=0.00020063 -0.00229048 -0.00024072 -0.0008919 0.000266477 -0.0359935 0.00240495 0.00141731 0.00167647 0.000735982 0.0183392 -0.0447562 0.0144265 -0.0397325 0.0355893 0.0385289 0.00978518 0.0396244 0.0304832 0.0110007 0.044073 0.0500965 -0.0419607 -0.0738211 -0.0520777
internal_weight=5565.65 2612.85 2463.05 2427.38 2364.93 149.799 2952.8 2728.62 2719.26 2573.98 145.283 62.4534 224.172 142.642 4.09847 7.15675 189.303 34.8686 29.3327 186.417 35.6698 32.1242 138.543 9.36663 1.75713
internal_count=28072 15503 12697 12561 11790 2806 12569 9922 9876 9426 450 771 2647 2735 30 71 2555 92 77 2531 136 114 2705 46 62
is_linear=0
shrinkage=0.05


Tree=120
num_leaves=27
num_cat=0
split_feature=2 5 1 5 14 14 2 6 1 0 13 4 4 15 0 13 1 0 4 0 14 0 15 5 4 13
split_gain=11.3277 17.1868 14.6156 48.3594 45.8036 31.5922 42.7392 21.3114 18.2789 11.9454 12.598 18.6317 9.96605 13.501 12.6402 12.1363 8.2378 7.53128 9.1947 5.62539 5.59306 4.41204 4.27971 2.85483 0.139466 0.0835797
threshold=1.5000000000000002 0.13075000000000001 0.54230000000000012 0.31850000000000006 30.500000000000004 15.500000000000002 6.5000000000000009 0.20640000000000003 0.40310000000000007 0.080550000000000024 7.5000000000000009 0.37310000000000004 0.23015000000000005 36.500000000000007 1.0000000180025095e-35 31.500000000000004 0.32200000000000006 0.12390000000000002 0.44175000000000003 0.099200000000000024 49.500000000000007 0.059400000000000001 20.500000000000004 0.28730000000000006 0.34430000000000005 25.500000000000004
decision_type=2 2 2 2 2 2 2 2 2 2 2 2 2 2 2 2 2 2 2 2 2 2 2 2 2 2
left_child=9 20 3 8 -5 7 -7 -4 -3 12 11 22 15 14 -14 21 -13 19 -19 -12 24 -1 -11 -15 25 -2
right_child=1 2 5 4 -6 6 -8 -9 -10 10 17 16 13 23 -16 -17 -18 18 -20 -21 -22 -23 -24 -25 -26 -27
leaf_value=-0.056084836694061904 -0.056665964272255488 0.012293713013939925 -0.033267773699496593 -0.003824675340106224 -0.03013071291202879 0.015306392203612724 0.00074122229850979743 -0.0047070207308726559 -0.0034658632257677752 -0.056873900288551341 0.023942269824164794 0.047303072219950809 0.057519289745984893 0.052946410863013577 -0.0041983840037808804 0.094605666207458611 0.002254824516836452 -0.0056825545699962857 0.054655824396888431 0.08612830987205175 0.045516301625993634 0.003161792758502412 -0.0045139678052171402 0.0065204204356993246 -0.072374122164508795 -0.070356766574658142
leaf_weight=14.297561904415494 12.141732926480474 371.93685027677566 71.43337457254529 434.27729150280356 267.33777011651546 640.16932333447039 2361.897280103527 762.56328709796071 364.11778211779892 10.04722259566188 5.0429454147815731 21.995628923177719 8.9440579488873464 16.735329315066341 114.51513244584203 1.7541006803512562 18.841418653726578 11.815422192215921 13.559648733586071 13.041529953479765 1.3761083781719197 4.0275036096572867 6.3812916390597811 4.12808634340763 1.9078063331544388 1.2274611592292775
leaf_count=220 164 1767 347 1893 3651 2150 12530 2678 1583 66 17 48 29 61 565 3 62 45 32 40 9 42 33 20 11 6
internal_value=0.000189419 -0.000316012 -0.000155867 -0.00445551 -0.0138481 0.00145554 0.00384714 -0.0071533 0.00449763 0.0102749 0.0238339 0.00842942 0.00196759 0.0065594 0.000272781 -0.0310369 0.0265187 0.044132 0.0265604 0.0687874 -0.0510309 -0.0430635 -0.0365358 0.0437605 -0.0597276 -0.057923
internal_weight=5555.51 5290.39 5273.73 1437.67 701.615 3836.06 3002.07 833.997 736.055 265.127 100.725 57.2656 164.402 144.323 123.459 20.0792 40.837 43.4595 25.3751 18.0845 16.6531 18.3251 16.4285 20.8634 15.277 13.3692
internal_count=28072 26789 26599 8894 5544 17705 14680 3025 3350 1283 343 209 940 675 594 265 110 134 77 57 190 262 99 81 181 170
is_linear=0
shrinkage=0.05


Tree=121
num_leaves=29
num_cat=0
split_feature=4 14 5 2 1 1 7 6 1 14 14 2 2 7 2 9 9 9 5 7 1 13 14 2 4 14 6 5
split_gain=11.4763 18.1338 24.5426 24.5752 28.7732 24.482 19.7798 18.048 41.2806 47.5887 30.8404 26.4954 33.7388 28.6344 23.7336 19.6501 20.8631 19.8277 16.2647 17.2947 13.9578 12.1934 11.2837 9.68901 7.86721 6.90196 12.0403 11.2538
threshold=0.36090000000000005 22.500000000000004 0.36090000000000005 2.5000000000000004 0.35070000000000007 0.35070000000000007 0.55845000000000011 0.37250000000000005 0.59730000000000005 25.500000000000004 28.500000000000004 7.5000000000000009 3.5000000000000004 0.69920000000000015 2.5000000000000004 0.88282035995081432 0.20060362173038235 0.94761785981541558 0.22085000000000002 0.44035000000000007 0.8983000000000001 17.500000000000004 20.500000000000004 1.5000000000000002 0.32690000000000002 45.500000000000007 0.35665000000000008 0.31140000000000007
decision_type=2 2 2 2 2 2 2 2 2 2 2 2 2 2 2 2 2 2 2 2 2 2 2 2 2 2 2 2
left_child=1 5 3 21 -5 6 23 10 9 22 11 12 -2 -13 -11 16 -10 -17 19 -7 -20 -3 -9 -1 -4 26 -12 -27
right_child=7 2 24 4 -6 18 -8 8 15 14 25 13 -14 -15 -16 17 -18 -19 20 -21 -22 -23 -24 -25 -26 27 -28 -29
leaf_value=-0.0031544158731084274 0.0028353083469443443 0.011146183678891837 0.02383373807718011 -0.032204678222923326 0.00049437145851604291 -0.038729914561213892 0.1387920693951108 -0.0028452831885430294 -0.0015429571753091259 0.00026841635171168457 0.026543512815175269 -0.01132862828550759 0.025756782614888254 0.030980740354918702 -0.032288984853631582 0.050365773251400563 -0.033150868518136839 0.0053073555276023105 -0.012795002428259131 -0.0035135027761844582 0.021991517890719389 0.055411412995287304 0.021098855275156078 0.03009280889983279 0.10256195389232864 0.0048256578367943549 -0.0064693280170359281 0.091165345597314582
leaf_weight=72.135140979662538 817.22602396458387 166.3333728602156 5.4550737589597684 87.216941218823195 294.24461851641536 118.52715722750872 2.9249218106269828 216.31419948115945 847.50511880964041 71.135951355099678 159.42274934798479 409.21052041277289 199.78798097744584 44.32174938172102 262.66654743906111 24.919063847512007 55.63379470910877 1207.5468245018274 234.26677831448615 49.390144277364016 32.88371517136693 17.162793032824993 63.69041296467185 31.474830031394958 7.586000993847847 6.4377491176128379 33.406642837449908 9.1219044476747495
leaf_count=475 2576 785 19 736 1428 848 5 740 4525 395 479 1394 576 115 3955 120 1003 5786 1087 215 100 61 206 180 18 20 200 25
internal_value=0.000179091 -0.00434357 0.00181613 0.000250761 -0.0069819 -0.0109172 0.0105653 0.00132254 -0.00117183 -0.0125998 0.0054073 0.00285629 0.00733813 -0.00719392 -0.0253507 0.00211274 -0.00349002 0.00621839 -0.0161776 -0.0283716 -0.00851311 0.0152864 0.0026011 0.00694549 0.06963 0.023409 0.0208242 0.0554426
internal_weight=5547.95 1119.6 577.999 564.958 381.462 541.603 106.535 4428.35 2749.41 613.807 1678.94 1470.55 1017.01 453.532 333.802 2135.6 903.139 1232.47 435.068 167.917 267.15 183.496 280.005 103.61 13.0411 208.389 192.829 15.5597
internal_count=28072 5957 3047 3010 2164 2910 660 22115 16730 5296 5385 4661 3152 1509 4350 11434 5528 5906 2250 1063 1187 846 946 655 37 724 679 45
is_linear=0
shrinkage=0.05


Tree=122
num_leaves=31
num_cat=0
split_feature=3 0 3 5 0 14 4 15 0 12 5 15 15 15 3 15 15 4 0 0 13 15 4 0 0 15 0 13 14 0
split_gain=11.4837 33.3213 29.0122 25.1284 39.6589 30.9537 27.3098 24.5914 51.3522 31.342 25.52 22.259 31.3144 18.9396 18.1433 17.8597 24.4621 20.6903 17.5697 17.1507 16.9734 16.2811 13.8376 12.3292 8.09382 4.30849 3.52537 2.59308 3.67683 0.472846
threshold=1.5000000000000002 0.12615000000000001 4.5000000000000009 0.27640000000000003 0.12390000000000002 23.500000000000004 0.54265000000000019 18.500000000000004 0.6120000000000001 1.0000000180025095e-35 0.24280000000000004 20.500000000000004 17.500000000000004 23.500000000000004 6.5000000000000009 30.500000000000004 29.500000000000004 0.4714000000000001 0.28280000000000005 0.7974500000000001 17.500000000000004 25.500000000000004 0.15480000000000002 1.0000000180025095e-35 0.091750000000000012 16.500000000000004 0.17715000000000003 7.5000000000000009 28.500000000000004 0.10475000000000002
decision_type=2 2 2 2 2 2 2 2 2 2 2 2 2 2 2 2 2 2 2 2 2 2 2 2 2 2 2 2 2 2
left_child=3 2 15 5 20 6 13 8 10 26 -3 12 -6 -1 -11 16 -2 -17 22 -10 23 -13 -7 -5 -22 -8 -9 28 -4 -29
right_child=1 7 27 4 11 18 25 9 19 14 -12 21 -14 -15 -16 17 -18 -19 -20 -21 24 -23 -24 -25 -26 -27 -28 29 -30 -31
leaf_value=-0.013294816838186275 0.01030333498812171 -0.053545916906861515 0.054376956454032614 0.06488237262250883 -0.0011526558716067642 -0.059114044793960756 0.0078718264499155945 -0.010146108009172967 -0.014113704276232299 -0.0031821751264471836 0.024065919367698543 0.019921369918085491 -0.032194719009446343 0.0049066908573743885 0.0060740350027185669 -0.0021954503852338728 0.059663022703532111 -0.10140322929467971 0.10942082243544114 0.013885556411453115 0.033002654270760878 -0.0075757018142892582 0.020930923312637798 -0.038319556177746988 -0.039880408102692028 0.053003856373953544 -0.070972767630412756 0.05872983760884673 0.013555170113935033 0.073712799382497238
leaf_weight=314.54159101843834 127.04108444042504 10.922029569745062 20.252474352717403 2.9500573799014083 249.28605266753584 5.5795800145715466 6.7642656266689327 2.7472659070044783 207.97166904248297 2360.4187552267686 350.18580957408994 132.26602994883433 120.51968083903193 261.94103795941919 682.47573799826205 62.774588894098997 31.281477894634008 5.7357151303440324 5.4628332257270804 74.207715401425958 14.110558047890665 90.782681754790246 167.06538740731776 152.31279396824539 5.2178571075201026 24.230686694383621 17.920489843003452 10.151397421956064 7.5808247774839392 10.941375523805617
leaf_count=1433 441 49 53 7 826 64 26 31 864 12825 1265 544 588 1317 4169 266 63 29 10 584 54 453 790 999 27 51 177 27 22 18
internal_value=0.000168515 0.00159063 0.0183588 -0.00347837 -0.00991317 0.00280785 -0.00256625 0.000343217 0.00923052 -0.00152294 0.0217185 -0.00374503 -0.0112693 -0.00502445 -0.00110615 0.0108267 0.0200559 -0.0105012 0.0211375 -0.00675044 -0.0308581 0.00872983 0.018344 -0.0363587 0.0133273 0.0431543 -0.0628874 0.0532791 0.0432585 0.0665019
internal_weight=5535.64 3982.61 275.759 1553.03 767.446 785.585 607.478 3706.85 643.287 3063.56 361.108 592.854 369.806 576.483 3042.89 226.833 158.323 68.5103 178.108 282.179 174.591 223.049 172.645 155.263 19.3284 30.995 20.6678 48.9261 27.8333 21.0928
internal_count=28072 20883 919 7189 3498 3691 2827 19964 2762 17202 1314 2411 1414 2750 16994 799 504 295 864 1448 1087 997 854 1006 81 77 208 120 75 45
is_linear=0
shrinkage=0.05


Tree=123
num_leaves=15
num_cat=0
split_feature=15 15 2 3 15 0 2 4 1 13 13 13 7 5
split_gain=10.9642 13.2855 29.885 15.3791 44.8242 28.5291 20.4011 20.16 21.8309 7.15387 9.45433 3.65282 3.60852 1.77339
threshold=11.500000000000002 14.500000000000002 3.5000000000000004 1.0000000180025095e-35 28.500000000000004 0.28280000000000005 2.5000000000000004 0.20460000000000003 0.17030000000000003 4.5000000000000009 3.5000000000000004 6.5000000000000009 0.43285000000000007 0.5082000000000001
decision_type=2 2 2 2 2 2 2 2 2 2 2 2 2 2
left_child=-1 2 9 4 5 -3 -6 12 -9 10 -2 -11 -5 -4
right_child=1 3 13 7 6 -7 -8 8 -10 11 -12 -13 -14 -15
leaf_value=-0.078659819119027086 0.02349234857024721 -0.029941753493712333 -0.10755893269147757 -0.047810707187322915 0.0021083971730969909 0.025230030498052565 0.049858809946196729 0.031495204194495773 0.00045504676755164059 0.06935152595596214 -0.038600315597434626 0.032936475391831609 0.030670537700197998 -0.054060348627502947
leaf_weight=4.4085854962468138 52.282326281070709 196.94318286329508 3.7747736033052197 24.663089454174045 79.615399964153767 26.595289953052998 31.109016988426447 57.293076509609818 5009.7375515815802 10.878469198942186 6.9447341263294211 18.76726758107543 1.5571366846561421 2.6270886622369289
leaf_count=20 142 1482 21 261 435 88 109 238 25156 18 24 53 7 18
internal_value=0.000159889 0.000222807 0.0187322 -0.000102106 -0.0104915 -0.0233777 0.0155243 0.000579732 0.000806019 0.026248 0.0162116 0.0462989 -0.04315 -0.0856051
internal_weight=5527.2 5522.79 95.2747 5427.51 334.263 223.538 110.724 5093.25 5067.03 88.8728 59.2271 29.6457 26.2202 6.40186
internal_count=28072 28052 276 27776 2114 1570 544 25662 25394 237 166 71 268 39
is_linear=0
shrinkage=0.05


Tree=124
num_leaves=31
num_cat=0
split_feature=1 14 5 2 3 15 9 1 7 15 15 15 14 6 1 2 15 15 7 6 14 15 14 15 9 5 7 1 7 7
split_gain=10.672 23.7956 23.6322 22.907 54.8977 23.6263 25.0641 21.3245 32.1231 19.5728 16.7632 17.3653 14.1533 37.0875 24.2364 20.2091 15.5947 33.6215 18.9628 12.4357 11.9254 10.284 10.0775 9.93275 8.1354 11.9771 8.56799 7.47719 6.44016 5.25417
threshold=0.8198000000000002 20.500000000000004 0.58500000000000008 10.500000000000002 5.5000000000000009 24.500000000000004 0.060555555555555557 0.94805000000000017 0.69920000000000015 26.500000000000004 36.500000000000007 33.500000000000007 33.500000000000007 0.51900000000000002 0.68090000000000017 11.500000000000002 28.500000000000004 27.500000000000004 0.56070000000000009 0.77850000000000008 43.500000000000007 34.500000000000007 45.500000000000007 32.500000000000007 0.99975502204801581 0.34000000000000002 0.47415000000000007 0.9215500000000002 0.60945000000000016 0.55035000000000012
decision_type=2 2 2 2 2 2 2 2 2 2 2 2 2 2 2 2 2 2 2 2 2 2 2 2 2 2 2 2 2 2
left_child=3 7 21 4 10 28 -7 8 9 -2 11 -1 16 14 -14 -15 17 -5 -18 20 -4 23 -12 -3 26 -26 -9 -10 -6 -23
right_child=1 2 19 12 5 6 -8 24 27 -11 22 -13 13 15 -16 -17 18 -19 -20 -21 -22 29 -24 -25 25 -27 -28 -29 -30 -31
leaf_value=-0.00087745271506536383 -0.027406819126730677 0.018602588398967321 -0.002321489346384363 -0.020935036724811965 0.089988953637434699 0.04895181958845865 -0.015889356277557557 -0.030259507109562041 0.018793450859118852 0.002617143592170816 0.01500452226553688 -0.018836258129920916 -0.013487014714343241 0.02065143668848372 0.023560573841934607 -0.033669850055704088 -0.064605429222142755 0.050170194661899772 -0.0061451304644708181 0.011239058574279218 -0.045275730606686951 0.025800766103460767 -0.060383596044540924 -0.028398177826904965 -0.014389762571844645 0.015742252089248187 0.023752298904467114 -0.010105326438460958 0.049904244525720322 0.073990363055302225
leaf_weight=3088.8567055910826 209.07252701371908 319.5004783347249 245.28513939678669 139.453832953237 15.131247393786905 28.8029899969697 30.883821856696159 7.9836531803011885 88.045482456684113 73.317701358348131 194.60287231951952 140.74054474476725 69.850395988672972 20.389851979911327 119.96255424246192 106.82129651959985 36.791956093162298 18.874840945005417 22.266356017440557 206.92764021828771 17.298005755990744 10.524754837155344 4.5362156275659791 11.650762088596819 66.8561035618186 65.082656253129244 91.422917142510414 30.013012744486332 29.665296177379787 12.228247247636316
leaf_count=15201 798 900 1059 696 42 85 153 27 249 206 713 890 502 281 414 1397 177 61 84 2942 92 26 69 39 212 235 309 98 91 24
internal_value=0.000151396 0.00382608 0.00942667 -0.00116323 0.000296037 0.0359991 0.015401 -0.00347315 -0.0104551 -0.0196116 -0.000791936 -0.00166007 -0.0108111 -0.00407308 0.00992721 -0.024963 -0.0206374 -0.0124584 -0.0425645 0.00207251 -0.00515116 0.0191831 0.0132872 0.016949 0.00861235 0.000473736 0.0194144 0.0114468 0.0634439 0.0516995
internal_weight=5522.84 1455.21 823.415 4067.63 3533.22 104.483 59.6868 631.794 400.449 282.39 3428.74 3229.6 534.411 317.024 189.813 127.211 217.387 158.329 59.0583 469.511 262.583 353.904 199.139 331.151 231.345 131.939 99.4066 118.058 44.7965 22.753
internal_count=28072 7216 5082 20856 17244 371 238 2134 1351 1004 16873 16091 3612 2594 916 1678 1018 757 261 4093 1151 989 782 939 783 447 336 347 133 50
is_linear=0
shrinkage=0.05


Tree=125
num_leaves=31
num_cat=0
split_feature=4 2 15 1 6 14 14 0 1 15 0 15 15 14 6 14 9 6 9 4 14 1 15 4 6 0 15 0 1 9
split_gain=10.4211 17.9725 17.7763 20.957 41.5001 19.0224 18.7992 17.3464 28.4422 24.6185 20.726 20.2163 23.3233 19.2436 13.4101 13.2239 10.6519 13.5006 11.9586 11.9206 9.27313 9.06461 8.92249 7.79268 6.22822 4.97029 4.68518 4.60436 3.37385 0.935426
threshold=0.36090000000000005 1.5000000000000002 38.500000000000007 0.54230000000000012 0.35365000000000008 15.500000000000002 31.500000000000004 0.40970000000000006 0.8136500000000001 30.500000000000004 0.71200000000000008 16.500000000000004 26.500000000000004 23.500000000000004 0.26030000000000003 14.500000000000002 0.9952997555223817 0.39175000000000004 0.11722552146855546 0.48685000000000006 15.500000000000002 0.79060000000000008 29.500000000000004 0.53910000000000002 0.27815000000000006 0.38955000000000006 17.500000000000004 0.52440000000000009 0.5797500000000001 0.99975502204801581
decision_type=2 2 2 2 2 2 2 2 2 2 2 2 2 2 2 2 2 2 2 2 2 2 2 2 2 2 2 2 2 2
left_child=7 16 3 4 -3 -5 28 8 11 10 13 15 -13 -9 22 -1 17 18 -2 20 -18 -8 -10 -19 29 -16 -21 -26 -4 -11
right_child=1 2 6 5 -6 -7 21 9 14 24 -12 12 -14 -15 25 -17 19 23 -20 26 -22 -23 -24 -25 27 -27 -28 -29 -30 -31
leaf_value=-0.023324038593162792 0.031647087616605007 0.006613547300829789 0.072692018845182824 -0.0051935622151459615 -0.015441343273942096 0.0040832802556593191 -0.033001172205157796 -0.036506047059140963 -0.04527468295001711 -0.074169954740672409 0.054621977140596946 -0.014465267294534793 0.0019167107162163834 0.007316279964860885 0.048914800947645741 0.036238741106152647 0.058657328139066038 -0.0090586120510129497 -0.029586710717425427 0.085259271390575472 -0.010901328641294861 0.036365285585455868 0.037249614979009381 -0.080905704469944897 -0.070614151196895403 0.099299229629966596 0.042914805587431423 -0.0078434302162034182 0.039462397269124351 -0.10330811636798204
leaf_weight=11.558364558964966 48.313809268176556 358.24855718389153 14.036727607250215 699.34196152165532 527.14900095341727 2633.4107803916559 12.775520502589645 59.622882775962353 5.4453648105263701 4.3268646821379679 10.831801339983938 391.89770192094147 487.5901669440791 43.205004010349512 12.812134489417078 48.088903898373246 6.9541982710361507 19.682886254042391 9.5491851866245252 10.97000625729561 15.406293906271456 7.459650767967104 8.2192839682102186 4.6693787574768058 6.2765198498964292 7.9207762330770484 16.148459240794182 5.465241301804781 16.758332848548889 7.5790446102619171
leaf_count=67 126 1188 27 2420 4603 13188 145 280 22 24 25 2430 2630 165 29 174 20 80 58 22 68 59 20 26 29 13 48 18 37 31
internal_value=0.00014389 0.00123618 0.000674984 0.000320113 -0.00651752 0.00213664 0.0300086 -0.0041835 -0.001837 -0.0208206 -0.0111635 -0.0034726 -0.00538306 -0.0180933 0.0428187 0.0246967 0.0194287 0.00839727 0.0215416 0.0377588 0.0107317 -0.00742938 0.00436367 -0.0228348 -0.0672361 0.0681636 0.0600441 -0.0413973 0.0546088 -0.0927187
internal_weight=5511.71 4400.87 4269.18 4218.15 885.398 3332.75 51.0302 1110.84 973.533 137.307 113.66 939.135 879.488 102.828 34.3976 59.6473 131.694 82.2153 57.863 49.479 22.3605 20.2352 13.6646 24.3523 23.6477 20.7329 27.1185 11.7418 30.7951 11.9059
internal_count=28072 22115 21667 21399 5791 15608 268 5957 5385 572 470 5301 5060 445 84 241 448 290 184 158 88 204 42 106 102 42 70 47 64 55
is_linear=0
shrinkage=0.05


Tree=126
num_leaves=30
num_cat=0
split_feature=7 15 15 5 2 0 15 15 7 2 2 1 2 15 4 1 15 0 15 13 4 5 4 1 15 1 13 7 1
split_gain=9.86175 13.9964 48.6485 21.605 20.4528 23.7327 23.4754 15.2855 24.531 18.9083 13.7903 18.9537 19.924 14.4592 14.2593 13.1281 22.6097 19.3515 16.1602 11.8854 10.875 10.2989 9.10231 9.03825 8.28119 5.9501 4.01428 2.90706 0.709194
threshold=0.39175000000000004 34.500000000000007 33.500000000000007 0.36980000000000007 3.5000000000000004 0.13100000000000003 37.500000000000007 32.500000000000007 0.41445000000000004 4.5000000000000009 2.5000000000000004 0.66145000000000009 11.500000000000002 16.500000000000004 0.26945000000000002 0.39210000000000006 20.500000000000004 0.053100000000000008 14.500000000000002 20.500000000000004 0.84735000000000016 0.22345000000000004 0.37090000000000006 0.79060000000000008 36.500000000000007 0.72315000000000007 6.5000000000000009 0.36090000000000005 0.95060000000000011
decision_type=2 2 2 2 2 2 2 2 2 2 2 2 2 2 2 2 2 2 2 2 2 2 2 2 2 2 2 2 2
left_child=10 2 7 4 5 -3 -6 9 -9 -2 15 12 13 -12 24 16 27 -18 -17 23 25 -16 -20 -5 -13 -4 -14 -1 -22
right_child=1 3 20 19 6 -7 -8 8 -10 -11 11 14 26 -15 21 18 17 -19 22 -21 28 -23 -24 -25 -26 -27 -28 -29 -30
leaf_value=-0.060061906777126875 0.0041126072230647888 0.02060716846114713 -0.068421609681450613 -0.017972758769844093 0.043962122372573402 -0.034318333326033464 -0.01798103680464026 0.11691261771290964 0.014276269789456078 -0.002466755287616822 0.050848393260038961 -0.059518057943060212 0.031023915692194065 -0.028422336809815985 -0.019223548701914714 0.062182455702204681 -0.014397791241253934 0.02790862309782673 -0.016045351485831468 0.05134928440554215 0.046734356364857829 0.026354845764455206 -0.10005998434185513 0.0079578397472376428 0.021882974455583362 -0.034010645174079222 0.11485204369124945 -0.014212950355076756 -0.0044118104727454491
leaf_weight=10.949993096292021 1867.06807821244 60.677135523408651 27.946522999089211 84.934949808754027 99.878815930336714 29.098608836531639 18.061574824154377 6.3449705243110648 70.596821503713727 2630.5577988671139 5.9457429386675349 11.44725079834461 3.1988088190555564 177.01483156625181 16.274806007742882 6.5379508435726157 36.301521562971175 105.82845269143581 77.161582806147635 9.0673757940530759 2.9090770669281478 51.977583061903715 3.3644736781716338 55.604773737490177 4.2973865270614615 22.820442670956254 2.5799863897264004 5.0525477193295947 0.8836374282836913
leaf_count=114 6869 198 290 807 265 102 67 21 463 15135 28 83 17 1294 76 12 323 444 637 21 46 167 16 387 15 118 14 29 14
internal_value=0.000136637 0.000818715 8.27398e-05 0.0103533 0.0207874 0.00280441 0.0344761 0.000642518 0.0227401 0.00026449 -0.00643013 -0.0141659 -0.0229591 -0.0258462 0.00559214 0.00217453 0.0107592 0.0171031 -0.0134176 -0.00413362 -0.046852 0.0154867 -0.0195556 -0.00771327 -0.0373002 -0.0529534 0.0684496 -0.0455858 0.0348182
internal_weight=5504.38 4986.45 4629.13 357.323 207.716 89.7757 117.94 4574.57 76.9418 4497.63 517.933 272.736 188.739 182.961 83.997 245.197 158.133 142.13 87.064 149.607 54.5597 68.2524 80.5261 140.54 15.7446 50.767 5.7788 16.0025 3.79271
internal_count=28072 24803 22956 1847 632 300 332 22488 484 22004 3269 1694 1353 1322 341 1575 910 767 665 1215 468 243 653 1194 98 408 31 143 60
is_linear=0
shrinkage=0.05


Tree=127
num_leaves=15
num_cat=0
split_feature=15 15 2 13 14 4 14 5 4 14 0 0 5 5
split_gain=9.81807 11.2769 27.1874 12.0846 16.4651 19.4373 12.4417 11.3007 15.7302 12.694 7.4752 10.2661 2.53918 1.81296
threshold=11.500000000000002 14.500000000000002 3.5000000000000004 13.500000000000002 14.500000000000002 0.38850000000000007 31.500000000000004 0.55215000000000003 0.35665000000000008 47.500000000000007 0.49390000000000006 0.28280000000000005 0.34525000000000006 0.5082000000000001
decision_type=2 2 2 2 2 2 2 2 2 2 2 2 2 2
left_child=-1 2 10 4 5 -3 -6 8 -5 -9 11 -2 -12 -4
right_child=1 3 13 7 6 -7 -8 9 -10 -11 12 -13 -14 -15
leaf_value=-0.074815698333826411 0.039450735396688016 -0.027781453378519751 -0.10539557469071098 -0.0017476439728274038 0.0017852754461212138 -0.004654827504545103 -0.0046395569878773029 -0.0033999049692659657 0.01282179721171668 -0.056892863469605238 0.065585536152605553 0.00050525707587040041 0.026279837957059595 -0.051163905531718394
leaf_weight=4.3666031062602988 29.330447942018509 109.52034710906446 3.6853240616619578 295.69901187252253 2794.9275979907252 533.11493443697691 1031.6580374031328 126.86382626928389 496.05046582268551 12.152717315126209 12.499239072203638 39.99457311630249 6.1210457459092131 2.6486331261694431
leaf_count=20 71 659 21 1506 11336 1863 9185 897 2174 156 26 118 22 18
internal_value=0.000128607 0.00018817 0.0173316 -0.000111141 -0.00119057 -0.00859615 5.31229e-05 0.0050719 0.00738047 -0.00807622 0.0245373 0.0169825 0.0526646 -0.0827178
internal_weight=5498.63 5494.27 94.2793 5399.99 4469.22 642.635 3826.59 930.766 791.749 139.017 87.9453 69.325 18.6203 6.33396
internal_count=28072 28052 276 27776 23043 2522 20521 4733 3680 1053 237 189 48 39
is_linear=0
shrinkage=0.05


Tree=128
num_leaves=31
num_cat=0
split_feature=1 2 14 5 1 7 15 15 15 2 13 15 1 5 14 9 6 13 15 14 8 15 15 7 1 13 5 7 7 14
split_gain=9.54105 21.1611 20.8883 20.4403 19.2838 29.1539 16.9191 14.8078 24.9103 24.5495 15.2635 12.8256 21.8327 12.6758 35.1641 17.463 11.1723 10.8628 12.1427 10.6779 9.12153 8.8428 8.8759 8.53907 11.2082 7.98928 7.10834 5.55727 4.90017 0.729976
threshold=0.8198000000000002 9.5000000000000018 20.500000000000004 0.58500000000000008 0.94805000000000017 0.69920000000000015 26.500000000000004 36.500000000000007 33.500000000000007 3.5000000000000004 3.5000000000000004 37.500000000000007 0.79060000000000008 0.46845000000000009 28.500000000000004 0.8935439560439562 0.77850000000000008 4.5000000000000009 20.500000000000004 43.500000000000007 1.0000000180025095e-35 34.500000000000007 32.500000000000007 0.35385000000000005 0.35855000000000004 1.5000000000000002 0.32305000000000006 0.53425000000000011 0.90365000000000018 33.500000000000007
decision_type=2 2 2 2 2 2 2 2 2 2 2 2 2 2 2 2 2 2 2 2 2 2 2 2 2 2 2 2 2 2
left_child=1 7 4 21 5 6 -2 8 10 -10 -1 13 29 14 -3 -15 19 20 -19 -5 -6 22 -4 25 -25 -9 -7 -23 -18 -13
right_child=2 11 3 16 17 26 -8 23 9 -11 -12 12 -14 15 -16 -17 28 18 -20 -21 -22 27 -24 24 -26 -27 -28 -29 -30 -31
leaf_value=0.005878093674277011 -0.025896766407800444 -0.023103925576637707 0.01747883709050773 -0.0021680691585619595 0.044731636505724641 0.048340653945136154 0.0020687728519591208 0.073842566801611345 -0.042568748771842801 0.0016603660304785623 -0.0017760588901480927 -0.083885589597289131 0.085863698012489886 -0.029901522116521848 0.0084564547715544995 -0.0059267235124402171 0.058711699176997978 -0.018547381131473563 0.010716160129303468 -0.043147160974818105 0.0078882614095203678 0.012801582539600918 -0.026899934757078373 0.041296313895074682 0.010979999328411698 -0.011000964918281717 0.0069554866406689279 0.065787361747795911 0.0095082311144928933 -0.060262548018584931
leaf_weight=961.27350679785013 208.27300709486008 129.99639584869146 317.60241379588842 245.05639469996095 31.615911930799484 11.498497799038885 73.054936736822128 2.9770013205707064 67.448574589565396 58.659044740255922 2020.0529111735523 4.1939591243863168 2.7244428321719161 121.79778132261708 274.88510548230261 201.79112437181175 5.1914739161729804 52.314085349440575 109.95798647403717 16.999255567789078 35.846169855445623 7.3743092715740231 11.681219816207884 43.249721236992627 103.32012703036889 40.823618868365884 106.25957242399454 15.044125415384768 199.96777739655226 14.847450568340717
leaf_count=3494 798 493 900 1059 151 27 206 10 425 384 10950 21 15 1767 1199 1156 12 181 281 92 170 20 39 161 352 210 320 30 2930 219
internal_value=0.000122065 -0.00112381 0.00360569 0.00886852 -0.00324814 -0.00989143 -0.0186347 0.000600447 -0.000228833 -0.0219955 0.000691881 -0.00870313 -0.0465237 -0.00757309 -0.00167672 -0.0149508 0.00201486 0.00829234 0.00128203 -0.00482634 0.0251548 0.0179732 0.0159045 0.0141369 0.0199257 -0.0052344 0.0109965 0.0483582 0.0107533 -0.0654656
internal_weight=5495.78 4048.04 1447.74 818.917 628.82 399.086 281.328 3297.8 3107.43 126.108 2981.33 750.236 21.7659 728.47 404.882 323.589 467.215 229.734 162.272 262.056 67.4621 351.702 329.284 190.37 146.57 43.8006 117.758 22.4184 205.159 19.0414
internal_count=28072 20856 7216 5082 2134 1351 1004 15986 15253 809 14444 4870 255 4615 1692 2923 4093 783 462 1151 321 989 939 733 513 220 347 50 2942 240
is_linear=0
shrinkage=0.05


Tree=129
num_leaves=31
num_cat=0
split_feature=3 15 15 15 15 4 5 4 14 13 15 12 4 5 14 4 13 14 15 15 13 15 5 4 4 15 14 3 5 15
split_gain=10.1128 23.8816 78.9208 40.2136 49.7903 25.9833 24.0708 24.267 23.7582 24.5665 22.3806 25.2707 18.976 18.5094 18.345 17.6152 12.48 11.9735 11.5783 21.5004 11.1595 11.092 9.50218 9.30031 6.05618 4.70481 3.48991 3.44516 3.04856 1.03894
threshold=1.5000000000000002 20.500000000000004 17.500000000000004 15.500000000000002 14.500000000000002 0.51805000000000001 0.31850000000000006 0.36090000000000005 30.500000000000004 19.500000000000004 18.500000000000004 1.0000000180025095e-35 0.37310000000000004 0.27520000000000006 23.500000000000004 0.26945000000000002 11.500000000000002 12.500000000000002 18.500000000000004 19.500000000000004 1.0000000180025095e-35 13.500000000000002 0.61255000000000004 0.61310000000000009 0.4592500000000001 28.500000000000004 32.500000000000007 4.5000000000000009 0.39455000000000001 20.500000000000004
decision_type=2 2 2 2 2 2 2 2 2 2 2 2 2 2 2 2 2 2 2 2 2 2 2 2 2 2 2 2 2 2
left_child=1 2 3 4 -1 -5 7 13 12 -10 17 25 -8 -3 -9 20 -17 24 23 -20 -13 27 -23 -4 -2 29 -27 -19 -26 -12
right_child=10 6 18 5 -6 -7 8 14 9 -11 11 15 -14 -15 -16 16 -18 21 19 -21 -22 22 -24 -25 28 26 -28 -29 -30 -31
leaf_value=0.015239891951067517 -0.022117123424526403 0.0042004828799902128 -0.053577917974073769 0.0024696942719111023 -0.037091584447964447 0.035192886278766766 -0.035405188277972316 0.014179458325469262 -0.046219104838026381 0.080401610886821781 -0.097703644881971571 0.066417375427663058 0.0056547769226970787 -0.029071014991200479 0.051909500077005323 -0.0014665147363122813 0.0052263184810517442 -0.022993111588603871 -0.0079906867769950641 -0.04268720424924257 -0.028280335499459602 0.011819766487027377 -0.0037763905383084253 -0.002116163801148502 0.056088763673780156 0.0055716509731349034 -0.058016041082038422 -0.10297762817861388 0.028386356246108232 -0.064977195491830717
leaf_weight=79.263969250023365 4.2023503929376593 310.30388208013028 72.656818380579352 147.49573750048876 106.5544759510085 103.04294666647911 34.445829056203365 192.63487587869167 57.103246238548309 4.106117980554699 3.2257507550530162 3.2553210295736781 153.68567990232259 48.308849098160863 38.687029913067818 2167.502681452781 1026.3306389884092 2.6661910582333794 92.550415840931237 86.267296207137406 70.187616916373372 486.81186554674059 122.17227754928172 9.9861378800123912 18.205128319561481 4.4177780114114267 4.2179826092906296 2.7194892913103104 21.851470470428467 9.7709200503304583
leaf_count=223 19 1900 413 592 427 273 190 587 629 21 22 14 558 302 105 9813 7564 19 452 475 444 1819 821 42 59 26 69 15 77 102
internal_value=0.000115882 -0.00332481 -0.0101597 0.00285626 -0.0147687 0.0159283 0.0023581 0.00786311 -0.0106666 -0.037725 0.00145562 -0.000229138 -0.00186307 -0.000281532 0.0204896 0.000127487 0.000684211 0.00986857 -0.0318824 -0.0247294 -0.0240829 0.00805912 0.00869092 -0.0473596 0.034986 -0.0540924 -0.0254866 -0.0633811 0.0409767 -0.0730998
internal_weight=5484.63 1537.09 697.818 436.357 185.818 250.539 839.276 589.935 249.341 61.2094 3947.54 3288.91 188.132 358.613 231.322 3267.28 3193.83 658.629 261.461 178.818 73.4429 614.37 608.984 82.643 44.2589 21.6324 8.63576 5.38568 40.0566 12.9967
internal_count=28072 7189 2897 1515 650 865 4292 2894 1398 650 20883 18054 748 2202 692 17835 17377 2829 1382 927 458 2674 2640 455 155 219 95 34 136 124
is_linear=0
shrinkage=0.05


Tree=130
num_leaves=27
num_cat=0
split_feature=2 5 0 1 5 4 0 0 13 0 13 4 4 5 13 5 1 7 7 1 14 7 0 7 4 8
split_gain=9.2053 15.2686 11.422 21.1108 16.2839 13.9127 13.0743 20.2261 16.4555 10.0597 10.7659 15.9389 8.96464 11.7992 10.7168 10.4304 7.42349 6.8446 6.76901 6.39225 6.21477 4.71739 4.13215 0.146047 0.0164925 0.00793004
threshold=1.5000000000000002 0.13075000000000001 0.10475000000000002 0.36940000000000006 0.26030000000000003 0.59120000000000006 0.12615000000000001 0.16825000000000004 13.500000000000002 0.080550000000000024 7.5000000000000009 0.37310000000000004 0.23015000000000005 0.22905000000000003 31.500000000000004 0.5698000000000002 0.32200000000000006 0.28800000000000009 0.43560000000000004 0.24620000000000003 52.500000000000007 0.46050000000000008 0.059400000000000001 0.38955000000000006 0.30665000000000003 1.0000000180025095e-35
decision_type=2 2 2 2 2 2 2 2 2 2 2 2 2 2 2 2 2 2 2 2 2 2 2 2 2 2
left_child=9 20 3 4 -3 -5 8 -8 -4 12 11 21 14 19 22 -15 -13 -12 -19 -14 23 -11 -1 25 -25 -2
right_child=1 2 6 5 -6 -7 7 -9 -10 10 17 16 13 15 -16 -17 -18 18 -20 -21 -22 -23 -24 24 -26 -27
leaf_value=-0.055793532714246308 -0.054852489799887764 0.021919124457941502 0.0033020655804177229 -0.029877461784740978 -0.011839970278044846 0.046705683934659528 -0.010293437183365563 0.00077453724342454512 0.02929968634888068 -0.047491347086426994 0.08600520681161436 0.044084337001304867 0.047198583076454227 -0.0069324367634906684 0.089159423739563051 0.071641581396417658 0.00090310356469579646 -0.013321257482909681 0.042173833591849473 0.0075550320430906844 0.05962948974635749 0.025530092149791628 0.0024296768680991451 -0.0638134702690345 -0.070003361121143609 -0.057900303700515909
leaf_weight=13.334030929952865 6.8635321687906963 61.919541651383042 226.41972242947668 113.3796958476305 84.421998851001263 6.2577343583106986 458.12900237878785 4169.7355044283904 83.245911123231053 13.139361536130307 6.953032635152339 21.515415221452713 21.591971680521965 94.536196772009134 1.6977681219577778 4.4211440235376349 18.520910307765007 6.750229835510253 29.546072483062744 19.219225496053696 1.1938422136008728 2.6594468951225272 3.95011740643531 2.2164941653609267 2.0916014052927494 3.0973301343619823
leaf_count=220 106 273 1081 604 517 18 2352 21440 314 90 18 48 86 474 3 12 62 35 81 103 7 9 42 16 14 47
internal_value=0.00010892 -0.000346701 -0.000199276 -0.0102924 0.00244406 -0.0258717 0.000344428 -0.000321121 0.0102909 0.00933138 0.0218324 0.00732709 0.00152882 0.00590751 -0.0307126 -0.00342196 0.0241086 0.0405589 0.0318531 0.0285292 -0.049958 -0.0351995 -0.0424872 -0.0591269 -0.0668187 -0.0558002
internal_weight=5476.81 5218.97 5203.51 265.979 146.342 119.637 4937.53 4627.86 309.666 257.835 99.0845 55.8351 158.75 139.769 18.9819 98.9573 40.0363 43.2493 36.2963 40.8112 15.4628 15.7988 17.2841 14.269 4.3081 9.96086
internal_count=28072 26789 26599 1412 790 622 25187 23792 1395 1283 343 209 940 675 265 486 110 134 116 189 190 99 262 183 30 153
is_linear=0
shrinkage=0.05


Tree=131
num_leaves=29
num_cat=0
split_feature=3 15 0 1 1 15 15 0 9 9 15 7 7 2 3 12 2 0 14 3 6 15 6 14 14 9 6 13
split_gain=9.5231 31.1137 41.0863 25.3572 19.3173 18.9159 18.5978 31.878 31.8493 18.0027 18.3291 15.7415 12.5894 11.4166 50.0343 31.304 10.3518 9.28562 9.23782 11.3124 14.9819 8.24753 2.53084 1.33557 1.90558 0.0674942 0.0734871 0.0503277
threshold=1.0000000180025095e-35 28.500000000000004 0.28280000000000005 0.41280000000000006 0.15585000000000002 22.500000000000004 30.500000000000004 0.12390000000000002 0.99975502204801581 0.011892857142857103 12.500000000000002 0.25225000000000003 0.46545000000000009 4.5000000000000009 2.5000000000000004 1.0000000180025095e-35 1.5000000000000002 0.06745000000000001 29.500000000000004 2.5000000000000004 0.20640000000000003 14.500000000000002 0.29945000000000005 25.500000000000004 19.500000000000004 0.99975502204801581 0.19560000000000002 13.500000000000002
decision_type=2 2 2 2 2 2 2 2 2 2 2 2 2 2 2 2 2 2 2 2 2 2 2 2 2 2 2 2
left_child=1 2 3 5 18 -1 8 16 27 22 -11 25 -9 14 -13 -15 -8 -10 23 20 -20 -5 -4 24 -2 26 -6 -3
right_child=4 6 9 21 11 -7 7 12 17 10 -12 13 -14 15 -16 -17 -18 -19 19 -21 -22 -23 -24 -25 -26 -27 -28 -29
leaf_value=0.0043079311932065307 0.07729079956830183 -0.056869448291754145 0.044458528580409488 0.012465979718248414 -0.054350328068264342 -0.040576629590217669 -0.0069314219974209463 0.051556066931127513 0.014997334467870705 0.059661004819562762 -0.027254800291127635 -0.00034557989547531244 -0.026801354104685877 -0.063832370770420199 0.019902352105279329 -0.00099381077829621624 -0.058347645158902929 0.078199586172916266 0.087516474732786786 0.054087955394817915 -0.045971426492531067 -0.050760989901928448 0.080419097439427947 0.086774789377787931 0.033426454120803285 -0.065166283020233667 -0.067928622479399042 -0.066327410249859692
leaf_weight=68.677924377843738 5.0091790929436666 4.1907675415277472 11.692956656217577 5.4833557829260817 4.9661885770037753 35.66202387958765 20.996676079928875 25.975975923240185 7.6580032408237484 8.5632467716932315 20.797845728695393 1627.0785475997254 6.3863700777292243 19.949015160556883 375.51863300986588 3046.6247713952325 18.340319789946079 24.101468481123447 2.6948587894439724 10.520357921719549 9.5538068469613773 86.856041411869228 8.4130543023347837 5.2647719755768767 4.8959763124585152 4.404179185628891 1.2465890012681482 2.1170993503183126
leaf_count=439 11 47 29 15 85 348 156 75 31 16 88 6360 31 214 1151 17870 145 45 12 27 72 702 14 16 19 27 13 14
internal_value=0.000103034 -0.00780535 -0.0176775 -0.0279222 0.000653023 -0.011033 0.0143325 -0.000663821 0.0425779 0.0230552 -0.00190556 0.000387548 0.0360931 0.000514928 0.00345123 -0.0014026 -0.0309035 0.0629599 0.0361986 0.0160598 -0.0166024 -0.0470064 0.0595057 0.0664254 0.0556093 -0.0604314 -0.0570748 -0.0600438
internal_weight=5473.64 355.913 246.146 196.679 5117.73 104.34 109.767 71.6993 38.0673 49.4671 29.3611 5079.79 32.3623 5069.17 2002.6 3066.57 39.337 31.7595 37.939 22.769 12.2487 92.3394 20.106 15.1699 9.90516 10.617 6.21278 6.30787
internal_count=28072 2195 1651 1504 25877 787 544 407 137 147 104 25720 106 25595 7511 18084 301 76 157 111 84 717 43 46 30 125 98 61
is_linear=0
shrinkage=0.05


Tree=132
num_leaves=17
num_cat=0
split_feature=15 3 15 0 1 4 5 1 9 7 7 15 5 3 1 4
split_gain=9.05711 8.86735 28.4998 37.7783 24.1954 18.7361 20.3015 17.723 16.3657 14.8609 13.2463 11.2515 7.69504 12.6189 1.36289 0.144329
threshold=11.500000000000002 1.0000000180025095e-35 28.500000000000004 0.28280000000000005 0.41280000000000006 0.35665000000000008 0.25675000000000009 0.15585000000000002 0.011892857142857103 0.25225000000000003 0.45220000000000005 16.500000000000004 0.20735000000000003 2.5000000000000004 0.095450000000000021 0.21850000000000003
decision_type=2 2 2 2 2 2 2 2 2 2 2 2 2 2 2 2
left_child=-1 2 3 4 -2 6 -4 12 -5 15 -7 -11 14 -14 -3 -9
right_child=1 7 5 8 -6 10 -8 9 -10 11 -12 -13 13 -15 -16 -17
leaf_value=-0.072006053953478505 -0.01057270616944664 0.085748865202194824 0.014544246142523962 0.0570083990155602 -0.046060003567350877 0.090426534295619435 -0.046290721032408028 -0.056613612026963203 -0.0018273167940049632 0.0078758259214891015 0.021405262933770187 -0.00020692381380933109 -0.015663713325528347 0.057476668336488526 0.052911605555463148 -0.070673470249266526
leaf_weight=4.3518666177988043 103.53079373575747 5.0533481724560252 61.997540961951017 19.942090921103954 89.600208869203925 11.247235894203188 17.609054874628782 7.8033924140036088 29.017409320920706 475.16843945160508 18.199600156396627 4586.1215888024308 12.841972202062609 10.904946714639662 8.4329504333436471 2.3825974278151989
leaf_count=20 787 15 349 43 717 22 106 110 104 1672 67 23903 81 35 26 15
internal_value=9.70738e-05 0.000154545 -0.00753126 -0.0170917 -0.0270365 0.0136923 0.00108749 0.000682824 0.0221375 0.000430486 0.047768 0.000551908 0.0350533 0.0179235 0.0652158 -0.0599023
internal_weight=5464.21 5459.85 351.144 242.091 193.131 109.053 79.6066 5108.71 48.9595 5071.48 29.4468 5061.29 37.2332 23.7469 13.4863 10.186
internal_count=28072 28052 2195 1651 1504 544 455 25857 147 25700 89 25575 157 116 41 125
is_linear=0
shrinkage=0.05


Tree=133
num_leaves=30
num_cat=0
split_feature=3 0 2 0 14 2 3 2 15 5 5 4 5 7 1 15 0 1 0 2 3 3 2 15 8 5 5 15 7
split_gain=8.6252 44.0969 14.7893 44.745 36.2571 31.1137 19.3001 42.5097 24.7356 18.3541 20.5868 15.1619 14.2517 25.8505 22.7931 11.1472 13.7361 19.3056 13.27 12.5147 12.4442 12.0556 8.27727 5.27522 4.45629 4.63988 3.89978 5.45915 3.00756
threshold=6.5000000000000009 0.31340000000000007 10.500000000000002 0.52040000000000008 37.500000000000007 11.500000000000002 4.5000000000000009 7.5000000000000009 24.500000000000004 0.52240000000000009 0.35765000000000008 0.67830000000000013 0.42460000000000003 0.69310000000000016 0.47495000000000004 29.500000000000004 0.58955000000000013 0.72905000000000009 0.47915000000000002 15.500000000000002 7.5000000000000009 9.5000000000000018 4.5000000000000009 20.500000000000004 1.0000000180025095e-35 0.28035000000000004 0.44575000000000004 31.500000000000004 0.57835000000000003
decision_type=2 2 2 2 2 2 2 2 2 2 2 2 2 2 2 2 2 2 2 2 2 2 2 2 2 2 2 2 2
left_child=2 24 6 9 11 -6 12 22 -9 10 -4 -5 13 -1 -14 18 21 -18 20 -20 -3 -17 -8 -11 25 -2 27 -26 -27
right_child=1 15 3 4 5 -7 7 8 -10 23 -12 -13 14 -15 -16 16 17 -19 19 -21 -22 -23 -24 -25 26 28 -28 -29 -30
leaf_value=0.00010750663727394496 0.038800319818724754 0.00831319537639502 -0.033756857271155967 -0.010815048834133398 0.069151084471522239 0.0087070965399225521 0.036455137942538109 0.012404939408991528 -0.0097329212761230882 -0.012112230839005365 -0.0030767097860353951 0.01098801851426586 -0.021264389901203454 0.030513794451190582 -0.0020039545713537907 -0.038193177120234019 0.12501919808760029 -0.0022016720352207131 -0.0080146758895198646 0.0095940313304895553 0.049479625956728737 0.026952005815210303 0.077953945898550731 -0.05129825580491696 -0.0048884070060768378 0.11026061197109614 0.076404057820416968 0.058387209144196962 0.064926253468624781
leaf_weight=2446.1974293617532 7.4140817672014263 44.731947928667068 92.270484637469053 267.88612215593457 33.404922034591436 58.707129037007689 52.891989625990391 333.94253370910883 202.81284999893978 10.117623487021772 134.2080200156197 113.52828783914447 199.99827079102397 71.956857211887836 662.22168681398034 49.113506829366088 3.0645141545683137 110.74187045171857 169.2604648526758 249.84790422301739 31.135724027641118 8.3021937012672407 15.548073019832371 56.827267521526664 7.4211690574884432 7.2393408641219121 4.8324382714927188 6.3045852594077587 7.3961911872029305
leaf_count=10722 19 200 391 1050 178 369 135 1399 1053 67 684 933 2214 214 3390 384 9 892 880 1689 100 47 36 902 38 15 20 23 19
internal_value=9.17549e-05 0.00524519 -0.000674676 -0.00703301 0.00247379 0.0306274 0.000548867 0.00877203 0.00404016 -0.0223751 -0.0155762 -0.00432535 -0.000923343 0.000976374 -0.00647155 0.00216181 -0.00883492 0.00122406 0.0059658 0.00248261 0.0252077 -0.0287733 0.0458828 -0.0453759 0.0558301 0.0710257 0.0377756 0.0241757 0.0873505
internal_weight=5459.33 706.806 4752.52 766.95 473.526 92.1121 3985.57 605.195 536.755 293.423 226.479 381.414 3380.37 2518.15 862.22 666.198 171.222 113.806 494.976 419.108 75.8677 57.4157 68.4401 66.9449 40.6078 22.0496 18.5582 13.7258 14.6355
internal_count=28072 4335 23737 4574 2530 547 19163 2623 2452 2044 1075 1983 16540 10936 5604 4201 1332 901 2869 2569 300 431 171 969 134 53 81 61 34
is_linear=0
shrinkage=0.05


Tree=134
num_leaves=29
num_cat=0
split_feature=9 9 9 9 2 14 1 0 4 15 13 13 0 15 2 0 1 0 2 15 0 0 13 13 4 0 2 14
split_gain=8.54443 67.0757 24.7297 46.1183 15.5106 14.2324 19.9989 32.8716 15.4726 12.611 12.5309 12.7654 11.6895 11.2546 24.3731 35.7647 21.0997 19.8381 19.5041 17.5827 9.35045 13.5481 8.74385 8.6168 9.99583 7.8877 5.69349 0.000209907
threshold=0.86736111111111125 0.20060362173038235 0.19836704593341761 0.10535714285714286 4.5000000000000009 19.500000000000004 0.45080000000000003 0.10620000000000002 0.72630000000000006 37.500000000000007 2.5000000000000004 6.5000000000000009 1.0000000180025095e-35 24.500000000000004 7.5000000000000009 0.5303000000000001 0.53710000000000002 0.32200000000000006 2.5000000000000004 39.500000000000007 0.24780000000000005 0.20720000000000002 12.500000000000002 23.500000000000004 0.41065000000000002 0.033900000000000007 2.5000000000000004 39.500000000000007
decision_type=2 2 2 2 2 2 2 2 2 2 2 2 2 2 2 2 2 2 2 2 2 2 2 2 2 2 2 2
left_child=1 2 3 4 -1 6 20 22 -9 23 -4 -12 -5 16 19 -16 18 -18 -7 -15 21 -2 -8 25 -25 -3 -11 -28
right_child=5 9 10 12 -6 13 7 8 -10 26 11 -13 -14 14 15 -17 17 -19 -20 -21 -22 -23 -24 24 -26 -27 27 -29
leaf_value=0.0049614294647139252 0.019295684341784979 0.044662862767714549 -0.040809741613329356 0.17217257950681245 -0.0032677858693736014 0.009953917354786632 -0.074842509585724276 -0.0050496493979295051 0.020468608074351691 0.060774855128938168 0.10857505813057609 0.034091538940649917 -0.04634094076748993 0.012627671256660963 -0.017475131836215314 0.0060396298304827463 0.035708879398562335 0.0097756929963818025 -0.019199580461312874 -0.079563859363868644 0.077237266795428361 -0.080301777484795375 -0.026265121831924733 -0.061750790512625102 0.097127538833895827 -0.042853754973927495 -0.052564328057714708 -0.051354622613202054
leaf_weight=1039.9560701176524 80.198645800352097 2.6276588514447203 4.1220205798745146 0.61844640970230003 1274.1536591667682 115.60257021337748 19.062308095395565 805.26970509439707 64.133106749504805 4.733555167913436 7.556067347526553 24.099371962249279 59.085400959476829 355.21551894117147 303.00514390040189 346.74370531924069 84.469120359048247 580.81595930829644 113.8896536519751 5.2482333183288565 6.5159441381692877 3.5662874802947035 18.020894568413496 1.6686724871397007 2.4340660646557808 127.49611613899469 0.6202427167445419 0.85007054777815938
leaf_count=4396 338 19 21 1 7394 465 121 2519 207 9 23 92 770 1451 1437 1893 223 2897 872 27 15 16 88 20 10 2686 18 44
internal_value=8.6722e-05 -0.00202483 -6.71565e-05 -0.000689012 0.000430406 0.00194232 -0.0028986 -0.00513368 -0.00316725 -0.0356157 0.0411926 0.0518706 -0.0440775 0.00447528 0.000858358 -0.00492629 0.00855882 0.0130683 -0.00451403 0.0112854 0.0195433 0.0150553 -0.0512359 -0.038837 0.0325083 -0.0410865 0.0340793 -0.0518649
internal_weight=5451.78 2550.02 2409.59 2373.81 2314.11 2901.76 996.767 906.486 869.403 140.43 35.7775 31.6554 59.7038 1904.99 1010.21 649.749 894.777 665.285 229.492 360.464 90.2809 83.7649 37.0832 134.227 4.10274 130.124 6.20387 1.47031
internal_count=28072 15503 12697 12561 11790 12569 3304 2935 2726 2806 136 115 771 9265 4808 3330 4457 3120 1337 1478 369 354 209 2735 30 2705 71 62
is_linear=0
shrinkage=0.05


Tree=135
num_leaves=30
num_cat=0
split_feature=3 1 7 7 0 15 0 1 4 7 15 0 12 14 15 15 15 4 7 14 1 13 4 13 1 9 14 15 0
split_gain=8.51396 27.1125 30.6205 21.8704 25.7772 32.0571 51.6459 28.4621 26.695 22.0787 19.825 50.1471 22.7517 17.8945 11.5287 25.816 10.6258 7.72947 7.36407 7.25863 8.96039 4.39734 3.67937 3.43179 2.30643 1.37971 2.17587 1.29906 0.189748
threshold=1.5000000000000002 0.20415000000000003 0.32070000000000004 0.58120000000000005 0.10620000000000002 20.500000000000004 0.22125000000000003 0.30600000000000005 0.42950000000000005 0.58580000000000021 18.500000000000004 0.6120000000000001 1.0000000180025095e-35 13.500000000000002 13.500000000000002 15.500000000000002 21.500000000000004 0.49720000000000003 0.48075000000000007 21.500000000000004 0.15585000000000002 1.0000000180025095e-35 0.63510000000000011 2.5000000000000004 0.64145000000000019 0.99975502204801581 36.500000000000007 16.500000000000004 0.072300000000000017
decision_type=2 2 2 2 2 2 2 2 2 2 2 2 2 2 2 2 2 2 2 2 2 2 2 2 2 2 2 2 2
left_child=3 18 21 4 7 6 -6 13 -7 17 11 -4 -12 -1 22 -16 -9 27 25 -20 -21 -3 -11 -19 -23 26 -2 -5 -27
right_child=1 2 10 9 5 8 -8 16 -10 14 12 -13 -14 -15 15 -17 -18 23 19 20 -22 24 -24 -25 -26 28 -28 -29 -30
leaf_value=0.11937192321532655 0.057415393611329572 0.025511097203394256 0.021109000936520673 -0.10779202225391669 -0.027857106152543561 0.0061845971475504666 0.0091941367777608803 -0.063428868372454136 0.033009929760006017 0.037075928060684368 -0.05649737996710133 -0.0069422592687748272 -7.7661977594482241e-05 -0.0021718476546330585 -0.042757249161947321 -0.0058099695407843131 -0.024805826405410281 -0.00014819299867832161 0.055864593945937818 0.033577924670202049 -0.064166518222538146 -0.063484120304337463 -0.012605765984496095 -0.049632325664589805 -0.010105858828903001 0.061044890213368341 0.022271163488496053 -0.072889479618135397 0.074161983451473443
leaf_weight=3.0847890786826602 13.148493617773058 1.6600040160119558 374.42816039035097 3.5245991498231914 160.41456600930542 355.10619736649096 227.3495638910681 22.284197034314275 125.52618393674493 16.271042153239254 17.969609134830534 277.33199245482683 3181.5397150581703 165.29022514354438 57.646127128042281 262.88082564761862 88.649924704805017 5.8431500494480124 5.5980601608753195 4.6152001023292524 4.7659209705889225 22.105909213423732 4.8337837755680075 8.7511211708188039 2.2276623770594588 5.4219590723514575 6.6224168352782717 10.943491881713269 5.6093468964099884
leaf_count=9 33 10 1367 15 880 1705 686 200 365 39 194 1448 17481 1075 224 1233 624 16 23 17 28 216 25 38 12 23 21 55 10
internal_value=8.07677e-05 0.00131121 0.000859533 -0.00309828 0.00031206 0.00456174 -0.00613363 -0.0129006 0.0131905 -0.013657 0.00122458 0.00917284 -0.000394536 5.49489e-05 -0.010098 -0.0124549 -0.0325643 -0.0554942 0.0395638 0.0108076 -0.0160795 -0.0532262 0.025697 -0.0298202 -0.0585975 0.053548 0.0456436 -0.0813922 0.0677148
internal_weight=5441.44 3923.04 3877.26 1518.4 1147.71 868.397 387.764 279.309 480.632 370.694 3851.27 651.76 3199.51 168.375 341.632 320.527 110.934 29.0624 45.7814 14.9792 9.38112 25.9936 21.1048 14.5943 24.3336 30.8022 19.7709 14.4681 11.0313
internal_count=28072 20883 20728 7189 5544 3636 1566 1908 2070 1645 20490 2815 17675 1084 1521 1457 824 124 155 68 45 238 64 54 228 87 54 70 33
is_linear=0
shrinkage=0.05


Tree=136
num_leaves=17
num_cat=0
split_feature=15 2 6 6 0 15 4 15 0 3 4 13 13 4 4 15
split_gain=8.39742 8.37136 13.7846 13.1888 13.5353 10.6911 19.0069 15.4241 10.5408 19.2202 10.3641 8.52262 8.4531 15.6082 7.99078 6.76167
threshold=11.500000000000002 1.5000000000000002 0.18300000000000002 0.18635000000000004 0.072300000000000017 22.500000000000004 0.35215000000000002 24.500000000000004 0.080550000000000024 2.5000000000000004 0.56775000000000009 14.500000000000002 7.5000000000000009 0.37310000000000004 0.53695000000000015 21.500000000000004
decision_type=2 2 2 2 2 2 2 2 2 2 2 2 2 2 2 2
left_child=-1 8 5 11 -5 6 -3 -7 9 10 -2 -4 13 -10 -11 -14
right_child=1 2 3 4 -6 7 -8 -9 12 14 -12 -13 15 -15 -16 -17
leaf_value=-0.069525096812924278 -0.011962113305754961 -0.01059666099752816 0.058325596506538971 -0.028590450033209272 0.00027478524000125091 0.0274113285970978 -0.074494667565724079 -0.014418799241639699 -0.033951850723351128 0.038680882244278653 0.088237447267862743 -0.013310157710974669 0.057479148308853756 0.025518153600195898 -0.029176887107381363 0.017860257057029823
leaf_weight=4.330183431506156 111.22198284976184 33.141425329260528 15.721570339985194 40.949926111847162 4924.5411218181252 27.304310875944793 17.936504289507866 114.24590081069618 15.344794645905493 35.671231936663389 2.6420124918222418 5.6419719718396655 22.385972488671541 39.265540428459644 4.9391106590628615 20.753228601068258
leaf_count=20 751 261 55 234 25255 149 95 703 99 156 6 20 58 108 26 76
internal_value=7.6117e-05 0.000131603 -0.000301558 0.000205398 3.67364e-05 -0.0134259 -0.0330351 -0.00634998 0.00902669 0.000895691 -0.00963716 0.0394071 0.0218762 0.00880786 0.0304279 0.0384195
internal_weight=5436.04 5431.71 5179.48 4986.85 4965.49 192.628 51.0779 141.55 252.224 154.474 113.864 21.3635 97.7495 54.6103 40.6103 43.1392
internal_count=28072 28052 26772 25564 25489 1208 356 852 1280 939 757 75 341 207 182 134
is_linear=0
shrinkage=0.05


Tree=137
num_leaves=31
num_cat=0
split_feature=1 7 3 0 2 4 9 4 2 13 7 7 2 13 14 0 1 13 4 15 14 13 2 2 15 2 15 0 0 7
split_gain=8.47918 16.9447 19.9523 19.084 18.5528 31.0832 19.2595 17.2812 18.3662 17.0419 13.6217 11.6935 11.1454 10.4855 12.7427 27.3139 46.4959 16.5426 10.984 10.0511 10.0238 8.81748 8.5467 7.07473 6.98221 6.63622 7.80902 1.3415 0.659235 0.361897
threshold=0.84810000000000008 0.78910000000000002 7.5000000000000009 0.47675000000000006 15.500000000000002 0.69280000000000019 0.98581488933601624 0.62770000000000004 10.500000000000002 20.500000000000004 0.79210000000000014 0.64350000000000007 18.500000000000004 1.5000000000000002 20.500000000000004 0.62680000000000013 0.94805000000000017 5.5000000000000009 0.58380000000000021 30.500000000000004 24.500000000000004 12.500000000000002 12.500000000000002 10.500000000000002 17.500000000000004 17.500000000000004 17.500000000000004 0.6886000000000001 0.8136500000000001 0.72280000000000011
decision_type=2 2 2 2 2 2 2 2 2 2 2 2 2 2 2 2 2 2 2 2 2 2 2 2 2 2 2 2 2 2
left_child=1 2 7 19 5 9 -7 8 -1 -3 -6 -9 -5 23 15 17 -17 -15 22 -4 -12 -20 -16 24 28 26 -25 -26 -2 -27
right_child=13 4 3 12 10 6 -8 11 -10 -11 20 -13 -14 14 18 16 -18 -19 21 -21 -22 -23 -24 25 27 29 -28 -29 -30 -31
leaf_value=-9.4093749872784183e-05 0.009004290432067439 -0.034395363079474349 0.05774606947512935 -0.010395237924248797 0.085975186653749217 -0.023355995432296387 0.015333220410460003 -0.030974464301394208 -0.010881616609386836 0.064526454560739813 0.066591499070623783 0.017956346730464753 0.043780155169632594 0.028413565273986193 0.032480325836574252 -0.031981587879581032 0.013537149154390041 0.00034179771505451557 0.0065793099465624935 0.010282025811840768 -0.058126588979718674 -0.013756068552250374 0.0097275018388598179 0.048213577905373284 0.055355480731054132 0.060093205232548498 -0.014894237298877991 0.087705507867390994 0.03028091833758061 0.038773524736484682
leaf_weight=3262.5892079444602 7.954355716705324 94.861844678875059 35.7631422765553 44.948165381327271 1.8780457247048605 43.283351341728121 125.24209896381944 13.165477041155098 448.84228026820347 4.5632810890674582 1.6915351152420033 168.25834088819101 12.035758790560065 72.719291657209396 66.081026375293732 152.03726743534207 88.908519510179758 188.57408661395311 318.64611301850528 16.209192614071071 33.865587275009602 64.015685066580772 109.93993990495801 6.1996851488947895 7.6539959087967855 4.0907698199152938 23.418490337207913 5.5128272511065006 6.7131462506949902 3.8769946098327637
leaf_count=15399 26 1355 92 184 6 492 819 49 2424 8 3 637 55 231 175 628 351 510 3328 87 417 278 321 19 19 8 91 16 22 22
internal_value=7.22296e-05 -0.000937822 -7.14883e-05 0.0210316 -0.0122904 -0.00768394 0.00539645 -0.000662138 -0.00139868 -0.0298552 -0.0452618 0.0144056 0.00104732 0.00393472 0.00273676 -0.00304269 -0.0151853 0.00815432 0.0079323 0.0429429 -0.0521935 0.00317739 0.0182693 0.0233622 0.0424691 0.00921251 -0.00168449 0.0689001 0.0187424 0.0497194
internal_weight=5433.54 4307.2 4001.81 108.956 305.386 267.951 168.525 3892.86 3711.43 99.4251 37.4352 181.424 56.9839 1126.34 1060.92 502.239 240.946 261.293 558.683 51.9723 35.5571 382.662 176.021 65.4203 27.8343 37.5859 29.6182 13.1668 14.6675 7.96776
internal_count=28072 22027 18927 418 3100 2674 1311 18509 17823 1363 426 686 239 6045 5822 1720 979 741 4102 179 420 3606 496 223 83 140 110 35 48 30
is_linear=0
shrinkage=0.05


Tree=138
num_leaves=27
num_cat=0
split_feature=0 13 14 1 9 6 14 6 15 5 9 9 1 1 0 14 14 1 14 1 2 5 0 15 5 5
split_gain=7.80818 8.93266 12.1162 19.6215 41.5045 24.7909 16.1127 30.035 18.9388 10.6718 15.6939 34.9178 17.9178 14.2558 25.0832 24.5952 5.26039 3.30164 4.61621 6.11231 4.55814 5.61296 2.8303 2.57778 0.00054634 7.65748e-06
threshold=0.86755000000000015 13.500000000000002 14.500000000000002 0.6120000000000001 0.9679650203007184 0.20640000000000003 31.500000000000004 0.28035000000000004 34.500000000000007 0.52240000000000009 0.080384615384615374 0.083666666666666667 0.8983000000000001 0.46050000000000008 0.10475000000000002 15.500000000000002 14.500000000000002 0.94805000000000017 34.500000000000007 0.98915000000000008 15.500000000000002 0.78405000000000014 0.90765000000000018 21.500000000000004 0.48050000000000004 0.54950000000000021
decision_type=2 2 2 2 2 2 2 2 2 2 2 2 2 2 2 2 2 2 2 2 2 2 2 2 2 2
left_child=1 2 3 4 -1 -5 8 -8 -4 13 12 -12 -11 15 -15 -3 24 20 22 -20 21 -18 -19 -22 -2 -26
right_child=16 9 6 5 -6 -7 7 -9 -10 10 11 -13 -14 14 -16 -17 17 18 19 -21 23 -23 -24 -25 25 -27
leaf_value=-0.01227854106882415 0.053141937128134031 0.038847089462774875 0.00099585978925711169 -0.053506981908559625 0.047666954502478945 -0.0087777979454300489 0.014501889291948074 -0.0098666489663363152 0.02252897355612999 -0.049738362454713136 0.34168174528360362 5.3583570620159121e-05 0.023043242613302598 -0.028908199527448421 0.013415036170990564 -0.01301447110442646 0.018681967897668152 -0.014161417993887166 -0.0049359356479192415 -0.079755039241927339 0.0062640001073366262 -0.024669909660158942 0.024587221134143165 0.032883044601014259 0.052342031570240123 0.052206705151371671
leaf_weight=75.397035555914044 3.1468273028731337 26.794419812038541 2663.4209879096597 32.98779945448041 46.796974115073681 508.40991514921188 151.54225252382457 763.56724978704005 106.18357677385211 34.791107631288469 0.75247225165367027 124.76553097553551 11.171745419502257 37.459119881503284 534.98077711742371 155.73832414112985 18.545787265524272 6.0396322831511524 32.3779392009601 2.9810646101832381 12.321887346915899 12.498234653845428 21.448027779348195 34.728698579594493 1.974995359778404 2.2207940369844437
leaf_count=360 23 134 10765 207 160 1866 617 7128 364 473 3 804 28 219 2018 1092 196 25 425 27 194 187 195 526 16 20
internal_value=6.86561e-05 -0.000249448 -0.0011992 -0.00741856 0.0106789 -0.0115032 -7.91378e-05 -0.00583122 0.00182142 0.00420822 -0.00705168 0.00210162 -0.032048 0.00676573 0.0106455 -0.00540159 0.0113843 0.00923476 0.000704052 -0.0112438 0.0160998 0.00122863 0.0160733 0.0259119 0.0526439 0.0522704
internal_weight=5423.04 5274.76 4348.31 663.592 122.194 541.398 3684.71 915.11 2769.6 926.453 171.481 125.518 45.9629 754.973 572.44 182.533 148.284 140.941 62.8467 35.359 78.0946 31.044 27.4877 47.0506 7.34262 4.19579
internal_count=28072 26238 21467 2593 520 2073 18874 7745 11129 4771 1308 807 501 3463 2237 1226 1834 1775 672 452 1103 383 220 720 59 36
is_linear=0
shrinkage=0.05


Tree=139
num_leaves=26
num_cat=0
split_feature=7 15 15 6 15 7 0 0 7 14 15 6 0 0 14 5 0 0 13 5 14 5 5 0 0
split_gain=7.91902 12.5888 43.2508 18.5971 14.6818 21.1785 13.4971 11.8424 12.4004 10.4515 11.8435 10.1869 10.1589 14.0347 9.27723 11.7823 9.44663 9.09745 5.26667 4.70541 4.51854 2.91055 6.46054 0.658523 0.106727
threshold=0.39175000000000004 34.500000000000007 33.500000000000007 0.58895000000000008 32.500000000000007 0.42180000000000001 0.033900000000000007 0.64405000000000012 0.79210000000000014 13.500000000000002 14.500000000000002 0.98650000000000004 0.10475000000000002 0.12060000000000001 14.500000000000002 0.23605000000000004 0.66145000000000009 0.095700000000000021 26.500000000000004 0.34335000000000004 34.500000000000007 0.23355000000000004 0.27520000000000006 0.90765000000000018 0.24780000000000005
decision_type=2 2 2 2 2 2 2 2 2 2 2 2 2 2 2 2 2 2 2 2 2 2 2 2 2
left_child=9 2 4 12 6 -6 -2 20 -9 18 -11 19 17 -14 15 -12 -16 -3 21 -4 -5 24 -23 -13 -1
right_child=1 3 11 7 5 -7 -8 8 -10 10 14 23 13 -15 16 -17 -18 -19 -20 -21 -22 22 -24 -25 -26
leaf_value=-0.056489499555726921 0.048469670432629987 0.0011822111602341273 -0.071884217095094738 0.0082124477537236142 0.094602352621552213 0.012656109980181291 -3.2137770314517273e-05 0.085921066763457829 -0.0099799916118754814 0.059226586282222562 0.0037315446740008593 0.051822638562986689 0.056564150489051751 0.01456988846420483 -0.0073536716209034216 0.092008599668687852 0.071159744226168706 -0.066193468902752892 0.041161477164040887 -0.039516039673708217 -0.058070461867630298 0.02980555475233243 -0.068622081572754373 0.0044182087804610238 -0.070635235926751125
leaf_weight=13.365426919423049 14.390472006052731 26.846287515945733 17.548889385536313 3.0363899227231768 8.9247429650276882 67.649341221898794 4421.9575713868253 3.7924662120640269 30.314686024561524 7.2229005396366111 12.837530469521882 2.4208516534417863 21.688112715259194 240.76158927194774 450.93901775032282 5.3572240825742474 3.8639768697321406 6.1597414426505557 1.9051736555993546 31.172374992631376 16.782529325224459 3.4221460334956637 3.2508515566587448 1.0505257081240413 1.4811787977814663
leaf_count=203 58 127 100 12 32 452 21946 19 313 14 116 40 59 961 2848 23 10 31 7 309 325 17 23 19 8
internal_value=6.46353e-05 0.000676568 -2.35113e-05 0.00982399 0.000499869 0.022207 0.000125191 -0.0171776 0.000683506 -0.00590651 -0.00431572 -0.0452784 0.0147523 0.0180402 -0.00528604 0.0297236 -0.00668663 -0.0113918 -0.0385187 -0.0511747 -0.0479155 -0.0455729 -0.018145 0.0374769 -0.0579008
internal_weight=5418.14 4914.5 4565.11 349.382 4512.92 76.5741 4436.35 53.9261 34.1072 503.645 480.221 52.1926 295.456 262.45 472.998 18.1948 454.803 33.006 23.4248 48.7213 19.8189 21.5196 6.673 3.47138 14.8466
internal_count=28072 24803 22956 1847 22488 484 22004 669 332 3269 3011 468 1178 1020 2997 139 2858 158 258 409 337 251 40 59 211
is_linear=0
shrinkage=0.05


Tree=140
num_leaves=29
num_cat=0
split_feature=3 0 4 7 5 4 0 0 1 12 15 5 0 7 0 14 7 0 15 15 14 15 9 3 15 14 15 1
split_gain=7.83332 39.8452 12.7644 23.1014 18.3738 14.4804 13.301 22.0273 12.2724 11.1617 9.96864 12.8782 11.7831 8.22184 16.7614 14.0473 6.26669 7.84994 4.94373 4.31315 7.45021 4.28086 3.68794 10.0906 2.49983 1.59765 0.366985 0.00550423
threshold=6.5000000000000009 0.31340000000000007 0.69010000000000005 0.78910000000000002 0.70065000000000011 0.56050000000000011 0.8136500000000001 0.63245000000000007 0.87230000000000019 1.0000000180025095e-35 29.500000000000004 0.29945000000000005 0.58955000000000013 0.82425000000000004 0.57360000000000011 15.500000000000002 0.91600000000000004 0.54695000000000016 19.500000000000004 28.500000000000004 33.500000000000007 25.500000000000004 0.99975502204801581 7.5000000000000009 21.500000000000004 33.500000000000007 24.500000000000004 0.79705000000000015
decision_type=2 2 2 2 2 2 2 2 2 2 2 2 2 2 2 2 2 2 2 2 2 2 2 2 2 2 2 2
left_child=2 19 3 6 16 25 7 -1 -7 26 11 -11 -12 15 -15 -6 17 -4 -8 20 21 -2 23 -21 -18 -5 -3 -28
right_child=1 9 4 5 13 8 18 -9 -10 10 12 -13 -14 14 -16 -17 24 -19 -20 22 -22 -23 -24 -25 -26 -27 27 -29
leaf_value=4.0010302926903551e-05 0.0266034186800259 -0.086598841813496946 0.023831789804025061 0.0038294852971728793 -0.020024091884346281 -0.03700851165234112 0.036733984195241619 -0.012323519533204706 0.013357034249988825 0.054319352246582908 -0.026732024827949192 0.0048872593878327847 0.0014319597261777091 -0.024368721459141384 0.0065207221037109344 0.032290359833571931 -0.044126377838625247 0.062218514820647712 0.0054132220598119259 -0.043039760551589215 0.11353278630873694 0.073213671904092628 0.056427098037975437 0.080709621036867601 0.017534348019295504 0.038762103401389907 -0.057560005025907406 -0.061914141974283909
leaf_weight=3786.791004346218 9.5736329108476692 2.2300213631242505 35.9726213789545 5.4467970412224522 17.36112367361784 87.371008072979748 31.466419786214828 398.13643098063767 14.038227673619984 13.553613401949404 55.435576281044632 472.68538419902325 112.51021353248507 58.780381227377802 173.67515185289085 49.185287956148386 3.3095872141420832 21.147674897685647 21.011721298098564 4.2257888875901681 6.1720065902918568 10.14770571887493 7.1310771256685257 2.6996794231235981 3.2656630948185921 8.2017223616130632 1.5195550657808783 1.3895579222589729
leaf_count=17756 38 13 195 27 58 1283 145 1558 50 33 419 2805 895 622 1695 142 32 72 57 38 17 17 16 8 16 29 25 11
internal_value=6.06099e-05 0.00499906 -0.000671779 -0.00142276 0.00834013 -0.0235289 -0.000822509 -0.0011362 -0.0300363 0.00206112 0.00263773 0.00626515 -0.00786441 0.00314598 -0.00129021 0.0186422 0.0327227 0.0380437 0.0241935 0.0534862 0.0655909 0.0505869 0.0311883 0.0052001 -0.013502 0.0248213 -0.0713381 -0.0596398
internal_weight=5414.43 699.274 4715.16 4352.46 362.697 115.058 4237.41 4184.93 101.409 659.324 654.185 486.239 167.946 299.002 232.456 66.5464 63.6955 57.1203 52.4781 39.9499 25.8933 19.7213 14.0565 6.92547 6.57525 13.6485 5.13913 2.90911
internal_count=28072 4335 23737 20905 2832 1389 19516 19314 1333 4201 4152 2838 1314 2517 2317 200 315 267 202 134 72 55 62 46 48 56 49 36
is_linear=0
shrinkage=0.05


Tree=141
num_leaves=30
num_cat=0
split_feature=1 7 4 3 2 14 5 1 7 15 2 5 9 13 15 4 13 13 4 8 15 2 7 14 7 7 4 4 7
split_gain=7.62084 17.6877 26.6679 19.2523 19.9736 16.7754 18.1255 15.7318 24.0331 15.213 14.6474 15.1389 17.8235 14.2892 13.122 13.0442 11.9332 8.58818 14.9852 8.69149 8.24876 8.21517 7.37116 14.0431 5.78571 4.64791 4.24062 2.70189 0.169354
threshold=0.8198000000000002 0.82685000000000008 0.71515000000000006 7.5000000000000009 9.5000000000000018 20.500000000000004 0.58500000000000008 0.94805000000000017 0.69920000000000015 26.500000000000004 15.500000000000002 0.74850000000000005 0.99975502204801581 16.500000000000004 29.500000000000004 0.56050000000000011 7.5000000000000009 4.5000000000000009 0.48335000000000006 1.0000000180025095e-35 34.500000000000007 10.500000000000002 0.89040000000000019 32.500000000000007 0.80810000000000015 0.55035000000000012 0.71895000000000009 0.6704500000000001 0.99350000000000016
decision_type=2 2 2 2 2 2 2 2 2 2 2 2 2 2 2 2 2 2 2 2 2 2 2 2 2 2 2 2 2
left_child=1 2 3 4 -1 7 20 8 9 -2 11 13 -13 -3 -5 -10 24 19 -19 -9 21 -7 23 -8 -4 -22 -24 -12 -29
right_child=5 10 16 14 -6 6 22 17 15 -11 27 12 -14 -15 -16 -17 -18 18 -20 -21 25 -23 26 -25 -26 -27 -28 28 -30
leaf_value=0.00023124858056516263 -0.023937245554392229 -0.032434624377490694 0.017704983966436705 0.037498248076839595 -0.009868250272532169 0.027835425662218961 0.011379105369589741 0.04330797942754374 -0.036535918885650151 0.0026635599899925318 0.017987192802868777 -0.039004639829682552 0.019479714334552999 0.047058101544460045 -0.0046903885480712119 0.016181977720205496 0.1005136566760194 0.016204447760083809 -0.014253641979121365 0.006217761284433832 0.021561657091578427 0.0097998281038668266 0.022756445480601257 -0.017858681320970099 0.063979896591203414 0.067565068972870859 0.0041117023337112792 -0.05815909228150639 -0.042263681825539273
leaf_weight=3095.8862908207811 205.54778358340263 71.60665737465024 34.336206793785095 54.091575475409627 581.5027113026008 85.831932671368122 66.493735838681459 28.978465124964714 13.253043025732039 72.779213644564152 1.2723533604294086 17.063781043514609 55.071319064125419 6.1377534945495418 27.957115584984422 102.36711881309748 6.3011175468564025 83.166431948542595 78.499454699456692 34.718093141913414 10.268792256712915 238.80702524259686 34.71297306008637 107.40787309408188 8.4089004993438703 11.799697771668432 251.10234611388296 20.91501609841362 1.8216328695416439
leaf_count=14773 798 1190 99 179 3558 237 254 151 46 206 16 177 317 30 181 301 23 213 249 170 26 702 158 496 16 24 3185 290 7
internal_value=5.75962e-05 -0.00106545 -0.000353425 -0.000831317 -0.00136578 0.00319449 0.0079474 -0.00299442 -0.00902178 -0.0169814 -0.0166601 -0.010852 0.00564506 -0.0261588 0.023123 0.0101392 0.0362774 0.00754176 0.00141504 0.0230918 0.0165791 0.0145683 0.00143758 -0.0066792 0.0268083 0.046159 0.00637615 -0.0529177 -0.0568856
internal_weight=5408.11 3982.37 3808.48 3759.44 3677.39 1425.73 806.424 619.31 393.947 278.327 173.889 149.88 72.1351 77.7444 82.0487 115.62 49.0462 225.362 161.666 63.6966 346.707 324.639 459.717 173.902 42.7451 22.0685 285.815 24.009 22.7366
internal_count=28072 20856 18829 18691 18331 7216 5082 2134 1351 1004 2027 1714 494 1220 360 347 138 783 462 321 989 939 4093 750 115 50 3343 313 297
is_linear=0
shrinkage=0.05


Tree=142
num_leaves=31
num_cat=0
split_feature=3 2 15 15 12 6 7 14 15 3 2 13 14 9 6 5 2 15 4 15 15 13 3 3 4 2 7 14 15 15
split_gain=7.80838 71.9362 22.3376 71.8811 21.3194 20.2044 31.2292 27.1047 20.0558 26.9269 16.8875 41.9093 21.4539 14.7242 18.1627 14.4374 13.9362 13.4531 12.6628 12.4083 11.4315 11.1307 10.5657 10.0163 18.086 12.0641 9.22833 3.46652 1.85203 0.830768
threshold=2.5000000000000004 6.5000000000000009 17.500000000000004 20.500000000000004 1.0000000180025095e-35 0.29460000000000003 0.5192500000000001 29.500000000000004 26.500000000000004 4.5000000000000009 2.5000000000000004 4.5000000000000009 12.500000000000002 0.20960061443932412 0.20430000000000001 0.20430000000000001 4.5000000000000009 25.500000000000004 0.26140000000000008 14.500000000000002 16.500000000000004 1.5000000000000002 1.0000000180025095e-35 1.5000000000000002 0.32200000000000006 1.5000000000000002 0.5152000000000001 27.500000000000004 18.500000000000004 21.500000000000004
decision_type=2 2 2 2 2 2 2 2 2 2 2 2 2 2 2 2 2 2 2 2 2 2 2 2 2 2 2 2 2 2
left_child=2 8 10 23 28 6 -5 -7 13 15 11 12 -1 14 -2 -10 22 -15 21 -20 -13 -6 -12 25 -25 -4 -18 -11 -3 -30
right_child=1 4 3 5 18 7 -8 -9 9 27 16 20 -14 17 -16 -17 26 -19 19 -21 -22 -23 -24 24 -26 -27 -28 -29 29 -31
leaf_value=-0.040322531973411957 -0.031297608314498258 -0.008197628571973847 0.0006427349575159932 0.0013410290751481885 0.064102610550940284 0.00050880833662527044 0.028542498004118656 -0.023909893674499298 0.030599312361659248 0.065267980866200379 -0.011508665590249207 0.013223530113545693 -0.0041611175690348667 0.011346171111327925 0.043538173470407025 -0.015728050560550093 0.024126291907000493 0.056640433128388006 -0.069783276566960081 -0.0005851197836239209 0.04717624456378218 -0.058037316916699139 0.025786448264000089 0.031201941043249949 -0.020392505150387472 -0.033667108458637504 -0.050953912025652262 0.029309141720787892 -0.088766347387290445 -0.060567041375692757
leaf_weight=55.091833051294088 8.6148382946848852 1.401912249624728 28.929295547306538 602.0490257628262 2.1210558526217964 392.17059444636106 127.93801240622997 160.00926767801866 20.885216191411018 14.900790795683863 21.367548014968634 77.438901156187057 160.53791829757392 133.32888595759869 137.74873495753855 86.340830625034869 6.3240787293761995 18.691928617656231 6.4938423633575431 2715.2258102046326 36.464714094996452 15.469383805990217 170.6981432242319 19.812748936936259 119.02949321875349 224.04047880042344 11.599534915760158 12.181387748569248 3.6819555610418311 8.9863380854949337
leaf_count=214 29 6 131 3116 9 1432 346 1859 76 37 111 251 536 544 385 467 35 52 39 15374 123 124 544 76 611 1251 111 34 26 123
internal_value=5.46593e-05 0.00163949 -0.00222652 -0.00507805 -0.00133884 0.000649503 0.00610838 -0.00656718 0.0205917 0.00454679 0.00662094 -0.000440549 -0.0134001 0.0278138 0.0391334 -0.00670452 0.0177024 0.0169154 -0.00102352 -0.000750222 0.024093 -0.0433097 0.0216373 -0.0238209 -0.01303 -0.0297435 -0.024463 0.0490939 -0.0627284 -0.068763
internal_weight=5399.57 3186.07 2213.5 1673.98 2753.38 1282.17 729.987 552.18 432.693 134.308 539.523 329.533 215.63 298.384 146.364 107.226 209.989 152.021 2739.31 2721.72 113.904 17.5904 192.066 391.812 138.842 252.97 17.9236 27.0822 14.0702 12.6683
internal_count=28072 17325 10747 8822 15701 6753 3462 3291 1624 614 1925 1124 750 1010 414 543 801 596 15546 15413 374 133 655 2069 687 1382 146 71 155 149
is_linear=0
shrinkage=0.05


Tree=143
num_leaves=15
num_cat=0
split_feature=15 15 2 3 2 0 15 15 3 1 0 0 6 5
split_gain=7.32967 7.66605 21.69 10.6315 64.0122 36.3659 76.0643 26.0289 18.9142 16.6336 6.95667 9.63859 2.57947 2.1398
threshold=11.500000000000002 14.500000000000002 3.5000000000000004 2.5000000000000004 6.5000000000000009 0.23170000000000004 21.500000000000004 15.500000000000002 4.5000000000000009 0.38280000000000008 0.49390000000000006 0.28280000000000005 0.34525000000000006 0.5082000000000001
decision_type=2 2 2 2 2 2 2 2 2 2 2 2 2 2
left_child=-1 2 10 5 8 6 -3 -7 -5 -6 11 -2 -12 -4
right_child=1 3 13 4 9 7 -8 -9 -10 -11 12 -13 -14 -15
leaf_value=-0.065437634671722283 0.036093185161426719 -0.024832930656089575 -0.10075477821733894 0.0150649830936162 -0.050428780971276711 -0.017570572958580413 0.0004081391120549993 0.0095754436200560997 0.04369067959953666 -0.00081199635148661406 0.063148008718311416 -0.0021547264291706114 0.022122210833712047 -0.041799440408306687
leaf_weight=4.2691192328929892 28.366972964257002 441.36506167892367 3.5585009250789872 360.17239824449643 16.996764862909913 102.09208461269736 921.92413609242067 653.86565132439137 68.714438132941723 2728.9242233964615 11.488415643572809 39.280384361743927 5.7485285177826873 2.7121354751288891
leaf_count=20 71 2562 21 1435 270 367 5074 2491 185 15392 26 118 22 18
internal_value=5.17463e-05 0.000103663 0.0144803 -0.00014388 0.00168677 -0.00288634 -0.00776366 0.00590937 0.0196513 -0.00111912 0.0211094 0.013884 0.0494659 -0.0752558
internal_weight=5389.48 5385.21 91.1549 5294.05 3174.81 2119.25 1363.29 755.958 428.887 2745.92 84.8843 67.6474 17.2369 6.27064
internal_count=28072 28052 276 27776 17282 10494 7636 2858 1620 15662 237 189 48 39
is_linear=0
shrinkage=0.05


Tree=144
num_leaves=31
num_cat=0
split_feature=4 0 1 15 2 5 15 15 15 14 2 1 6 14 5 15 0 14 5 14 15 0 1 0 0 15 5 15 0 2
split_gain=7.15084 15.567 23.0125 22.4508 17.0639 17.4519 17.0533 18.0405 14.8069 14.8942 12.2989 17.923 32.84 14.0226 11.5421 10.6369 10.388 9.63115 8.49368 11.4078 7.57461 5.96116 5.82995 20.1586 4.42307 2.30272 2.23674 3.38418 0.408545 0.197309
threshold=0.36090000000000005 0.40970000000000006 0.8136500000000001 32.500000000000007 9.5000000000000018 0.35765000000000008 16.500000000000004 26.500000000000004 38.500000000000007 42.500000000000007 1.5000000000000002 0.54230000000000012 0.37885000000000008 15.500000000000002 0.25555000000000011 29.500000000000004 0.43000000000000005 14.500000000000002 0.35115000000000002 19.500000000000004 28.500000000000004 0.73505000000000009 0.79060000000000008 0.23860000000000003 0.38955000000000006 39.500000000000007 0.27815000000000006 36.500000000000007 0.49390000000000006 19.500000000000004
decision_type=2 2 2 2 2 2 2 2 2 2 2 2 2 2 2 2 2 2 2 2 2 2 2 2 2 2 2 2 2 2
left_child=1 2 6 4 5 -3 17 -8 10 22 18 12 -12 -13 15 -4 -6 -1 20 -20 -2 29 23 -10 -16 -23 28 -28 -5 -11
right_child=8 3 14 26 16 -7 7 -9 9 21 11 13 -14 -15 24 -17 -18 -19 19 -21 -22 25 -24 -25 -26 -27 27 -29 -30 -31
leaf_value=-0.019404034488717178 0.034272696784237777 -0.042723078471001825 -0.062150744770884891 -0.080123688841447341 -0.044785472191654511 0.023512906244123964 -0.01279385748308217 0.0018649721951771161 0.056206482589171852 -0.056054238990439077 0.0038508980453669074 -0.004505411563536863 -0.015689304251746135 0.0035532462243904662 0.042439986421154249 0.035035622444443519 0.017533893270850195 0.033150836255316972 -0.017284390898498564 0.02784184419707976 -0.016838651485694626 -0.019027124483873285 0.074046474765270029 -0.042506824251053205 0.08868868483095721 0.051972300426802148 -0.083352502230611109 -0.019637099019062739 -0.10147796906039477 -0.080202595892719275
leaf_weight=10.693531062453983 59.619994193315506 49.908889858052135 4.3477485440671426 5.0466479510068911 7.7919478788971892 12.419473342597483 375.98475760687143 475.11918898671865 19.926063438877467 4.4279035530053061 416.5467848982662 682.07856541126966 444.44863404333591 2588.1105475514196 12.512289121747019 7.9884027242660522 47.152735192328691 47.175897577777505 32.917322143912315 24.375981371849775 8.2521070167422277 2.2697792034596205 10.817850068211554 6.9848315715789786 8.8095272034406644 2.2984496913850307 4.4891520701348764 3.8898483067750931 4.0271301716566086 1.045639209449291
leaf_count=67 185 265 20 23 34 40 2430 2630 52 86 1537 2420 4254 13188 30 20 155 174 119 105 39 33 21 52 14 13 23 13 19 11
internal_value=4.91891e-05 -0.00359382 -0.00132162 -0.0194916 -0.0116177 -0.029525 -0.00282493 -0.00461073 0.000961064 0.0286431 0.000650379 0.000182548 -0.00623582 0.00187241 0.0392772 0.000783295 0.00869611 0.0234394 0.0160915 0.001915 0.0280584 -0.0254733 0.0430466 0.030585 0.0615485 0.0166954 -0.0724004 -0.0537734 -0.0896012 -0.0606674
internal_weight=5381.48 1077.36 942.631 134.726 117.273 62.3284 908.973 851.104 4304.12 47.7705 4256.35 4131.18 860.995 3270.19 33.658 12.3362 54.9447 57.8694 125.165 57.2933 67.8721 10.0418 37.7287 26.9109 21.3218 4.56823 17.4528 8.379 9.07378 5.47354
internal_count=28072 5957 5385 572 494 305 5301 5060 22115 268 21847 21399 5791 15608 84 40 189 241 448 224 224 143 125 104 44 46 78 36 42 97
is_linear=0
shrinkage=0.05


Tree=145
num_leaves=30
num_cat=0
split_feature=9 9 9 9 3 1 0 15 6 14 15 15 15 15 0 1 2 9 15 4 0 4 0 4 9 15 14 0 4
split_gain=7.07313 62.2394 21.2179 43.0903 13.3749 13.3003 36.3408 37.0263 29.5242 28.6053 22.8308 22.2604 20.1802 20.4248 13.9176 21.5446 13.2294 12.2822 11.1949 10.8801 10.3179 9.86947 8.71402 7.98595 6.08962 5.01661 4.37846 2.81902 0.00105103
threshold=0.86736111111111125 0.20060362173038235 0.19836704593341761 0.10535714285714286 1.0000000180025095e-35 0.41805000000000009 0.14405000000000004 37.500000000000007 0.34000000000000002 31.500000000000004 17.500000000000004 20.500000000000004 37.500000000000007 38.500000000000007 0.10620000000000002 0.30600000000000005 4.5000000000000009 0.99635195974576296 21.500000000000004 0.69280000000000019 1.0000000180025095e-35 0.23605000000000004 0.033900000000000007 0.31400000000000006 0.50092936802973986 26.500000000000004 46.500000000000007 0.12390000000000002 0.36475000000000007
decision_type=2 2 2 2 2 2 2 2 2 2 2 2 2 2 2 2 2 2 2 2 2 2 2 2 2 2 2 2 2
left_child=1 2 3 16 24 8 7 10 14 11 -7 -10 17 -14 15 -2 -1 -8 -4 -11 -5 -16 -6 -9 27 -20 -24 -3 -26
right_child=5 4 18 20 22 6 12 23 9 19 -12 -13 13 -15 21 -17 -18 -19 25 -21 -22 -23 26 -25 28 -27 -28 -29 -30
leaf_value=0.0046898695060058129 0.021047453135567218 0.020712762075056838 -0.048802051791141166 0.15317808100388597 0.06617720124275589 0.035475342081004758 0.020280090916272534 -0.0082331615987834474 -0.024933745068797281 -0.040421763262988242 -0.031768810443906371 0.026525041291246627 -0.07684565972649636 -0.0021913889209083915 -0.019823473471695153 -0.031093532040936983 -0.0029668193933419253 0.0020983037304589266 0.067474099541051505 0.075946858579927334 -0.045683978807521786 0.033714478310987159 -0.042928546085015853 0.049381250326670838 -0.051881424022173522 0.02821462394456389 -0.00037833817291414262 0.087822816653610927 -0.054618115043494557
leaf_weight=1023.3396674469113 69.187599908560514 3.5837291562929732 3.3602561336010686 0.65985798835754295 1.9356105998158444 13.586024552583693 97.150910793337971 8.3913521841168421 31.519170373678207 52.809148889034986 178.01634834334254 63.068620131351054 16.010995412245393 21.418053379282355 9.1699365098029357 27.760809890925884 1257.2690156940371 2115.0635557817295 15.640037922188638 2.0880619138479224 56.731806680560112 140.51288496702909 117.43192306812853 21.234739080071449 1.4050794271752236 16.961296377703547 6.3740178425796321 2.7776643298566341 0.46758653968572605
leaf_count=4396 303 43 19 1 4 51 464 32 202 562 797 232 86 103 60 165 7394 8996 48 36 770 430 2574 50 50 69 117 9 9
internal_value=4.63798e-05 -0.00189292 -2.17159e-05 -0.000607964 -0.0350494 0.00174281 0.000379249 -0.0189573 0.0102483 -0.00728535 -0.0270007 0.0093776 0.00228079 -0.0341262 0.0208756 0.00611708 0.000468839 0.00289677 0.0380925 -0.0359956 -0.0433976 0.0304346 -0.0390921 0.0330624 0.0266861 0.0470488 -0.0407379 0.050016 -0.0525647
internal_weight=5374.93 2507.94 2373.96 2338 133.976 2866.99 2470.87 221.228 396.116 149.485 191.602 94.5878 2249.64 37.429 246.631 96.9484 2280.61 2212.21 35.9616 54.8972 57.3917 149.683 125.742 29.6261 8.23406 32.6013 123.806 6.36139 1.87267
internal_count=28072 15503 12697 12561 2806 12569 10579 930 1990 1032 848 434 9649 189 958 468 11790 9460 136 598 771 490 2695 82 111 117 2691 52 59
is_linear=0
shrinkage=0.05


Tree=146
num_leaves=31
num_cat=0
split_feature=7 2 1 2 15 4 15 15 6 15 2 2 2 15 15 1 14 14 5 7 5 5 15 7 5 4 14 4 1 2
split_gain=7.35582 11.3932 16.8883 19.8173 12.4527 12.0073 11.1473 39.2695 15.7588 13.2893 20.4636 14.3806 11.0784 21.3348 18.571 10.8151 11.8092 10.7533 9.86261 8.9425 9.67871 8.89471 7.91701 7.08333 16.706 10.5208 6.69849 4.39144 4.03713 2.45766
threshold=0.39175000000000004 2.5000000000000004 0.66145000000000009 11.500000000000002 16.500000000000004 0.26945000000000002 34.500000000000007 33.500000000000007 0.58895000000000008 32.500000000000007 2.5000000000000004 4.5000000000000009 3.5000000000000004 36.500000000000007 37.500000000000007 0.72315000000000007 22.500000000000004 25.500000000000004 0.31140000000000007 0.27150000000000002 0.21380000000000002 0.80230000000000012 36.500000000000007 0.29460000000000003 0.22085000000000002 0.24070000000000003 43.500000000000007 0.21305000000000002 0.9649000000000002 12.500000000000002
decision_type=2 2 2 2 2 2 2 2 2 2 2 2 2 2 2 2 2 2 2 2 2 2 2 2 2 2 2 2 2 2
left_child=1 17 3 4 -3 22 7 9 12 11 -11 -2 13 -8 -14 -9 -17 23 -7 27 -21 26 -4 24 -1 -25 -10 -19 -23 -5
right_child=6 2 5 29 -6 18 8 15 21 10 -12 -13 14 -15 -16 16 -18 19 -20 20 -22 28 -24 25 -26 -27 -28 -29 -30 -31
leaf_value=0.00018630206502953629 0.0035194779187421319 0.046806505793882458 -0.057630522642166782 0.039449688635363973 -0.026865105852798155 0.02715204786903715 -0.036114106798108364 -0.067050990227404725 -0.0059791084969127474 -0.056734913456605654 0.029713667479939112 -0.0022884262971441089 0.02827337989984462 0.014878190323426552 -0.012312649530529352 -0.085495127094133913 -0.0027734275169825941 -0.0040096851359917142 -0.014696779446756049 0.041521796289852947 0.0057091202175948846 0.013983833570434279 0.02308463313932263 -0.048468204499490929 0.10317526990868726 -0.005642462003232554 -0.053716153040286797 -0.069232420200169828 -0.066581162701345162 0.10519100411937142
leaf_weight=29.329088634811342 1815.6818748805672 5.9364627860486499 10.696401275694368 3.0307948738336554 169.79291297495365 47.766297716647387 28.582997757941484 25.19748522201553 12.688140823040159 7.6004189178347579 68.922032652422786 2580.6637618215755 156.16516091953963 72.649375010281801 34.392648372799158 5.5153686329722431 19.814034999348223 8.7238088678568584 19.962647225707769 35.552971415221691 40.196375297382474 20.757527228444818 4.2431839257478705 16.87199036963284 4.548219295218586 95.598027816042304 17.462290390860289 3.6649825908243647 1.6808783225715149 2.6775585301220417
leaf_count=330 6869 28 83 19 1294 167 130 291 107 44 440 15135 606 233 209 29 148 72 76 140 193 259 15 186 34 593 280 27 23 12
internal_value=4.23936e-05 -0.00574174 -0.0128635 -0.0213981 -0.0243763 0.00586776 0.000634845 -2.53561e-05 0.00930654 0.00046979 0.0211274 0.000110226 0.0138473 0.000480496 0.0209482 -0.043858 -0.0207857 0.00227971 0.0148174 0.016077 0.0225178 -0.0158877 -0.0347056 -0.00602973 0.0140132 -0.0120669 -0.0336271 -0.0233046 0.00794865 0.0702863
internal_weight=5366.37 498.592 264.106 181.438 175.729 82.6685 4867.77 4523.39 344.379 4472.87 76.5225 4396.35 291.79 101.232 190.558 50.5269 25.3294 234.485 67.7289 88.1381 75.7493 52.5888 14.9396 146.347 33.8773 112.47 30.1504 12.3888 22.4384 5.70835
internal_count=28072 3269 1694 1353 1322 341 24803 22956 1847 22488 484 22004 1178 363 815 468 177 1575 243 432 333 669 98 1143 364 779 387 99 282 31
is_linear=0
shrinkage=0.05


Tree=147
num_leaves=30
num_cat=0
split_feature=1 7 2 4 9 6 4 13 6 2 14 14 1 13 14 0 1 13 6 4 13 14 1 2 7 2 7 14 9
split_gain=7.14162 12.7895 16.6061 25.9025 16.0644 15.8701 15.0016 14.4939 13.0779 16.1927 11.0949 12.5804 9.52927 9.37839 10.547 23.7098 38.3043 15.0981 9.38775 16.1433 10.1379 8.80052 7.9404 6.7396 6.4206 6.18462 6.66327 1.88351 0.0419994
threshold=0.84810000000000008 0.78910000000000002 15.500000000000002 0.69280000000000019 0.98581488933601624 0.59610000000000019 0.62770000000000004 20.500000000000004 0.59610000000000019 20.500000000000004 14.500000000000002 43.500000000000007 0.34890000000000004 1.5000000000000002 20.500000000000004 0.62680000000000013 0.94805000000000017 5.5000000000000009 0.39175000000000004 0.37790000000000007 2.5000000000000004 24.500000000000004 0.66145000000000009 10.500000000000002 0.63565000000000016 17.500000000000004 0.64350000000000007 17.500000000000004 0.049444444444444409
decision_type=2 2 2 2 2 2 2 2 2 2 2 2 2 2 2 2 2 2 2 2 2 2 2 2 2 2 2 2 2
left_child=1 6 3 7 -5 -4 8 -3 9 -1 22 -12 -10 23 15 17 -17 -15 19 -16 -20 -7 -8 24 -2 26 -25 -26 -27
right_child=13 2 5 4 -6 21 10 -9 12 -11 11 -13 -14 14 18 16 -18 -19 20 -21 -22 -23 -24 25 27 28 -28 -29 -30
leaf_value=-0.00056458669323386219 0.069262878592914093 -0.032036290579545983 0.11444048158080727 -0.021506615671389093 0.01426989730283135 0.061048817291272921 -0.069487148189560047 0.060527503622956606 0.052126418082591511 0.085018119688184152 0.021056226521199574 -0.056269738934321259 -0.027235054501452666 0.027298005804339456 -0.038341799771229645 -0.029619426490808683 0.01218720413650933 0.0002015434434927397 -0.047776330275224758 0.038529799353391958 0.0060456030370402217 -0.056933636017663103 -0.0023158436847857244 -0.041141331352823725 0.0088579792752551071 0.044260868588600497 0.012435091923930768 0.047553556745380317 0.05163244292428959
leaf_weight=3694.7854700796306 11.612041652202608 89.276469771517441 1.5175865665078152 41.993658646475524 124.1053459784016 1.6650636494159687 5.559030786156657 4.439348876476287 4.0198234939016393 5.5352387931197873 157.4500519298017 5.4417812284082165 64.071196154225618 70.862060606479645 8.0268652290105802 149.41014910675585 86.515080042183399 187.26410124078393 8.9086825400590879 45.792369596660137 488.73135620821267 31.146611707285047 21.094735223799944 7.9774233400821712 10.9342741407454 3.7199519015848628 21.29466506652534 4.4143260084092608 4.0207243077456951
leaf_count=17628 26 1355 4 492 819 3 25 8 29 15 558 100 502 231 29 628 351 510 32 112 3929 419 70 29 40 10 81 17 20
internal_value=3.88312e-05 -0.000893307 -0.0109522 -0.00663378 0.00522477 -0.0436353 -0.00014576 -0.0276515 -0.000836128 -0.000436565 0.0135797 0.018473 -0.0225499 0.00361126 0.00247413 -0.00283155 -0.0142887 0.0076402 0.00722747 0.0270648 0.00508209 -0.0509465 -0.0163254 0.0221952 0.0412103 0.00834435 -0.00216591 0.019987 0.0480899
internal_weight=5361.59 4252.1 294.144 259.815 166.099 34.3293 3957.96 93.7158 3768.41 3700.32 189.546 162.892 68.091 1109.48 1045.51 494.051 235.925 258.126 551.459 53.8192 497.64 32.8117 26.6538 63.9734 26.9606 37.0128 29.2721 15.3486 7.74068
internal_count=28072 22027 3100 2674 1311 426 18927 1363 18174 17643 753 658 531 6045 5822 1720 979 741 4102 141 3961 422 95 223 83 140 110 57 30
is_linear=0
shrinkage=0.05


Tree=148
num_leaves=30
num_cat=0
split_feature=3 15 0 1 4 15 9 0 9 15 1 2 4 4 5 15 5 5 5 3 2 0 0 0 5 15 13 4 5
split_gain=6.91564 23.261 32.4178 21.3483 25.4463 17.2807 27.7539 26.4626 15.0891 16.2096 14.6035 19.2582 14.9198 14.1257 12.7216 14.7539 11.0763 10.0307 12.7559 9.34358 9.15069 8.46051 7.31263 6.72565 3.04853 0.0910431 0.0448869 0.0387187 0.00973645
threshold=1.0000000180025095e-35 28.500000000000004 0.28280000000000005 0.41280000000000006 0.50945000000000007 30.500000000000004 0.99975502204801581 0.12390000000000002 0.011892857142857103 12.500000000000002 0.20415000000000003 2.5000000000000004 0.44035000000000007 0.18560000000000001 0.15710000000000005 37.500000000000007 0.24050000000000002 0.13075000000000001 0.14590000000000003 2.5000000000000004 1.5000000000000002 0.06745000000000001 0.21355000000000002 0.050400000000000007 0.38150000000000006 37.500000000000007 13.500000000000002 0.32860000000000006 0.21780000000000002
decision_type=2 2 2 2 2 2 2 2 2 2 2 2 2 2 2 2 2 2 2 2 2 2 2 2 2 2 2 2 2
left_child=1 2 3 4 -1 6 26 20 24 -10 11 12 23 25 -13 -16 -9 27 -19 -14 -7 -8 -5 -2 -4 28 -3 -15 -12
right_child=10 5 8 22 -6 7 21 16 9 -11 13 14 19 17 15 -17 -18 18 -20 -21 -22 -23 -24 -25 -26 -27 -28 -29 -30
leaf_value=-0.020573864871689634 0.017932224758330929 -0.056371483208926411 0.041032477142048357 -0.051736224421946843 0.049047973761680096 -0.0079802643969483448 0.012353511113744714 0.052998277054728593 0.056753201249768695 -0.026089515165231638 -0.053932710674851371 0.10912537058912784 -0.067714833178789208 -0.059770550681847959 -0.050500112836889204 0.062428659281067694 -0.008698044129737903 0.04403746813503806 0.00017263798205007408 0.016821252294035294 -0.057200394177773888 0.07263410869842396 -0.015191943071028866 0.052199186751508891 0.083393086879208267 -0.064741710732513766 -0.065541091100854196 -0.068558857152229327 -0.058606667288520403
leaf_weight=85.699888272210956 21.288373984396458 3.9360671043395987 13.387604951858522 65.709728169254959 15.497558780014513 20.610272604972124 7.6668221950531033 20.625576775521044 8.2753281742334384 20.612910356372595 4.9451839597895724 1.7299309149384523 5.3885441217571488 4.7421591514721504 17.585037718527023 3.4615895599126807 11.238633275032042 16.630190255120397 4877.1931195680518 8.3085970953106862 17.427854737266898 24.174449063837528 17.291347993537784 43.741411922499537 6.2207762598991385 3.8239544499665499 2.0193246826529503 1.7034960910677908 1.4382882099598644
leaf_count=716 101 47 34 627 71 156 31 60 16 88 92 14 45 44 170 8 46 75 25095 43 145 45 90 136 9 29 14 10 15
internal_value=3.68616e-05 -0.0068596 -0.0157517 -0.0253277 -0.00991185 0.0123528 0.03959 -0.00237459 0.0206193 -0.00235838 0.000505243 0.0192774 0.0309918 0.000117206 -0.0212132 -0.0319264 0.0312377 0.000239601 0.000321699 -0.0164358 -0.0305314 0.0581196 -0.0441231 0.0409814 0.0544714 -0.0586406 -0.0594807 -0.0620932 -0.0549858
internal_weight=5352.37 340.394 232.695 184.199 101.197 107.699 37.7967 69.9023 48.4966 28.8882 5011.98 101.503 78.7269 4910.48 22.7766 21.0466 31.8642 4900.27 4893.82 13.6971 38.0381 31.8413 83.0011 65.0298 19.6084 10.2074 5.95539 6.44566 6.38347
internal_count=28072 2195 1651 1504 787 544 137 407 147 104 25877 517 325 25360 192 178 106 25224 25170 88 301 76 717 237 43 136 61 54 107
is_linear=0
shrinkage=0.05


Tree=149
num_leaves=29
num_cat=0
split_feature=3 0 2 0 14 2 0 15 3 2 15 0 0 1 4 12 15 2 9 2 15 14 15 0 15 6 15 1
split_gain=6.61045 35.6009 11.1532 38.6164 31.5564 26.01 17.6808 17.4831 16.6224 32.1943 21.0423 11.7707 28.0257 18.4205 10.9726 9.67109 8.91773 15.784 13.8644 7.72347 3.88791 6.42197 4.05271 3.41517 4.114 1.62223 0.27038 0.00275131
threshold=6.5000000000000009 0.31340000000000007 10.500000000000002 0.52040000000000008 37.500000000000007 11.500000000000002 0.51785000000000003 20.500000000000004 4.5000000000000009 7.5000000000000009 24.500000000000004 0.6120000000000001 0.69400000000000006 0.76695000000000013 0.67830000000000013 1.0000000180025095e-35 24.500000000000004 10.500000000000002 0.8935439560439562 4.5000000000000009 28.500000000000004 33.500000000000007 25.500000000000004 0.25760000000000005 35.500000000000007 0.49020000000000002 24.500000000000004 0.79705000000000015
decision_type=2 2 2 2 2 2 2 2 2 2 2 2 2 2 2 2 2 2 2 2 2 2 2 2 2 2 2 2
left_child=2 20 8 6 14 -6 7 -4 11 19 -11 13 -13 -1 -5 26 18 -18 -17 -10 21 22 -2 -22 -25 -8 -3 -28
right_child=1 15 3 4 5 -7 25 -9 9 10 -12 12 -14 -15 -16 16 17 -19 -20 -21 23 -23 -24 24 -26 -27 27 -29
leaf_value=-0.0015378091840326765 0.024216293036719214 -0.082336594227430462 0.010577231241724168 -0.0093270861265902696 0.06359051873634293 0.0084191487512726357 -0.12917429143957343 -0.024181355321317027 0.031895517780816333 0.011868512485279578 -0.0087174365814639519 -0.026955771621618798 0.0072138139021654104 0.010407974193796955 0.0094230009582869645 -0.0046023100269313097 -0.06451068666778613 -0.00061093250616231888 0.019810297102073281 0.072662799166744105 0.055553468969572431 0.10698669688555103 0.070532645255462725 -0.038103137031401793 0.039227520842261714 -0.076863977221746357 -0.056842286855620476 -0.060094827430493714
leaf_weight=2703.219823107589 9.0544850379228645 2.1483336444944134 42.695452068932354 263.42617692798376 34.080973822623491 57.244332464411855 3.3009497970342627 236.9641987499781 49.140547305345535 327.88430150132626 199.76273929513991 133.15583872422576 109.2404901906848 366.45802363008261 110.86538736708462 97.488917171023786 9.9056890793144685 396.16325107216835 144.15738260839134 15.215146720409392 6.5451348666101676 6.205994050949811 9.8728280216455442 3.065426267683506 3.9182865433394909 2.6898088930174708 1.3733070353046062 1.2347701825201509
leaf_count=14255 38 13 178 1050 178 369 14 1828 135 1399 1053 636 577 1072 933 577 43 2682 850 36 23 17 17 24 15 24 25 11
internal_value=3.3854e-05 0.00459681 -0.000643564 -0.00622255 0.00265639 0.0290081 -0.0206954 -0.0188748 0.000430009 0.00814695 0.00407485 -0.000949323 -0.0115566 -0.000111722 -0.0037733 0.00183444 0.00235609 -0.00216971 0.00996136 0.0415338 0.0512152 0.0628481 0.0483757 0.0296039 0.00528405 -0.105687 -0.0692017 -0.0583822
internal_weight=5346.48 691.134 4655.34 751.267 465.617 91.3253 285.65 279.66 3904.08 592.003 527.647 3312.07 242.396 3069.68 374.292 652.472 647.715 406.069 241.646 64.3557 38.6622 25.1333 18.9273 13.5288 6.98371 5.99076 4.75641 2.60808
internal_count=28072 4335 23737 4574 2530 547 2044 2006 19163 2623 2452 16540 1213 15327 1983 4201 4152 2725 1427 171 134 72 55 62 39 38 49 36
is_linear=0
shrinkage=0.05


Tree=150
num_leaves=13
num_cat=0
split_feature=13 4 5 15 15 2 15 13 15 5 7 15
split_gain=6.76415 7.45235 7.81643 6.60255 6.27179 10.8397 7.6951 6.18739 6.10511 5.55235 2.38422 2.29977
threshold=32.500000000000007 0.20460000000000003 0.16785000000000003 11.500000000000002 36.500000000000007 8.5000000000000018 33.500000000000007 14.500000000000002 34.500000000000007 0.16275000000000003 0.45220000000000005 22.500000000000004
decision_type=2 2 2 2 2 2 2 2 2 2 2 2
left_child=1 2 7 -3 6 -6 -5 8 -1 -9 11 -4
right_child=-2 3 10 4 5 -7 -8 9 -10 -11 -12 -13
leaf_value=-0.045006161526511816 0.075088762152071872 -0.062523815996332097 -0.013104069679163289 0.00025110364011695431 0.015836815041786509 -0.0047789538660569439 -0.0091639766490088318 0.005086249955646569 0.02324427472856265 0.085719070783175561 0.0171840166179584 -0.059500457954215914
leaf_weight=11.65693957637996 3.0000702440738669 4.1959576606750479 3.3231190331280294 4788.2156391860917 161.38629443012178 105.40600742353126 227.32676760549657 13.028635716065763 4.5576911475509396 2.5533969923853865 1.4142024666070927 13.608147867023943
leaf_count=201 7 20 41 24599 606 747 1510 126 36 10 6 163
internal_value=3.21503e-05 -1.00436e-05 -0.0191952 0.000171925 0.000221727 0.00769181 -0.00017563 -0.00420019 -0.025822 0.0182994 -0.0451848 -0.0503942
internal_weight=5339.67 5336.67 50.1421 5286.53 5282.33 266.792 5015.54 31.7967 16.2146 15.582 18.3455 16.9313
internal_count=28072 28065 583 27482 27462 1353 26109 373 237 136 210 204
is_linear=0
shrinkage=0.05


Tree=151
num_leaves=30
num_cat=0
split_feature=7 2 0 4 14 1 3 1 0 13 13 7 1 4 14 6 7 6 7 6 7 0 7 4 0 4 7 14 7
split_gain=6.52508 10.2556 16.5041 16.5056 12.1225 11.5886 11.2553 15.7384 14.8361 11.2164 9.10981 10.6758 35.0321 15.8823 13.8951 10.4886 14.1847 10.8073 9.17342 11.8688 10.2998 10.1986 8.97301 8.211 7.68543 5.30377 3.02679 2.90697 2.88624
threshold=0.39175000000000004 2.5000000000000004 0.17975000000000002 0.37950000000000006 43.500000000000007 0.8136500000000001 1.0000000180025095e-35 0.21585000000000001 0.063150000000000012 15.500000000000002 19.500000000000004 0.41105000000000008 0.64405000000000012 0.42950000000000005 24.500000000000004 0.18300000000000002 0.44035000000000007 0.18635000000000004 0.71330000000000016 0.49020000000000002 0.60135000000000016 0.60235000000000005 0.42180000000000001 0.36980000000000007 0.13100000000000003 0.31140000000000007 0.7340000000000001 30.500000000000004 0.38760000000000006
decision_type=2 2 2 2 2 2 2 2 2 2 2 2 2 2 2 2 2 2 2 2 2 2 2 2 2 2 2 2 2
left_child=1 6 3 24 5 -4 8 25 27 -10 11 12 14 -14 -2 16 -13 -17 19 22 -21 26 -12 -9 -3 -8 -20 -1 -6
right_child=10 2 4 -5 28 -7 7 23 9 -11 18 15 13 -15 -16 17 -18 -19 21 20 -22 -23 -24 -25 -26 -27 -28 -29 -30
leaf_value=-0.057388283093958416 0.0063066915601764709 -0.020266287092794832 -0.0039640407688823045 0.055046625349024748 -0.080850051838440018 0.038699987442250193 0.051274591909993873 0.0050344885343434863 -0.0092114367677728504 0.046383124956649896 -0.020382275944994206 -0.055206164182501509 -0.031912846663534687 0.077128060406234697 0.041973357070278154 0.05281435668185918 -0.0053104984996093681 -0.0001620530800173837 0.087250685083653176 -0.08091134934255631 -0.0043103087818001876 -0.021578424123029294 0.014709578331004168 -0.055640598737023386 -0.048361834368796763 -0.00041969658241245296 0.043561191784984778 -0.019350006001790113 -0.010765076163525965
leaf_weight=16.50456167571247 45.419097747653723 56.750369398854673 130.05808875057846 5.7175295539200297 5.7579367551952592 18.135981045663357 26.138030027970672 108.15412939200178 51.014884383883327 11.035017170011995 20.493120120838284 19.956176428124309 43.446047410368919 3.6175022125244132 68.477892924100161 9.6482333578169328 49.763926055282354 4376.0047604364809 5.6404829248786035 6.6086506471037891 13.061756950803099 5.3565213158726683 163.97940678149462 5.8789945021271697 42.621409389190376 6.1244035996496669 13.340375836007295 7.2199110053479663 1.9721530005335806
leaf_count=238 201 478 729 17 50 48 96 585 481 50 102 104 194 7 290 25 202 22873 14 48 79 21 604 26 363 26 39 73 9
internal_value=3.0289e-05 -0.0054494 -0.0122488 -0.0275636 -0.00192692 0.00125718 0.00219796 0.0106294 -0.0121826 0.000675556 0.000587987 0.000105638 0.012756 -0.0235315 0.0277504 -0.000351386 -0.0195923 -4.55074e-05 0.0103336 0.00687438 -0.0300459 0.0393499 0.0108112 0.00190638 -0.0323167 0.0414614 0.0565443 -0.0458123 -0.0629695
internal_weight=5337.9 493.083 261.013 105.089 155.924 148.194 232.07 146.296 85.7744 62.0499 4844.81 4616.33 160.961 47.0635 113.897 4455.37 69.7201 4385.65 228.48 204.143 19.6704 24.3374 184.473 114.033 99.3718 32.2624 18.9809 23.7245 7.73009
internal_count=28072 3269 1694 858 836 777 1575 733 842 531 24803 23896 692 201 491 23204 306 22898 907 833 127 74 706 611 841 122 53 311 59
is_linear=0
shrinkage=0.05


Tree=152
num_leaves=31
num_cat=0
split_feature=3 2 0 15 1 14 2 4 5 2 1 15 13 3 14 15 12 15 3 15 1 1 9 5 15 15 3 14 15 1
split_gain=6.36255 56.2516 33.6276 58.4716 52.711 35.891 26.8802 21.303 37.4976 20.7715 24.6446 24.0342 34.2323 32.9339 20.307 19.8293 19.3129 19.1985 22.3151 15.8363 14.7754 13.3812 13.3249 16.0828 12.7329 11.1937 6.16224 3.80176 1.69645 0.717247
threshold=2.5000000000000004 6.5000000000000009 0.23170000000000004 22.500000000000004 0.59730000000000005 20.500000000000004 2.5000000000000004 0.36090000000000005 0.27815000000000006 2.5000000000000004 0.46050000000000008 15.500000000000002 10.500000000000002 1.0000000180025095e-35 15.500000000000002 26.500000000000004 1.0000000180025095e-35 26.500000000000004 4.5000000000000009 19.500000000000004 0.38280000000000008 0.36940000000000006 0.20960061443932412 0.20430000000000001 25.500000000000004 32.500000000000007 5.5000000000000009 27.500000000000004 18.500000000000004 0.8509500000000001
decision_type=2 2 2 2 2 2 2 2 2 2 2 2 2 2 2 2 2 2 2 2 2 2 2 2 2 2 2 2 2 2
left_child=2 17 3 4 6 -6 -1 15 -9 11 14 13 -13 -4 -11 -5 28 22 21 -12 26 -19 23 -2 -24 -22 -18 -20 -3 -30
right_child=1 16 9 7 5 -7 -8 8 -10 10 19 12 -14 -15 -16 -17 20 18 27 -21 25 -23 24 -25 -26 -27 -28 -29 29 -31
leaf_value=0.0016422170790046807 -0.030912113863068743 -0.0087333806787064251 0.022016319179118622 -0.025465361914068341 -0.05067473299955777 0.020824359973328422 -0.026832640973951428 0.029284595149688893 -0.0021174528479178697 0.080527225668723348 0.025879154896925178 0.010498546379804232 -0.052228188778456357 -0.043164143985093599 -0.040604111319556831 -0.00032278723349116537 -0.057654209587945517 0.013920056414491001 0.063000556751680467 0.0065621476138771357 -0.0017515408821780721 -0.02219298950353786 0.0096472205490160563 0.040680712689202099 0.054320986102053249 0.0083225926855236693 0.073807198502508428 0.023919569573263508 -0.061104316674819747 -0.091309199695526935
leaf_weight=224.86609691474587 8.3306233882904035 1.3740202784538258 27.098958507180214 103.38525479100645 153.28254413045943 19.821606025099754 131.25834781257436 151.54899659007788 255.07488554203883 3.8900984674692145 214.77936527039856 237.46376433037221 23.943700762465596 68.03440709784627 31.292138515971601 324.75080905668437 14.525268781464543 43.342520899605006 13.519173182547094 209.68092619767413 2391.4785732491873 62.843356993049383 130.3957441188395 134.42200637143105 18.172960860654712 311.67502454319037 0.94970344752073366 11.530373521149157 9.4114751988090557 2.4841968119144431
leaf_count=1155 28 6 71 820 781 63 1089 429 1467 10 720 685 125 244 324 1893 249 199 37 871 13246 344 544 386 52 2047 4 34 138 11
internal_value=2.78058e-05 0.00146335 -0.00204926 -0.0068528 -0.0198544 -0.0424876 -0.00885289 0.00139007 0.00958611 0.00597831 0.0130034 -0.0030783 0.00475307 -0.0245973 -0.0272106 -0.00639415 -0.00116259 0.0184405 0.00256154 0.0163367 -0.000868885 -0.00745251 0.0255937 0.0365028 0.0151117 -0.000589988 -0.0495864 0.0450115 -0.0613361 -0.0674121
internal_weight=5334.63 3154.46 2180.17 1363.99 529.229 173.104 356.124 834.76 406.624 816.183 459.643 356.541 261.407 95.1334 35.1822 428.136 2731.9 422.557 131.235 424.46 2718.63 106.186 291.321 142.753 148.569 2703.15 15.475 25.0495 13.2697 11.8957
internal_count=28072 17325 10747 7697 3088 844 2244 4609 1896 3050 1925 1125 810 315 334 2713 15701 1624 614 1591 15546 543 1010 414 596 15293 253 71 155 149
is_linear=0
shrinkage=0.05


Tree=153
num_leaves=27
num_cat=0
split_feature=13 7 5 13 2 2 7 7 9 1 6 15 7 15 3 1 1 15 3 6 1 1 15 1 5 1
split_gain=6.26634 10.5212 9.59804 9.3591 15.206 16.3189 13.1298 34.0594 17.6984 9.17994 17.2188 16.784 16.0624 9.93198 9.67525 8.75492 4.17934 4.09069 3.76237 3.73469 3.1617 8.58949 0.064834 0.0395468 0.0097864 0.00806446
threshold=13.500000000000002 0.26205000000000006 0.73125000000000007 3.5000000000000004 19.500000000000004 10.500000000000002 0.53695000000000015 0.52705000000000013 0.99005568379481257 0.76695000000000013 0.49020000000000002 22.500000000000004 0.90525000000000011 31.500000000000004 5.5000000000000009 0.9215500000000002 0.30600000000000005 29.500000000000004 10.500000000000002 0.20640000000000003 0.8509500000000001 0.84415000000000007 37.500000000000007 0.73505000000000009 0.17190000000000003 0.26795000000000008
decision_type=2 2 2 2 2 2 2 2 2 2 2 2 2 2 2 2 2 2 2 2 2 2 2 2 2 2
left_child=1 16 9 4 5 -3 7 -5 -8 10 13 15 -12 -2 -13 -11 17 25 -6 -19 21 23 24 -4 -18 -1
right_child=2 3 20 6 18 -7 8 -9 -10 11 12 14 -14 -15 -16 -17 22 19 -20 -21 -22 -23 -24 -25 -26 -27
leaf_value=-0.053383067168367597 0.0090338389990341581 0.0047925431259146604 -0.053415854458240632 -0.00039582107563661218 0.093153500260503147 -0.010116976377475669 -0.010542301694083836 0.032593444476296231 -0.00052698029427655866 -0.0072122431667891208 -0.030971913377120616 0.029955815344908328 0.054740799958377398 -0.0058153722765980527 0.0079725774450054073 0.02882539041015025 -0.054394737109893114 -0.01253787871306572 0.034658877449189697 0.067678897402926999 -0.081763896553465942 0.063209157518121395 -0.065308109432219444 -0.062992956918399332 -0.058020022214825821 -0.058846939469445275
leaf_weight=3.7809402532875565 310.25528855854645 1135.8102076612413 1.6133970436640064 1139.87078021653 5.0261642560362798 218.89835313986987 775.41076972777955 84.006605222821236 1023.135106144473 124.12553359568119 61.327005997765809 110.9144260212779 6.0006900019943705 176.76536161452532 91.212695755064487 19.500821843743324 3.9479861864820105 7.2471015332266671 6.0674460679292679 1.81422808393836 3.5993617586791515 2.0036487206816673 2.5721107572317123 3.2477048877626657 3.5225105285644531 0.82218003645539273
leaf_count=80 1763 4349 38 5399 20 886 5873 285 6157 470 912 293 37 843 309 57 88 63 17 9 23 5 18 27 40 11
internal_value=2.57656e-05 -0.000753635 0.00380217 -0.000574169 0.00286083 0.00238341 -0.00212641 0.00186855 -0.00484491 0.00435566 0.000367833 0.0107494 -0.0233326 0.00364428 0.0200356 -0.00231925 -0.0339732 -0.0159757 0.0611609 0.00352285 -0.0438081 -0.0239069 -0.0584615 -0.0598143 -0.0561041 -0.054359
internal_weight=5322.5 4411.93 910.566 4388.23 1365.8 1354.71 3022.42 1223.88 1798.55 900.102 554.348 345.753 67.3277 487.021 202.127 143.626 23.7071 13.6644 11.0936 9.06133 10.4641 6.86475 10.0426 4.8611 7.4705 4.60312
internal_count=28072 23295 4777 22986 5272 5235 17714 5684 12030 4684 3555 1129 949 2606 602 527 309 163 37 72 93 70 146 65 128 91
is_linear=0
shrinkage=0.05


Tree=154
num_leaves=29
num_cat=0
split_feature=3 0 2 0 1 5 5 5 14 3 2 9 0 0 0 12 5 2 13 2 5 8 9 13 1 5 1 5
split_gain=6.45093 32.0646 9.14301 35.3491 28.6399 25.4701 17.0546 19.3121 15.2423 14.9487 27.856 16.5623 10.8688 24.9067 15.4891 8.4891 7.22716 14.5589 13.1866 7.00587 3.5036 3.86078 4.87016 3.22159 3.04306 2.95771 0.167065 0.0271523
threshold=6.5000000000000009 0.31340000000000007 10.500000000000002 0.52040000000000008 0.6886000000000001 0.65645000000000009 0.52240000000000009 0.35765000000000008 37.500000000000007 4.5000000000000009 7.5000000000000009 0.97034659329741302 0.6120000000000001 0.69400000000000006 0.23170000000000004 1.0000000180025095e-35 0.67960000000000009 23.500000000000004 12.500000000000002 4.5000000000000009 0.4431500000000001 1.0000000180025095e-35 0.99975502204801581 12.500000000000002 0.77345000000000008 0.28035000000000004 0.83600000000000019 0.45770000000000005
decision_type=2 2 2 2 2 2 2 2 2 2 2 2 2 2 2 2 2 2 2 2 2 2 2 2 2 2 2 2
left_child=2 20 9 6 5 -5 7 -4 -6 12 19 -12 14 -14 -1 26 17 -17 -18 -11 21 25 -23 -22 -8 -2 27 -3
right_child=1 15 3 4 8 -7 24 -9 -10 10 11 -13 13 -15 -16 16 18 -19 -20 -21 23 22 -24 -25 -26 -27 -28 -29
leaf_value=-0.0034187849293497597 0.030811620115371575 -0.065070299788543187 -0.030966075042883706 -0.0013650242485066968 -0.003202194431677699 0.17810996040889193 -0.050410342121615076 -0.00096837498585608235 0.020350883370545785 0.029768343415556189 -0.0036976442482122107 0.014240791460573832 -0.025755174503912088 0.0065726421358704538 0.0037370231211884884 0.0054033597445853213 0.00013248589084270167 0.081215255435367339 -0.034348260836624622 0.068881634265165637 0.047898270171782303 -0.026735173823757227 0.040957581011874883 0.11394326323409794 -0.026130414632383182 0.072436965899224465 -0.08066305385241905 -0.055451199217707192
leaf_weight=1669.4592183285858 6.9108739942312267 1.4263501167297357 90.608615638688207 3.6179197914898387 373.5284159258008 4.3579294458031654 42.520888386992738 131.54739249544218 84.168607539497316 47.561612896621227 303.26304246997461 223.50828552618623 132.44335564784706 108.29940472915769 1382.4300947552547 386.67630716180429 221.11858105147257 6.4382202178239814 31.703544867224991 15.078101318329571 3.791492066346108 3.8127170577645311 8.7659717351198196 3.5991908386349678 18.528202559798956 11.157431386411188 1.4932971298694608 1.5105903469957409
leaf_count=9130 19 10 391 19 1979 17 887 684 515 135 1722 730 636 577 6197 1537 2368 18 229 36 20 36 24 10 82 25 7 32
internal_value=2.40797e-05 0.00454019 -0.000647258 -0.00570557 0.00276599 0.0966984 -0.0196353 -0.0132032 0.00112912 0.000328531 0.0076619 0.00391361 -0.000984209 -0.0112123 -0.000177382 0.0019305 0.00240359 0.00664497 -0.00419135 0.0391834 0.0491606 0.0417087 0.0204393 0.0800615 -0.0430415 0.0565159 -0.0670463 -0.0601228
internal_weight=5319.33 688.405 4630.92 748.878 465.673 7.97585 283.205 222.156 457.697 3882.04 589.411 526.771 3292.63 240.743 3051.89 650.367 645.937 393.115 252.822 62.6397 38.0377 30.647 12.5787 7.39068 61.0491 18.0683 4.43024 2.93694
internal_count=28072 4335 23737 4574 2530 36 2044 1075 2494 19163 2623 2452 16540 1213 15327 4201 4152 1555 2597 171 134 104 60 30 969 44 49 42
is_linear=0
shrinkage=0.05


Tree=155
num_leaves=31
num_cat=0
split_feature=1 0 1 5 7 5 1 0 14 0 0 7 15 5 0 9 15 15 7 14 0 7 7 14 15 0 6 5 14 7
split_gain=6.14055 16.6089 24.1291 26.9507 20.2592 18.5698 17.7769 17.1114 14.5146 23.5973 34.674 24.733 17.2819 16.0471 15.3518 13.4687 12.5016 11.0547 10.0303 9.21588 8.78679 7.89036 16.66 7.10856 6.84464 7.91941 6.49999 5.93601 5.44974 4.20245
threshold=0.8198000000000002 0.63245000000000007 0.80325000000000013 0.24845000000000003 0.82685000000000008 0.71515000000000006 0.80325000000000013 0.17715000000000003 20.500000000000004 0.62680000000000013 0.8136500000000001 0.73765000000000014 18.500000000000004 0.58500000000000008 0.44060000000000005 0.99975502204801581 27.500000000000004 20.500000000000004 0.5152000000000001 17.500000000000004 0.53450000000000009 0.68705000000000005 0.62595000000000012 21.500000000000004 34.500000000000007 0.31340000000000007 0.77850000000000008 0.30265000000000003 34.500000000000007 0.55035000000000012
decision_type=2 2 2 2 2 2 2 2 2 2 2 2 2 2 2 2 2 2 2 2 2 2 2 2 2 2 2 2 2 2
left_child=1 2 4 23 5 -1 15 -6 9 12 11 -11 14 24 -2 19 -17 -5 -14 -3 28 22 -8 -4 25 -10 -22 -12 -15 -26
right_child=8 6 3 17 7 -7 21 -9 13 10 27 -13 18 20 -16 16 -18 -19 -20 -21 26 -23 -24 -25 29 -27 -28 -29 -30 -31
leaf_value=-0.00068413096217516346 0.0036816177724258723 0.053606360710465199 -0.092329369952497645 0.05027491263619463 0.037885271635712203 0.03742725203799218 -0.032486203500638737 -0.028328650642638564 -0.044515642937090677 -0.031648259277116154 0.057170887543810091 0.013264610437858572 0.019511753900038915 -0.092832131289265429 0.055512781653776738 0.031415704196723383 -0.020074138040656237 0.016936697249796046 -0.0042044897806028944 -0.036884743871845531 -0.0031632141595008701 -0.050469078817841712 0.034148160756180282 -0.0042231743999465114 0.019191359826762528 0.014699289089392886 0.0090165323405918714 0.010803059908831566 -0.017899081988332646 0.063544274961051722
leaf_weight=3469.6231779966038 26.85132147371769 3.163288269191983 5.8631631880998594 39.869408704340458 10.798987196758388 32.259542979300022 50.877014797180891 101.14405911834911 5.7493120059370986 174.61942115053535 7.6658850312232962 37.179852999746799 56.991720095276833 3.6789632663130742 30.529455326497555 37.92218915745616 17.106345992535353 66.076493263244629 204.74462392181158 25.453268573153764 247.75319259986281 32.879615511745214 11.500727662816642 3.7558384463191032 10.02947109937668 315.38876540213823 196.35817599017173 69.305738139897585 7.1270195692777634 11.423990495502947
leaf_count=17799 121 9 25 88 75 91 213 1559 23 766 18 117 149 19 74 161 78 190 592 293 1105 220 41 14 26 916 2940 297 29 24
internal_value=2.21713e-05 -0.00099708 -0.000283182 0.022207 -0.00100238 -0.000333047 -0.015879 -0.0219411 0.00285663 -0.00296346 -0.0133194 -0.0237641 0.00640766 0.00729289 0.0312584 0.000940787 0.0154094 0.0294825 0.000959598 -0.0268818 0.00113797 -0.0306483 -0.0202007 -0.0579274 0.0154658 0.0136392 0.00222191 0.015421 -0.0434105 0.0428093
internal_weight=5313.69 3908.29 3729.39 115.565 3613.83 3501.88 178.902 111.943 1405.4 607.888 288.771 211.799 319.117 797.509 57.3808 83.6451 55.0285 105.946 261.736 28.6166 454.917 95.2574 62.3777 9.619 342.592 321.138 444.111 76.9716 10.806 21.4535
internal_count=28072 20856 19841 317 19524 17890 1015 1634 7216 2134 1198 883 936 5082 195 541 239 278 741 302 4093 474 254 39 989 939 4045 315 48 50
is_linear=0
shrinkage=0.05


Tree=156
num_leaves=17
num_cat=0
split_feature=13 3 15 0 1 15 9 0 9 7 5 1 5 3 0 9
split_gain=5.95375 6.28373 21.8942 28.7652 18.1981 16.1137 25.2159 23.7623 13.8199 13.026 14.3127 16.7971 12.3102 0.0384172 0.052172 0.0311305
threshold=32.500000000000007 1.0000000180025095e-35 28.500000000000004 0.28280000000000005 0.41280000000000006 30.500000000000004 0.99975502204801581 0.12390000000000002 0.011892857142857103 0.25225000000000003 0.15710000000000005 0.20415000000000003 0.17715000000000003 1.5000000000000002 0.12615000000000001 0.99975502204801581
decision_type=2 2 2 2 2 2 2 2 2 2 2 2 2 2 2 2
left_child=1 2 3 4 -1 6 -4 -7 -5 13 11 -11 -12 15 -15 -3
right_child=-2 9 5 8 -6 7 -8 -9 -10 10 12 -13 -14 14 -16 -17
leaf_value=-0.010392497023766427 0.070847002159959011 -0.054088270738729731 -0.058945766677772328 0.051583326803753049 -0.042684011985707648 -0.029781862005745275 0.055851109130371994 0.029346962799479265 -0.0032251671480078847 0.087379093884345463 -0.021141201582737287 0.01352774216061961 0.00054115137672966572 -0.068700975050638644 -0.056840470001700165 -0.062784654311383761
leaf_weight=97.347961526364088 2.9655529260635367 4.1683866707608086 5.6351295327767721 19.26359423995018 79.068160414230078 36.638038029894233 31.655985362827778 31.68640736117959 28.543057560920715 9.2051355410367233 66.35978645645082 47.069004240445793 4840.1356566199102 1.8672267533838751 1.8417303743772206 1.366415850818157
leaf_count=783 7 78 61 43 717 300 76 106 104 30 350 249 25117 15 26 10
internal_value=2.12776e-05 -1.83382e-05 -0.00670148 -0.0155426 -0.0248653 0.0120684 0.0385039 -0.00236005 0.0188598 0.000425015 0.000535466 0.0256081 0.0002479 -0.0588739 -0.0628115 -0.0562352
internal_weight=5304.82 5301.85 329.838 224.223 176.416 105.616 37.2911 68.3244 47.8067 4972.01 4962.77 56.2741 4906.5 9.24376 3.70896 5.5348
internal_count=28072 28065 2190 1647 1500 543 137 406 147 25875 25746 279 25467 129 41 88
is_linear=0
shrinkage=0.05


Tree=157
num_leaves=20
num_cat=0
split_feature=0 4 5 2 0 0 0 2 14 1 3 4 4 4 4 2 14 14 4
split_gain=5.58646 6.20626 8.26762 5.97113 11.8286 9.61467 5.46398 5.74159 4.91933 3.17405 4.9212 4.81807 6.34745 3.4021 2.72693 1.29056 0.119196 0.00118774 7.36006e-05
threshold=0.86755000000000015 0.86815000000000009 0.84735000000000016 1.5000000000000002 0.10475000000000002 0.053100000000000008 0.70710000000000017 4.5000000000000009 14.500000000000002 0.94805000000000017 8.5000000000000018 0.56495000000000017 0.65730000000000011 0.86205000000000009 0.67960000000000009 8.5000000000000018 18.500000000000004 13.500000000000002 0.61935000000000018
decision_type=2 2 2 2 2 2 2 2 2 2 2 2 2 2 2 2 2 2 2
left_child=1 2 3 5 -5 -1 -3 -8 17 10 14 -11 -13 -12 -10 -4 -17 18 -2
right_child=8 6 15 4 -6 -7 7 -9 9 11 13 12 -14 -15 -16 16 -18 -19 -20
leaf_value=-0.0072107469385495129 0.052080137521612495 -0.00085780313628958582 0.020818874945166623 -0.011111262812138024 -5.0332937464070719e-05 0.01415039703556095 -0.0089583413411565803 -0.095484422418139869 0.036672085795193085 -0.060352682855694721 0.037254634352303272 0.043924906001899751 -0.004024053311401034 -0.036568665209890154 0.0011062220336103023 0.068495922815011517 0.053525553921829373 0.053515849982117919 0.051664538789811504
leaf_weight=77.048668452072889 3.3037671446800223 7.3179872706532461 3.6990993954241258 255.00988602172583 4633.4005767472554 166.53861545491964 3.2069194205105305 4.7674472220242023 6.1440603286027899 3.2092112600803366 23.908340532332662 8.0046494454145414 50.109612733125687 1.6696157008409489 43.883187247440219 1.8375145196914671 4.8108688071370125 1.6006697341799734 1.5722872018814085
leaf_count=592 29 29 22 1515 23276 691 23 26 20 13 347 43 616 33 703 4 60 13 17
internal_value=1.94676e-05 -0.000251187 -0.000156603 -0.000246626 -0.00062734 0.00739369 -0.0320567 -0.0606877 0.00975367 0.00773962 0.0145956 -0.000713019 0.00258043 0.0324358 0.00547422 0.0444918 0.0576631 0.0523341 0.0519461
internal_weight=5301.04 5157.64 5142.35 5132 4888.41 243.587 15.2924 7.97437 143.405 136.929 75.6052 61.3235 58.1143 25.578 50.0272 10.3475 6.64838 6.47672 4.87605
internal_count=28072 26238 26160 26074 24791 1283 78 49 1834 1775 1103 672 659 380 723 86 64 59 46
is_linear=0
shrinkage=0.05


Tree=158
num_leaves=15
num_cat=0
split_feature=15 15 2 3 2 12 15 15 15 6 13 13 14 5
split_gain=5.83649 6.0263 19.3508 8.3448 49.6962 17.6744 17.3213 14.334 56.8163 17.2888 5.62974 9.23434 4.91313 2.15319
threshold=11.500000000000002 14.500000000000002 3.5000000000000004 2.5000000000000004 6.5000000000000009 1.0000000180025095e-35 27.500000000000004 20.500000000000004 17.500000000000004 0.29460000000000003 4.5000000000000009 2.5000000000000004 23.500000000000004 0.5082000000000001
decision_type=2 2 2 2 2 2 2 2 2 2 2 2 2 2
left_child=-1 2 10 7 6 -6 -5 8 -3 -9 11 -2 -12 -4
right_child=1 3 13 4 5 -7 -8 9 -10 -11 12 -13 -14 -15
leaf_value=-0.059471170063223722 0.022436833407225899 0.0044466684946617759 -0.099153422465262139 0.023595864898314792 -0.059962352011145026 -0.00072142307099566812 0.00043890294209888959 0.0058527667754116513 -0.02191018119684229 -0.0059916228032291189 0.05069009260392187 -0.02372760131171172 0.0030408728417688946 -0.039402758403906196
leaf_weight=4.1197022646665564 40.639940675348043 442.14811389427632 3.4240187695249906 308.28791538672522 12.649501268751917 2696.9580672874581 109.41189518524334 714.96177407260984 380.36519836541265 541.38520711893216 20.034178696572784 14.76931010186672 7.4111001379787913 2.694156002253294
leaf_count=20 113 1672 21 1098 155 15507 522 3462 2069 3291 41 53 30 18
internal_value=1.88596e-05 6.51438e-05 0.012968 -0.000155365 0.00147673 -0.000997983 0.0175302 -0.00261059 -0.00774186 0.000748781 0.0193045 0.0101317 0.0378233 -0.072842
internal_weight=5299.26 5295.14 88.9727 5206.17 3127.31 2709.61 417.7 2078.86 822.513 1256.35 82.8545 55.4093 27.4453 6.11817
internal_count=28072 28052 276 27776 17282 15662 1620 10494 3741 6753 237 166 71 39
is_linear=0
shrinkage=0.05


Tree=159
num_leaves=28
num_cat=0
split_feature=1 7 3 0 1 14 0 9 14 0 14 0 0 5 15 9 9 5 6 0 6 9 14 14 5 3 0
split_gain=5.58174 11.2685 14.895 15.6953 14.4382 19.7179 16.1556 15.9714 14.1265 10.5701 20.3479 12.0281 10.0433 8.51079 8.25846 6.68238 22.635 17.8019 14.5055 14.2988 12.8613 11.1409 8.08762 7.97587 3.94987 2.24177 2.1386
threshold=0.84810000000000008 0.78910000000000002 7.5000000000000009 0.47675000000000006 0.64405000000000012 16.500000000000004 0.099200000000000024 0.8935439560439562 12.500000000000002 0.63245000000000007 23.500000000000004 0.62680000000000013 0.72475000000000012 0.76830000000000009 30.500000000000004 0.050641025641025607 0.68090909090909102 0.19395000000000004 0.30265000000000003 0.57360000000000011 0.30665000000000003 0.015521751101321552 9.5000000000000018 20.500000000000004 0.29460000000000003 4.5000000000000009 0.79060000000000008
decision_type=2 2 2 2 2 2 2 2 2 2 2 2 2 2 2 2 2 2 2 2 2 2 2 2 2 2 2
left_child=1 2 9 14 5 -3 -7 8 -6 11 -11 -1 -5 -9 -4 18 19 -18 22 -17 25 -22 -2 -19 -24 -20 -21
right_child=15 4 3 12 7 6 -8 13 -10 10 -12 -13 -14 -15 -16 16 17 23 20 26 21 -23 24 -25 -26 -27 -28
leaf_value=-0.00016699454743683266 -0.033787685768473109 0.058204588628848287 0.052205617501976234 -0.0057868765101061247 0.062747563954974911 0.10162267417246813 -0.046363931947551631 -0.00494979597105971 -0.033587121217837468 -0.030429606772558251 0.0016007694123285534 0.049615593874607782 0.074607277915965192 0.018714231677296949 0.0084906302557759029 0.026446833994377934 -0.10576823889435197 -0.0040968331243770081 -0.033168288343578489 -0.064468771565896685 0.0040797457600573487 0.051306223421319436 0.031276613117944725 0.0076448265189730837 0.070134430088055241 -0.091212342848775801 -0.036195823637081924
leaf_weight=3590.9477120772935 4.3762759789824477 5.4892647713422766 34.689413316547871 52.221245075576007 4.0881071016192427 1.9109593629837025 52.825769646558911 108.94602971524 55.04715480748564 84.756208993494511 119.48074956610799 12.174531016498802 4.1969962380826464 58.343002751469612 15.690604350529609 6.7971066012978545 3.7942314743995658 243.51347612217069 3.1031801402568808 18.342642724514011 377.61033186502755 12.914958022534845 44.623822614550591 356.17187330499291 7.6628381460905066 3.5854827910661697 10.527072384953497
leaf_count=17620 16 13 92 224 10 8 1364 575 787 336 506 47 15 343 87 22 17 800 19 178 1834 37 149 2844 21 15 93
internal_value=1.79392e-05 -0.000810228 -0.00010943 0.0183068 -0.0103795 -0.0321375 -0.0411974 -0.00459214 -0.0269274 -0.000626014 -0.0116915 1.21503e-06 0.000193706 0.00330317 0.0385908 0.00320083 -9.36762e-05 0.00219383 0.00784012 -0.038798 0.0044641 0.00564156 0.0315064 0.00287691 0.0369714 -0.064283 -0.0541593
internal_weight=5293.83 4200.81 3914.16 106.798 286.65 60.226 54.7367 226.424 59.1353 3807.36 204.237 3603.12 56.4182 167.289 50.38 1093.02 639.146 603.48 453.877 35.6668 397.214 390.525 56.6629 599.685 52.2867 6.68866 28.8697
internal_count=28072 22027 18927 418 3100 1385 1372 1715 797 18509 842 17667 239 918 179 6045 3954 3661 2091 293 1905 1871 186 3644 170 34 271
is_linear=0
shrinkage=0.05


Tree=160
num_leaves=13
num_cat=0
split_feature=13 13 6 13 7 0 2 4 6 14 4 9
split_gain=5.54462 7.95132 9.05603 6.61767 16.8311 14.6165 10.1777 7.68301 6.97899 5.91857 2.01276 1.27197
threshold=31.500000000000004 27.500000000000004 0.29130000000000006 22.500000000000004 0.48075000000000007 0.17275000000000004 1.5000000000000002 0.18560000000000001 0.098600000000000007 16.500000000000004 0.42645000000000005 0.99975502204801581
decision_type=2 2 2 2 2 2 2 2 2 2 2 2
left_child=1 3 11 7 6 -6 -5 8 -1 -9 -4 -3
right_child=-2 2 10 4 5 -7 -8 9 -10 -11 -12 -13
leaf_value=0.019692202507835009 0.050406834500041055 -0.063415689888123669 -0.028221478595129058 0.033869177313893856 0.069309963859846169 0.014179252599197882 -0.027623962285391025 -0.003025281535653096 -0.040739299806097765 0.0009226384673521774 0.02324576262487053 -0.109583395320793
leaf_weight=6.2082289522513774 5.4534133262932292 3.3816250637173635 3.7025166489183903 8.770253159105776 16.549957424402237 43.948036663234234 28.907472619786859 1256.0901977419853 20.731608223170042 3887.3261131907348 3.9011972025036812 2.6697305142879486
leaf_count=69 18 22 18 39 43 157 142 4955 300 22284 13 12
internal_value=1.64612e-05 -3.55626e-05 -0.0381404 6.31983e-05 0.012923 0.0292609 -0.0133102 -0.000180987 -0.026813 -4.14957e-05 -0.00181545 -0.0837839
internal_weight=5287.64 5282.19 13.6551 5268.53 98.1757 60.498 37.6777 5170.36 26.9398 5143.42 7.60371 6.05136
internal_count=28072 28054 65 27989 381 200 181 27608 369 27239 31 34
is_linear=0
shrinkage=0.05


Tree=161
num_leaves=17
num_cat=0
split_feature=15 15 3 15 0 15 5 15 0 2 2 0 3 6 0 4
split_gain=5.2966 5.52505 17.0582 51.3044 37.5978 33.3421 15.2383 12.3035 34.4829 33.6733 21.9327 10.4616 28.5786 22.1722 9.21742 7.91603
threshold=11.500000000000002 18.500000000000004 1.5000000000000002 17.500000000000004 0.6120000000000001 15.500000000000002 0.24280000000000004 21.500000000000004 0.16530000000000003 2.5000000000000004 1.5000000000000002 0.32390000000000002 6.5000000000000009 0.25870000000000004 0.7974500000000001 0.61310000000000009
decision_type=2 2 2 2 2 2 2 2 2 2 2 2 2 2 2 2
left_child=-1 2 3 5 6 -2 -4 8 10 -10 -3 12 -9 -13 -6 -5
right_child=1 7 4 15 14 -7 -8 11 9 -11 -12 13 -14 -15 -16 -17
leaf_value=-0.057037437769551641 -0.013587585024457069 0.010259061086216889 -0.035528622486755167 -0.048085079326107789 -0.011132786202852088 0.015053117682526887 0.020983625339129109 0.0025144550979567175 0.029439962311523078 -0.0053724986280765195 -0.039588550885335715 -0.021353057432529958 0.046288029833964725 -0.00038411253825358307 0.010202891425418276 0.00044710746191559554
leaf_weight=4.0648502856492987 174.96512602549046 27.811759125441313 12.347648760303853 65.427195181604475 197.75208076648414 242.39749304950237 351.56032628798857 1537.2170900336932 77.288624444045126 686.09149212599732 106.83259551879019 137.22855868190527 38.21384731028229 1549.7051383359358 68.038602882996202 9.6400594832375628
leaf_count=20 634 149 55 413 863 865 1326 8697 236 3756 765 558 139 8973 581 42
internal_value=1.56563e-05 5.95581e-05 0.00317316 -0.00379806 0.00862472 0.00304647 0.0190661 -0.000780235 -0.00596273 -0.0018479 -0.0292922 0.00064634 0.00357623 -0.00208989 -0.00567116 -0.0418526
internal_weight=5286.58 5282.52 1122.13 492.43 629.699 417.363 363.908 4160.39 898.024 763.38 134.644 3262.36 1575.43 1686.93 265.791 75.0673
internal_count=28072 28052 4779 1954 2825 1499 1381 23273 4906 3992 914 18367 8836 9531 1444 455
is_linear=0
shrinkage=0.05


Tree=162
num_leaves=28
num_cat=0
split_feature=1 7 0 1 5 5 3 2 0 0 1 14 14 0 0 7 15 5 0 0 7 2 15 7 2 14 5
split_gain=5.52656 14.0217 17.9045 21.4997 24.7894 16.9419 16.0632 16.2464 13.5598 15.7355 27.7878 17.9685 11.947 21.082 30.1217 22.6415 15.4377 14.6514 14.2387 9.51678 9.35052 8.67556 9.88512 8.09103 6.30637 5.68389 5.58865
threshold=0.8198000000000002 0.82685000000000008 0.63245000000000007 0.80325000000000013 0.24845000000000003 0.71515000000000006 2.5000000000000004 15.500000000000002 0.099200000000000024 0.57360000000000011 0.73505000000000009 19.500000000000004 20.500000000000004 0.62680000000000013 0.8136500000000001 0.73765000000000014 18.500000000000004 0.57735000000000014 0.44060000000000005 0.53450000000000009 0.5152000000000001 10.500000000000002 22.500000000000004 0.41225000000000006 23.500000000000004 34.500000000000007 0.30265000000000003
decision_type=2 2 2 2 2 2 2 2 2 2 2 2 2 2 2 2 2 2 2 2 2 2 2 2 2 2 2
left_child=1 2 3 5 -5 -1 -4 -8 -3 11 -11 -10 13 16 15 -15 18 21 -2 25 -18 23 -23 -14 -21 -19 -16
right_child=12 8 6 4 -6 -7 7 -9 9 10 -12 -13 17 14 26 -17 20 19 -20 24 -22 22 -24 -25 -26 -27 -28
leaf_value=-0.00069282366299021575 0.0036687316408834259 0.10007544602634169 0.071782043162058926 -0.054969174601211292 0.029475765545751521 0.035880832461136422 -0.027883114219805522 0.036180255932024792 0.012137855130062488 0.070582041503249954 -0.013449333840304029 -0.042539279804831444 0.079297527660060096 -0.029729314054596525 0.056039259259340203 0.013338693953207581 0.019142504604736793 -0.091585770657157478 0.05416372422776336 0.00046576169463817714 -0.0037858624825162657 -0.002842246191426501 0.017889516032396583 0.023811916607151085 0.023153766698105982 -0.017497889618223409 0.010187454160534803
leaf_weight=3455.0949764403049 26.655985780060291 2.5081979855895034 4.7194701209664336 9.5177270993590337 100.02464316040277 31.956790825352073 111.92033670004457 10.856376186944543 19.062167219817638 11.800215992145239 59.166818717028946 70.962701983051375 7.1643237471580496 173.43966037593782 7.3636156618595114 37.032460741698742 56.775702588260174 4.0835892856121045 29.313769094645977 417.03655288554728 205.09214949607849 93.024787347763777 150.55215917900205 79.237961366772652 33.056334121152759 7.0719697177410126 68.153209507465363
leaf_count=17799 121 6 10 39 259 91 573 58 57 76 467 1421 15 766 18 117 149 21 74 3661 592 296 421 222 417 29 297
internal_value=1.43804e-05 -0.000954404 -0.000325218 0.000327528 0.0221387 -0.000357647 -0.0187388 -0.0222184 -0.0152856 -0.0170828 0.000523187 -0.0309618 0.00271409 -0.00258253 -0.0124317 -0.0221515 0.00627967 0.00675621 0.0301151 0.00100136 0.00118525 0.0148004 0.00997182 0.0284127 0.00213205 -0.0446184 0.0146584
internal_weight=5282.64 3887.59 3724.09 3596.59 109.542 3487.05 127.496 122.777 163.5 160.992 70.967 90.0249 1395.05 603.827 285.989 210.472 317.838 791.228 55.9698 461.248 261.868 329.979 243.577 86.4023 450.093 11.1556 75.5168
internal_count=28072 20856 18829 18188 298 17890 641 631 2027 2021 543 1478 7216 2134 1198 883 936 5082 195 4128 741 954 717 237 4078 50 315
is_linear=0
shrinkage=0.05


Tree=163
num_leaves=25
num_cat=0
split_feature=7 2 0 4 1 9 1 15 15 1 0 0 5 15 4 14 15 0 13 4 13 14 0 9
split_gain=5.36797 9.20407 14.7462 14.7552 11.9234 32.3453 24.6398 9.31496 16.8302 11.2811 15.5934 10.448 9.85738 8.95178 14.0359 13.0278 8.90133 7.79385 7.13507 20.9096 13.0296 6.58916 5.76091 4.94396
threshold=0.39175000000000004 2.5000000000000004 0.17975000000000002 0.37950000000000006 0.39210000000000006 0.99975502204801581 0.54230000000000012 20.500000000000004 14.500000000000002 0.39210000000000006 0.053100000000000008 0.28280000000000005 0.19640000000000005 38.500000000000007 0.32860000000000006 44.500000000000007 36.500000000000007 1.0000000180025095e-35 3.5000000000000004 0.2839000000000001 4.5000000000000009 15.500000000000002 0.73505000000000009 0.037797619047619059
decision_type=2 2 2 2 2 2 2 2 2 2 2 2 2 2 2 2 2 2 2 2 2 2 2 2
left_child=1 7 3 16 5 -4 -6 8 -1 10 -9 -11 -10 17 21 23 -3 -2 19 -19 -20 -15 -17 -16
right_child=13 2 4 -5 6 -7 -8 9 12 11 -12 -13 -14 14 15 22 -18 18 20 -21 -22 -23 -24 -25
leaf_value=0.046468080389816542 0.057762180901376727 -0.039090403037588727 -0.055784804323010084 0.051593966999341025 -0.041724355184056983 0.12474320066024221 0.006292761085111862 -0.015575290191949585 -0.0058113987469927426 -0.018414547106096271 0.024213072908053371 0.059713213393795705 -0.063693335727569383 0.0072004572630364506 0.055400177884712701 -0.063363755508786729 -0.0025679972029178043 0.093461113693614373 -0.010726032955672232 0.0029890485492459606 -4.4554740506520371e-06 -0.074173805755465186 0.015344924418761841 0.022414176184076363
leaf_weight=7.4718010798096648 5.8870843797922126 74.616247595287859 4.2199548929929716 5.7409030329436055 35.383698897436261 6.0218689143657684 109.07539079152048 32.44135648291558 13.440919999033214 51.937516198027879 102.19678930286318 4.6634298004209986 16.24641103670001 4.7312159836292249 24.149048810824752 4.7738572270609421 21.487335789017379 6.4197365567088118 311.16996846348047 1230.2392869889736 3171.8335819537751 5.246109988540411 4.5316501017659903 21.44850903050974
leaf_count=17 20 729 62 17 288 13 473 323 149 459 444 21 162 14 77 84 112 19 1268 4515 18647 26 46 87
internal_value=1.3603e-05 -0.00499931 -0.0114988 -0.026273 -0.00177244 0.05036 -0.00546851 0.00230115 -0.0206059 0.00675216 0.014626 -0.0119775 -0.0374873 0.000521069 0.0189673 0.0288811 -0.0309245 0.000267808 0.000196092 0.00345871 -0.000962316 -0.0355864 -0.0250337 0.039884
internal_weight=5275.37 484.944 256.545 101.844 154.701 10.2418 144.459 228.398 37.1591 191.239 134.638 56.6009 29.6873 4790.43 64.8804 54.9031 96.1036 4725.55 4719.66 1236.66 3483 9.97733 9.30551 45.5976
internal_count=28072 3269 1694 858 836 75 761 1575 328 1247 767 480 311 24803 334 294 841 24469 24449 4534 19915 40 130 164
is_linear=0
shrinkage=0.05


Tree=164
num_leaves=24
num_cat=0
split_feature=1 7 2 4 6 4 3 13 4 2 4 13 14 7 4 14 13 15 2 14 1 6 1
split_gain=5.03306 9.69429 14.8218 21.2406 14.457 12.8842 12.5956 12.7669 12.2226 12.9841 12.1352 12.0837 10.0586 9.07145 9.06285 8.15383 7.99345 6.81652 8.64546 5.95722 9.38475 8.04268 4.20857
threshold=0.84810000000000008 0.78910000000000002 15.500000000000002 0.69280000000000019 0.59610000000000019 0.70065000000000011 7.5000000000000009 13.500000000000002 0.62770000000000004 10.500000000000002 0.53140000000000009 14.500000000000002 14.500000000000002 0.47690000000000005 0.26140000000000008 24.500000000000004 1.5000000000000002 20.500000000000004 19.500000000000004 20.500000000000004 0.94805000000000017 0.39175000000000004 0.91365000000000018
decision_type=2 2 2 2 2 2 2 2 2 2 2 2 2 2 2 2 2 2 2 2 2 2 2
left_child=1 6 3 11 -4 -5 8 13 9 -1 -9 -3 -10 -8 -2 -6 17 22 -19 20 -18 -21 -16
right_child=14 2 4 5 15 -7 7 10 12 -11 -12 -13 -14 -15 16 -17 19 18 -20 21 -22 -23 -24
leaf_value=-0.00011553581609590382 -0.061138620959717477 -0.034178759572293695 0.11274863011800951 0.054173935386086405 0.058885872746356253 0.00099658463317646591 0.059578603719045137 0.0070365116280740915 -0.016251886495379782 -0.0092809851570285849 -0.075884497053128774 0.014398446853843963 0.017300724109788231 0.017635642286694078 0.043970946227875535 -0.055695205774753245 -0.0079886977733648525 -0.023010730110412714 0.050385916302079038 0.024588019956000837 0.0061252047087784938 0.0039150801771376609 0.010382218625512966
leaf_weight=3181.5980371204205 5.4723354652523986 71.894044234417379 1.4396557174623037 12.324920419137923 1.6422780454158807 150.24632318154909 15.819432459771631 14.453337773680689 26.267142504453659 439.82450679130852 6.3510353639721862 15.575430094962938 149.2859026431106 69.647772892378271 27.237971503287554 28.452296322211623 266.80680024437606 14.682429483160378 5.5207401588559142 52.049671731889248 210.86215656250715 489.5465198867023 14.181244626641272
leaf_count=15399 26 1236 4 98 3 1213 31 48 95 2424 61 127 591 278 77 419 945 61 22 141 749 3961 63
internal_value=1.1917e-05 -0.000775274 -0.00973522 -0.00566134 -0.0420378 0.00502809 -0.000128916 0.0168487 -0.000604094 -0.00122869 -0.0182771 -0.0255288 0.0122804 0.025399 0.0030443 -0.0494425 0.00336924 0.0208565 -0.00295428 0.00231201 -0.00175826 0.00590184 0.0324707
internal_weight=5271.18 4184.82 281.575 250.041 31.5342 162.571 3903.25 106.272 3796.98 3621.42 20.8044 87.4695 175.553 85.4672 1086.36 30.0946 1080.89 61.6224 20.2032 1019.27 477.669 541.596 41.4192
internal_count=28072 22027 3100 2674 426 1311 18927 418 18509 17823 109 1363 686 309 6045 422 6019 223 83 5796 1694 4102 140
is_linear=0
shrinkage=0.05


Tree=165
num_leaves=31
num_cat=0
split_feature=0 1 3 3 6 0 4 7 13 1 1 13 0 3 6 2 13 0 7 6 2 3 12 1 7 7 7 4 9 6
split_gain=5.39383 28.9222 31.4377 18.0068 29.2827 16.289 14.6827 14.5596 14.2761 22.6227 19.4406 15.8977 12.8833 27.6139 16.1674 15.9646 11.572 10.3568 9.8236 8.50738 8.15325 24.3129 17.4392 7.60665 12.3295 7.50084 5.18583 4.37495 3.69887 3.90276
threshold=0.10475000000000002 0.36940000000000006 3.5000000000000004 1.5000000000000002 0.27520000000000006 0.12615000000000001 0.44175000000000003 0.38170000000000009 13.500000000000002 0.41280000000000006 0.25405000000000005 7.5000000000000009 0.16825000000000004 2.5000000000000004 0.20640000000000003 2.5000000000000004 1.5000000000000002 1.0000000180025095e-35 0.55035000000000012 0.23605000000000004 5.5000000000000009 3.5000000000000004 1.0000000180025095e-35 0.20415000000000003 0.46545000000000009 0.61935000000000018 0.48075000000000007 0.47415000000000007 0.99975502204801581 0.32050000000000006
decision_type=2 2 2 2 2 2 2 2 2 2 2 2 2 2 2 2 2 2 2 2 2 2 2 2 2 2 2 2 2 2
left_child=1 3 6 4 7 8 18 -1 9 16 27 -11 13 15 -15 -7 -2 -6 -3 -8 21 -14 -22 26 -25 -12 -5 -10 29 -4
right_child=5 2 28 23 17 12 19 -9 10 11 25 -13 20 14 -16 -17 -18 -19 -20 -21 22 -23 -24 24 -26 -27 -28 -29 -30 -31
leaf_value=-0.002112657764454573 0.051441338701066965 -0.037256449919338401 0.028280057642250084 0.050531275673775126 0.057181463121391718 -0.0040999675141088947 -0.16143222545790253 0.033809609438561233 -0.054085898353313823 -0.034568861531611685 0.042160865643545008 0.0052999415655335461 0.002556857038428131 -0.071167771745183461 0.023230872536611876 -0.024318835413604505 0.011989273721764858 -0.030182428277219078 0.015424273910547379 -0.065869492737320415 -0.059184518419550414 0.037908804973428537 -0.00059829989155139028 -0.023588716756815391 0.029557935695766088 -0.02502380293324958 0.011829479729743866 0.029127515448431243 0.049704399705618331 -0.019957375077121763
leaf_weight=77.079464960377663 22.177576658315957 66.000908143352717 10.715677827596666 27.22849178314209 3.5326080657541743 206.39788174489513 2.7651895135641125 44.487812924198806 7.7500479994341713 45.852111393585801 68.642506135627627 54.992201861925423 1186.1080146206077 4.8095828332006922 79.662501472048461 185.26400165911764 114.80289319530129 85.453826927579939 10.219464994966982 14.762161228805779 12.75989601947367 50.714675294235349 2803.0895151835866 18.175717746838927 27.30932260863483 4.4220437295734873 12.689340107142923 1.9838516078889368 8.4153782948851603 6.8889005631208411
leaf_count=638 92 525 27 85 9 936 15 155 61 246 242 223 4612 26 304 1276 631 636 36 87 166 157 16551 80 119 19 63 10 23 22
internal_value=1.09368e-05 -0.00545489 -0.0261862 0.00293466 -0.00492003 0.000479502 -0.039682 0.0110332 0.0113705 0.00514516 0.0292516 -0.0128277 -0.000291539 -0.00807186 0.0178561 -0.0136639 0.0183767 -0.0267142 -0.0301931 -0.0809459 0.000622544 0.00400643 -0.000863781 0.0222998 0.00832066 0.0380947 0.0382285 -0.0371263 0.022438 0.00940412
internal_weight=5265.15 415.724 119.768 295.957 210.554 4849.43 93.7477 121.567 320.623 237.825 82.7984 100.844 4528.81 476.134 84.4721 391.662 136.98 88.9864 76.2204 17.5274 4052.67 1236.82 2815.85 85.4029 45.485 73.0645 39.9178 9.7339 26.02 17.6046
internal_count=28072 2520 735 1785 1438 25552 663 793 1524 1192 332 469 24028 2542 330 2212 723 645 561 102 21486 4769 16717 347 199 261 148 71 72 49
is_linear=0
shrinkage=0.05


Tree=166
num_leaves=28
num_cat=0
split_feature=0 1 0 15 15 1 14 6 7 0 2 15 15 15 15 1 14 15 15 8 15 9 15 6 1 8 14
split_gain=4.98931 24.7618 16.9176 21.4202 22.1009 23.6612 16.1382 15.9868 12.5847 11.6927 22.3618 18.0797 17.0781 11.5203 20.0587 9.8052 9.12897 8.30297 12.3694 8.45794 7.74108 10.4554 7.3838 5.92824 3.20221 3.12121 0.985022
threshold=0.10620000000000002 0.30600000000000005 0.12615000000000001 37.500000000000007 31.500000000000004 0.74130000000000018 31.500000000000004 0.30070000000000002 0.25225000000000003 0.16825000000000004 3.5000000000000004 34.500000000000007 22.500000000000004 37.500000000000007 38.500000000000007 0.32200000000000006 36.500000000000007 21.500000000000004 19.500000000000004 1.0000000180025095e-35 15.500000000000002 0.98581488933601624 30.500000000000004 0.098600000000000007 0.42585000000000001 1.0000000180025095e-35 20.500000000000004
decision_type=2 2 2 2 2 2 2 2 2 2 2 2 2 2 2 2 2 2 2 2 2 2 2 2 2 2 2
left_child=1 7 3 4 6 -6 -2 8 23 10 12 -12 -4 15 -15 -11 17 18 -3 -19 -9 -22 -10 -1 25 -5 -26
right_child=2 16 9 24 5 -7 -8 20 22 13 11 -13 -14 14 -16 -17 -18 19 -20 -21 21 -23 -24 -25 26 -27 -28
leaf_value=0.037826358950453318 0.017762406807687061 -0.01666624734897745 -0.012063708709974539 0.056275336939365907 -0.048748885154538749 0.092479779277147248 -0.02131772861933335 0.065178144760601381 0.027597199146321329 -0.045119854379424937 -0.041477300514628515 0.013820623708002225 0.0091372509449145871 -0.050254534563104303 0.0030201829190697818 0.001085845366054376 0.067107472880587146 -0.0037733823985539624 -0.078213673050169782 -0.026658770855896297 -0.028939329423724874 0.0057612511783952693 0.0022100053951144365 -0.047925969700071208 0.053604636976268862 -0.0051262105859007706 0.077992548208178317
leaf_weight=2.4957649689167729 198.37867322098464 19.74203591607511 209.15237281424925 3.8103487193584424 26.697847415693108 3.3363452330231658 30.4751350376755 3.2292368263006201 96.983488375321031 11.5150054031983 71.750734846107662 18.616566154174507 174.02093569375575 30.239763855934143 42.501127045834437 3967.2163362307474 3.089034976437687 83.635273003950715 13.91883705742657 78.048643643036485 49.243511378765106 38.820055129937828 40.644228403456509 10.472752988338469 19.908505707979206 4.5305834021419287 5.2275061756372443
leaf_count=25 859 135 998 9 167 12 253 8 461 204 759 113 672 238 288 20756 12 435 132 475 395 205 234 139 53 25 10
internal_value=1.01685e-05 -0.00508445 0.000475832 0.0121327 0.00726598 -0.0330605 0.0125583 0.00565482 0.015663 -0.000277328 -0.00771172 -0.0300854 -0.00243514 0.000591613 -0.0191271 0.00095212 -0.0181755 -0.0195241 -0.0421162 -0.0148207 -0.0108546 -0.0136427 0.0200999 -0.0314231 0.0497685 0.0229236 0.0586766
internal_weight=5257.7 440.323 4817.38 292.365 258.888 30.0342 228.854 241.889 150.596 4525.01 473.541 90.3673 383.173 4051.47 72.7409 3978.73 198.434 195.345 33.6609 161.684 91.2928 88.0636 137.628 12.9685 33.4769 8.34093 25.136
internal_count=28072 2656 25416 1388 1291 179 1112 1467 859 24028 2542 872 1670 21486 526 20960 1189 1177 267 910 608 600 695 164 97 34 63
is_linear=0
shrinkage=0.05


Tree=167
num_leaves=22
num_cat=0
split_feature=2 7 4 13 5 7 1 4 1 4 7 0 5 1 5 1 0 4 3 7 4
split_gain=4.95663 8.64596 5.65056 4.86002 8.81745 18.1599 16.3752 11.6371 11.5566 10.044 8.78102 7.75368 7.63978 15.47 9.12465 4.10255 4.78196 2.31047 1.76561 0.95228 0.0541443
threshold=26.500000000000004 0.77300000000000013 0.79775000000000007 13.500000000000002 0.49020000000000002 0.65645000000000009 0.60990000000000011 0.36090000000000005 0.46050000000000008 0.5202500000000001 0.26205000000000006 0.29060000000000002 0.15710000000000005 0.26795000000000008 0.17715000000000003 0.30600000000000005 0.075950000000000004 0.84735000000000016 15.500000000000002 0.97015000000000018 0.23605000000000004
decision_type=2 2 2 2 2 2 2 2 2 2 2 2 2 2 2 2 2 2 2 2 2
left_child=3 -2 -3 10 7 9 -7 11 -9 -6 15 -5 13 -12 -14 16 -1 19 -19 -4 -17
right_child=1 2 17 4 5 6 -8 8 -10 -11 12 -13 14 -15 -16 20 -18 18 -20 -21 -22
leaf_value=-0.054656209518504896 0.10114004514245752 -0.043432071177520765 0.11035051034106901 -0.0057307271788993438 -0.0064165190337590137 -0.042192244974850024 0.0094363956276663722 -0.0086790755900951512 0.015547311527798636 -0.046094304308555351 0.063738780557906563 0.013906381754625233 -0.020620088948325899 -0.0001763411398608989 -0.00054818733848442192 -0.056337779721876639 0.0089322430261395361 -0.01495990996289218 0.051821698593736781 0.047507534297406132 -0.067629329290328513
leaf_weight=4.6275631682947305 3.2271108031272879 3.6030320003628722 0.74368417263030862 227.47797483159229 29.609801255166531 17.251141673186794 139.97836516611278 58.043733723461628 324.0183716956526 34.572472600266337 13.906776860356329 64.527410287410021 57.391291542910039 29.655721756629646 4219.6912659215741 7.9329297742806357 8.18785422015935 3.0224030911922455 1.4716644715517757 3.1826840955764055 1.2256949245929716
leaf_count=94 5 20 1 1325 174 402 703 449 1165 317 62 236 352 235 22148 138 69 68 22 79 8
internal_value=8.79604e-06 0.0284723 0.00896826 -7.40748e-05 0.00327983 -0.00537713 0.00377173 0.00612339 0.0118668 -0.0277894 -0.000765674 -0.00139131 -0.000605332 0.0202278 -0.000817519 -0.0322929 -0.0140291 0.0313899 0.00690895 0.0594105 -0.0578489
internal_weight=5253.35 15.2506 12.0235 5238.1 895.479 221.412 157.23 674.067 382.062 64.1823 4342.62 292.005 4320.65 43.5625 4277.08 21.974 12.8154 8.42044 4.49407 3.92637 9.15862
internal_count=28072 195 190 27877 4771 1596 1105 3175 1614 491 23106 1561 22797 297 22500 309 163 170 90 80 146
is_linear=0
shrinkage=0.05


Tree=168
num_leaves=15
num_cat=0
split_feature=15 15 2 15 3 0 2 15 3 3 0 0 13 7
split_gain=4.8626 5.54493 17.9664 8.32591 55.1978 34.1253 11.9207 11.6369 14.7727 8.45234 6.40816 8.84919 2.03064 1.44991
threshold=11.500000000000002 14.500000000000002 3.5000000000000004 15.500000000000002 1.5000000000000002 0.39500000000000007 4.5000000000000009 16.500000000000004 1.0000000180025095e-35 2.5000000000000004 0.49390000000000006 0.28280000000000005 2.5000000000000004 0.74835000000000018
decision_type=2 2 2 2 2 2 2 2 2 2 2 2 2 2
left_child=-1 2 10 4 5 -3 -6 8 -5 -9 11 -2 -12 -4
right_child=1 3 13 7 6 -7 -8 9 -10 -11 12 -13 -14 -15
leaf_value=-0.05494935906473606 0.033394501495529735 -0.014975379557680499 -0.091753732994588666 -0.020989218187150799 0.047301855108264262 -0.078442585140391097 0.0018234513498460996 -0.0031691535015834094 0.014253150915782695 0.0012216036340307931 0.062458178712847513 -0.0037830893584282843 0.026853811532916778 -0.042056742486271309
leaf_weight=4.0218518227338782 27.382548838853836 72.806782937608659 3.4919933173805466 33.76459420658648 32.922901064157486 29.868351973593235 25.623118231073022 1733.3929434521124 249.16487292014062 2981.0953935945872 9.0649158544838446 38.52496013045311 7.1739421039819709 2.5316669978201389
leaf_count=20 71 303 22 203 100 124 124 9299 919 16704 21 118 27 17
internal_value=7.89044e-06 5.0017e-05 0.0124831 -0.000162485 -0.011346 -0.0334381 0.0273979 0.000198307 0.0100474 -0.000392762 0.018595 0.0116631 0.046729 -0.0708667
internal_weight=5250.83 5246.81 88.17 5158.64 161.221 102.675 58.546 4997.42 282.929 4714.49 82.1464 65.9075 16.2389 6.02366
internal_count=28072 28052 276 27776 651 427 224 27125 1122 26003 237 189 48 39
is_linear=0
shrinkage=0.05


Tree=169
num_leaves=30
num_cat=0
split_feature=9 9 9 9 1 0 6 14 13 14 6 9 9 4 0 1 4 3 13 13 2 1 13 0 9 2 2 0 4
split_gain=4.85928 56.9908 17.3496 39.7887 12.6026 29.5668 23.9356 25.6278 21.933 20.799 15.4316 14.3415 18.5532 16.8694 13.9773 16.6405 13.2696 11.9219 11.345 10.5097 9.90845 8.83705 7.73808 7.69745 5.08485 4.61949 4.9382 2.22145 0.000674799
threshold=0.86736111111111125 0.20060362173038235 0.19836704593341761 0.10535714285714286 0.41805000000000009 0.14405000000000004 0.34000000000000002 31.500000000000004 13.500000000000002 28.500000000000004 0.27000000000000007 0.99635195974576296 0.99005568379481257 0.36090000000000005 0.10620000000000002 0.30600000000000005 0.50945000000000007 1.0000000180025095e-35 3.5000000000000004 1.0000000180025095e-35 1.5000000000000002 0.20415000000000003 23.500000000000004 0.033900000000000007 0.50092936802973986 2.5000000000000004 7.5000000000000009 0.12390000000000002 0.36475000000000007
decision_type=2 2 2 2 2 2 2 2 2 2 2 2 2 2 2 2 2 2 2 2 2 2 2 2 2 2 2 2 2
left_child=1 2 3 18 6 8 14 16 9 -6 -10 12 -7 -13 15 -2 -8 24 -1 -16 -9 -5 23 -19 27 -4 -27 -3 -26
right_child=4 17 25 21 5 11 7 20 10 -11 -12 13 -14 -15 19 -17 -18 22 -20 -21 -22 -23 -24 -25 28 26 -28 -29 -30
leaf_value=0.0064829016901325563 0.0176633368112806 0.021652425599860955 -0.012774797862005673 0.049084012773113965 -0.033201773223185641 0.0099806906698132435 -0.0086537765235385929 0.036552490133943606 -0.013959255356677223 0.050527482525654754 0.035298246616658029 -0.013828339150873996 0.065467131714234739 0.0022777792369000171 0.087098408794150831 -0.029019090814246556 0.029368925327700076 0.062438136374023179 -0.0015389132181698991 0.025945860878681948 -0.041378078764100955 -0.047008306477705313 0.030377223823423113 -0.042263163197581853 -0.051653952038094947 0.069144632224502262 0.027247988546622939 0.083585073028845325 -0.054004083955673646
leaf_weight=606.22046349197626 66.695823533460498 3.3970844661816946 4.4934396520256987 2.5079831629991522 137.11189318075776 79.7835324248299 48.173704920336604 4.4666318967938414 38.989862725138664 7.8411473110318175 26.849959634244442 177.46262652426958 18.572642117738724 1938.1838047839701 7.3955210968852034 26.744559690356255 43.817694697529078 1.7832035645842541 1614.8570057479665 140.58024006150663 46.972097097896039 52.005024024751037 3.9695757590234271 112.69800243806094 1.1961810872890053 10.630752563476564 20.782710680738091 2.5234166476875544 0.41018180921673764
leaf_count=2444 303 43 18 19 655 438 223 21 173 24 78 597 33 8581 17 165 211 4 9346 473 577 752 29 2662 50 37 81 9 9
internal_value=7.67856e-06 -0.00162594 0.00015891 -0.000385229 0.00142491 9.0835e-05 0.00983049 -0.00634702 -0.0178027 -0.0286725 0.00612831 0.00179446 0.0204582 0.000926781 0.0194419 0.00430187 0.00945734 -0.0343753 0.000650559 0.0290021 -0.0346111 -0.0425874 -0.0382526 -0.0406323 0.0266427 0.0346436 0.0414264 0.0480492 -0.0522541
internal_weight=5247.12 2437.48 2311.5 2275.59 2809.64 2424.8 384.846 143.43 210.793 144.953 65.8398 2214 98.3562 2115.65 241.416 93.4404 91.9914 125.978 2221.08 147.976 51.4387 54.513 118.451 114.481 7.52686 35.9069 31.4135 5.9205 1.60636
internal_count=28072 15503 12697 12561 12569 10579 1990 1032 930 679 251 9649 471 9178 958 468 434 2806 11790 490 598 771 2695 2666 111 136 118 52 59
is_linear=0
shrinkage=0.05


Tree=170
num_leaves=17
num_cat=0
split_feature=13 3 15 0 1 15 15 9 0 1 7 5 14 3 7 14
split_gain=4.73792 4.98475 18.7692 25.5789 15.9651 13.7546 22.921 22.4627 12.8441 11.6392 10.5187 8.34071 8.22985 8.75091 1.68294 0.0262008
threshold=32.500000000000007 1.0000000180025095e-35 28.500000000000004 0.28280000000000005 0.41280000000000006 30.500000000000004 37.500000000000007 0.99975502204801581 0.32990000000000003 0.15585000000000002 0.25225000000000003 0.15710000000000005 29.500000000000004 2.5000000000000004 0.39735000000000004 28.500000000000004
decision_type=2 2 2 2 2 2 2 2 2 2 2 2 2 2 2 2
left_child=1 2 3 4 -1 7 -7 -4 -5 12 15 -12 14 -14 -3 -11
right_child=-2 9 5 8 -6 6 -8 -9 -10 10 11 -13 13 -15 -16 -17
leaf_value=-0.010048260966725349 0.064481174003410954 0.034795238863100271 -0.058555255719380112 0.049780164500729307 -0.041013714757314024 -0.026787656926065245 0.032687803636097121 0.051959900400167902 -0.0033396377447375762 -0.053725570293721749 0.020129029409176429 4.2625683129930654e-05 -0.018537207488571333 0.048337529017936365 0.073505455477044082 -0.059772718858439371
leaf_weight=95.62574627250433 2.8477544188499442 4.127941131591796 5.3808367839083067 19.056409083306789 73.711009903810918 39.080783106386662 27.668069444596767 31.598896153271198 28.248428225517273 2.7630870058201245 52.241720462217927 4823.1791409519501 11.496654949150981 8.5148578882217389 8.7791852541267854 5.0927099245600402
leaf_count=783 7 16 61 54 717 331 75 76 93 62 268 25325 84 27 30 63
internal_value=5.71502e-06 -2.93481e-05 -0.00607241 -0.0144466 -0.0235273 0.0114175 -0.00213448 0.0358791 0.0180593 0.000364456 0.000164708 0.000257858 0.0299958 0.00991786 0.0611252 -0.0576458
internal_weight=5239.41 5236.57 320.37 216.642 169.337 103.729 66.7489 36.9797 47.3048 4916.2 4883.28 4875.42 32.9186 20.0115 12.9071 7.8558
internal_count=28072 28065 2190 1647 1500 543 406 137 147 25875 25718 25593 157 111 46 125
is_linear=0
shrinkage=0.05


Tree=171
num_leaves=15
num_cat=0
split_feature=2 7 4 13 13 6 9 4 6 13 4 2 9 7
split_gain=4.59385 7.83925 5.11819 4.44928 7.29729 8.15573 6.94977 5.5421 6.39023 5.88645 2.20416 1.46855 0.982623 0.778356
threshold=26.500000000000004 0.77300000000000013 0.79775000000000007 31.500000000000004 27.500000000000004 0.29130000000000006 0.99095075080809059 0.20460000000000003 0.16785000000000003 22.500000000000004 0.84735000000000016 30.500000000000004 0.99975502204801581 0.97015000000000018
decision_type=2 2 2 2 2 2 2 2 2 2 2 2 2 2
left_child=3 -2 -3 4 7 12 -7 8 -1 -9 13 -12 -6 -4
right_child=1 2 10 -5 5 6 -8 9 -10 -11 11 -13 -14 -15
leaf_value=-0.0030843289693133157 0.09721459717377999 -0.041611910679493852 0.1040599404831145 0.045695413919113609 -0.062648797540786089 -0.053125886354701252 0.043271664805632437 -0.00010364123641140634 -0.042599484778875943 0.012632640896587541 -0.026315825249650999 0.031590854311188139 -0.10376685309433542 0.047163992580200931
leaf_weight=27.619261195417494 3.188600242137908 3.5232755169272414 0.74914300441741799 5.3043448626995078 3.229504216462372 3.5572713874280453 3.9413086697459221 5065.5032433047891 16.251415310893208 92.375435309484601 1.928839588537812 2.5323794111609459 2.6413636952638626 3.0420620627701283
leaf_count=364 5 20 1 18 22 19 12 26866 209 355 41 49 12 79
internal_value=4.97388e-06 0.0276686 0.00883704 -7.43236e-05 -0.000120876 -0.0370133 -0.00245863 -2.60563e-05 -0.0177223 0.00012446 0.0303756 0.00655449 -0.0811482 0.0584066
internal_weight=5235.39 14.9643 11.7757 5220.42 5215.12 13.3694 7.49858 5201.75 43.8707 5157.88 8.25242 4.46122 5.87087 3.79121
internal_count=28072 195 190 27877 27859 65 31 27794 573 27221 170 90 34 80
is_linear=0
shrinkage=0.05


Tree=172
num_leaves=23
num_cat=0
split_feature=6 15 6 2 4 14 0 1 13 1 2 1 15 1 3 2 2 0 15 4 0 0
split_gain=4.47756 6.97404 7.01725 18.993 18.1055 17.3369 11.6379 8.77409 5.39361 2.87438 3.2479 4.26192 4.01321 4.96134 2.23178 4.28591 2.79494 5.27045 1.8375 1.30706 1.09394 0.676683
threshold=0.98650000000000004 11.500000000000002 0.59610000000000019 18.500000000000004 0.68870000000000009 45.500000000000007 0.12615000000000001 0.92980000000000007 2.5000000000000004 0.9215500000000002 23.500000000000004 0.97400000000000009 21.500000000000004 0.94030000000000014 5.5000000000000009 12.500000000000002 16.500000000000004 0.84415000000000007 32.500000000000007 0.75975000000000004 0.91780000000000006 0.78760000000000008
decision_type=2 2 2 2 2 2 2 2 2 2 2 2 2 2 2 2 2 2 2 2 2 2
left_child=1 -1 3 4 -3 6 -4 -7 -5 14 12 20 19 -14 15 18 21 -18 -2 -11 -12 -16
right_child=9 2 5 8 -6 7 -8 -9 -10 10 11 -13 13 -15 16 -17 17 -19 -20 -21 -22 -23
leaf_value=-0.072213835739048285 0.0094372544201507882 -0.00019698828274592687 0.039819003335953868 0.073876172670562401 0.029989706428161275 -0.048553366938344035 -0.004051367180287738 0.022464411643495417 0.024396512119899252 -0.0011251184888234585 0.050641916207604477 -0.10098515789862871 -0.028257824214820898 0.0028305491364309689 0.056790857014989121 -0.04373870582784025 -0.042554667021084867 0.024604529536338179 0.053255852990972463 0.019153541938561384 0.020224928677086175 0.033101381963626476
leaf_weight=3.3665160387754431 40.129225602373481 4242.874817477772 15.476543992757795 6.2374804541468611 50.261388255283237 31.048892776481807 651.09389754105359 5.057633861899375 47.070623368956149 12.439389014616607 4.6429674513637993 0.63956688344478685 21.984206963330507 30.831557558849454 3.8621205165982273 3.7447756100445977 3.7392814382910755 13.354425789788364 2.5441693887114516 21.998790989629924 8.1354823159053904 13.735237142071126
leaf_count=17 531 19810 66 13 172 467 4389 12 153 215 133 5 328 517 32 27 38 307 23 427 179 211
internal_value=4.67043e-06 -0.000272716 -0.000224749 0.000524725 0.000156419 -0.00486066 -0.00303278 -0.0386055 0.030186 0.00771443 0.00207093 0.0249725 -0.0014509 -0.0101098 0.0147191 0.00754898 0.024313 0.00991333 0.0120497 0.0118287 0.0312767 0.0383005
internal_weight=5234.27 5052.49 5049.12 4346.44 4293.14 702.677 666.57 36.1065 53.3081 181.781 100.672 13.418 87.2539 52.8158 81.1092 46.4182 34.6911 17.0937 42.6734 34.4382 12.7784 17.5974
internal_count=28072 25099 25082 20148 19982 4934 4455 479 166 2973 1804 317 1487 845 1169 581 588 345 554 642 312 243
is_linear=0
shrinkage=0.05


Tree=173
num_leaves=27
num_cat=0
split_feature=0 3 0 15 15 7 15 4 5 4 15 6 14 2 2 6 7 2 5 0 3 3 14 5 4 2
split_gain=4.46396 23.2739 14.321 18.3258 16.3524 25.0721 18.9268 11.7917 17.6896 11.4785 10.643 10.2675 12.8516 13.2891 13.0697 10.5501 15.4157 9.90864 7.92188 4.60766 3.92771 3.8806 1.90567 1.4202 0.739372 0.0556256
threshold=0.10475000000000002 4.5000000000000009 0.12615000000000001 37.500000000000007 31.500000000000004 0.53000000000000014 29.500000000000004 0.44175000000000003 0.57735000000000014 0.26570000000000005 16.500000000000004 0.18300000000000002 19.500000000000004 4.5000000000000009 2.5000000000000004 0.18635000000000004 0.31665000000000004 1.0000000180025095e-35 0.15710000000000005 0.087600000000000011 1.0000000180025095e-35 3.5000000000000004 28.500000000000004 0.28035000000000004 0.55845000000000011 2.5000000000000004
decision_type=2 2 2 2 2 2 2 2 2 2 2 2 2 2 2 2 2 2 2 2 2 2 2 2 2 2
left_child=1 7 3 4 6 -6 -2 10 17 -5 20 12 13 -4 -14 21 -17 -9 -12 -10 -1 -13 24 -11 25 -3
right_child=2 22 11 9 5 -7 -8 8 19 23 18 15 14 -15 -16 16 -18 -19 -20 -21 -22 -23 -24 -25 -26 -27
leaf_value=0.012740099458159494 0.0031442548181903917 0.055924821559786814 -0.047732942014773301 -0.017398149606848729 -0.054266763442836222 0.045212203344958235 0.035819711462237301 0.064302368949633287 0.062130639453051785 0.06254198114910868 0.013573816198920858 0.023076527236693813 0.041590365393295727 0.043660659345474043 -0.015375995283746445 -0.051096133940359001 8.4828275102241614e-05 -0.042930867336359743 -0.0089979712538528177 -0.010052700292100205 0.075982243937072369 0.077523010740956438 0.021525915502152014 0.035596242132060509 0.033616475308745536 0.062678259920696769
leaf_weight=4.5298652835190278 191.64707188075408 7.2587118558585697 36.377937767654657 6.265578554943203 23.326970753259957 8.6946854749694449 57.648144643753767 2.2467994391918173 5.9823075085878354 23.832087561488155 45.583848613779992 8.7649878282099944 13.731566617265342 4.465711932629346 37.744525166694075 14.762013797182588 4384.5814297937322 52.295962769538164 263.99848951399326 3.506693871691823 5.3601760864257812 5.2226693928241721 6.8859271854162207 6.1523681776598087 3.8143777772784224 5.2574723958969116
leaf_count=22 1043 33 259 29 158 32 181 8 17 59 387 32 54 34 235 159 23241 306 1662 23 10 14 23 22 17 12
internal_value=4.84604e-06 -0.00502555 0.000429037 0.0106915 0.00637983 -0.0272557 0.0107003 -0.00796841 -0.027552 0.0441516 -0.00404328 -0.000294277 -0.0167972 -0.0377403 -0.000179865 5.09359e-05 -8.69096e-05 -0.0385136 -0.00567443 0.035455 0.0470159 0.0434056 0.0435864 0.0570131 0.0528884 0.0587616
internal_weight=5229.94 406.721 4823.22 317.567 281.317 32.0217 249.295 383.504 64.0318 36.25 319.472 4505.65 92.3197 40.8436 51.4761 4413.33 4399.34 54.5428 309.582 9.489 9.89004 13.9877 23.2165 29.9845 16.3306 12.5162
internal_count=28072 2520 25552 1524 1414 190 1224 2435 354 110 2081 24028 582 293 289 23446 23400 314 2049 40 32 46 85 81 62 45
is_linear=0
shrinkage=0.05


Tree=174
num_leaves=31
num_cat=0
split_feature=4 0 0 7 9 7 4 13 1 7 4 3 4 1 13 0 13 6 4 4 1 6 0 1 2 0 7 7 4 9
split_gain=4.34893 14.0775 20.0378 19.8463 15.6366 25.559 20.9108 15.2491 15.0409 13.1881 24.3726 20.6836 19.4955 19.4677 19.3455 33.9994 14.7382 12.9528 11.2781 10.6433 10.0503 9.95987 8.80415 7.42005 7.09978 19.3543 14.0333 5.30447 3.33428 0.607064
threshold=0.36090000000000005 0.40970000000000006 0.22795000000000001 0.54205000000000003 0.011892857142857103 0.46545000000000009 0.24590000000000004 1.5000000000000002 0.40310000000000007 0.53695000000000015 0.52975000000000005 1.5000000000000002 0.51900000000000002 0.79705000000000015 3.5000000000000004 0.60235000000000005 19.500000000000004 0.29460000000000003 0.29820000000000008 0.51805000000000001 0.91365000000000018 0.52110000000000012 0.75380000000000014 0.40310000000000007 2.5000000000000004 0.25965000000000005 0.68800000000000006 0.5122000000000001 0.30165000000000003 0.99975502204801581
decision_type=2 2 2 2 2 2 2 2 2 2 2 2 2 2 2 2 2 2 2 2 2 2 2 2 2 2 2 2 2 2
left_child=1 2 3 8 6 -6 -4 28 -1 10 12 24 19 27 15 -13 -16 22 -19 -2 -15 -14 -9 -5 26 -26 -11 -12 -3 -30
right_child=9 7 4 23 5 -7 -8 17 -10 11 13 14 21 20 16 -17 -18 18 -20 -21 -22 -23 -24 -25 25 -27 -28 -29 29 -31
leaf_value=-0.00090262237225118024 0.0039899697961641193 -0.016079839779630362 -0.053789530762992449 0.095955741652977156 -0.014824630363585271 0.039123586417831945 0.02759358126239005 -0.036999915278906913 -0.016925080233839148 -0.01994797357847778 0.040221176934371383 0.018618475649288015 -0.08734869169754847 -0.060655034820682241 -0.0026710177585701302 -0.0065732232084294365 0.018054465300863062 -0.052949969071824081 0.0096191236251751498 0.061021861923565006 0.030809208663503042 -0.0024735697306030409 0.048602167887160728 0.02562981502492051 -0.015969396948962811 0.016503650614459391 0.006224365360281571 0.081884689632328783 -0.071284065254922868 -0.096073442228197359
leaf_weight=392.10016258945689 1198.8195808716118 2.5679211728274813 8.4068486839532834 5.2953921426087645 92.438529618084431 28.793462600558996 129.13241328671575 47.017618080601096 233.81693923939019 258.62232051789761 13.922269619069995 347.42736052535474 8.7896323669701797 5.6247828602790815 1760.1022677686997 217.96161900088191 90.172611389774829 8.1991724055260402 59.222191816195846 8.236686032265423 6.4445254057645798 5.6966440901160231 3.2087018042802802 12.85822358727455 111.17212050431408 78.13410103879869 63.864740515127778 16.929145496338606 7.7911147363483888 3.6158891767263412
leaf_count=2678 4833 13 63 16 457 96 546 240 1487 990 34 1155 39 21 12408 916 350 39 207 16 16 21 9 42 707 309 262 38 49 15
internal_value=4.62952e-06 -0.00289879 -0.000671712 -0.00539321 0.0110799 -0.00201154 0.0226192 -0.018175 -0.00688796 0.000721123 0.00498837 -0.00112204 0.00368716 0.0420214 0.000812452 0.00890689 -0.00166097 -0.0123095 0.00201004 0.00437914 -0.0118168 -0.053972 -0.0315312 0.0461438 -0.0102528 -0.0025665 -0.0147649 0.0630833 -0.0675542 -0.079142
internal_weight=5226.38 1034.46 902.842 644.071 258.771 121.232 137.539 131.623 625.917 4191.92 1264.46 2927.46 1221.54 42.9207 2415.66 565.389 1850.27 117.648 67.4214 1207.06 12.0693 14.4863 50.2263 18.1536 511.793 189.306 322.487 30.8514 13.9749 11.407
internal_count=28072 5957 5385 4223 1162 553 609 572 4165 22115 5018 17097 4909 109 14829 2071 12758 495 246 4849 37 60 249 58 2268 1016 1252 72 77 64
is_linear=0
shrinkage=0.05


Tree=175
num_leaves=31
num_cat=0
split_feature=15 3 15 15 4 1 0 0 0 1 1 0 15 0 5 1 3 5 1 0 3 6 14 15 1 7 4 0 7 3
split_gain=4.28065 14.353 44.4047 31.8064 33.3601 31.5691 31.1287 26.0728 15.6644 28.9597 13.6913 21.5502 10.4193 27.5357 14.6312 18.698 10.8572 26.4587 23.0904 10.8143 23.8005 19.3989 16.1918 27.8786 18.5443 8.42876 6.21757 5.90611 5.77819 3.75234
threshold=18.500000000000004 1.5000000000000002 17.500000000000004 15.500000000000002 0.48050000000000004 0.79705000000000015 0.6120000000000001 0.23605000000000004 0.15830000000000002 0.54230000000000012 0.84415000000000007 0.73205000000000009 21.500000000000004 0.16530000000000003 0.22085000000000002 0.48215000000000002 4.5000000000000009 0.27075000000000005 0.69635000000000014 0.29680000000000006 6.5000000000000009 0.29680000000000006 22.500000000000004 26.500000000000004 0.8136500000000001 0.5152000000000001 0.62320000000000009 0.29480000000000001 0.41105000000000008 2.5000000000000004
decision_type=2 2 2 2 2 2 2 2 2 2 2 2 2 2 2 2 2 2 2 2 2 2 2 2 2 2 2 2 2 2
left_child=1 2 3 4 -1 28 8 -5 26 -10 25 -12 13 14 29 -16 18 -18 -15 20 21 -14 23 -21 -24 -8 -3 -22 -4 -2
right_child=12 6 5 7 -6 -7 10 -9 9 -11 11 -13 19 16 15 -17 17 -19 -20 22 27 -23 24 -25 -26 -27 -28 -29 -30 -31
leaf_value=0.0094307403842638516 -0.05630950638726652 0.053151866105327288 -0.0048721069396523509 -0.0049470665869916254 -0.034162037075266598 0.043343412643470421 0.018651842178486307 0.028471265643924933 -0.021803291344705211 0.019874136466397612 0.039573869724274589 -0.0057317755385216211 0.008001348113836947 0.0024555536165957073 -0.0014905434831071654 -0.044611026505689801 0.056428542759761273 0.0010085674299265658 -0.021248322948699449 -0.017837566917127883 0.038135940041869383 -0.0038274000300362269 -0.0039840054172586587 0.0052857806646653569 0.0084793878674951449 -0.030920143050465199 0.011481333393379339 0.10264928866876966 -0.057794066455720841 -0.1323530186011217
leaf_weight=83.386942811310291 22.646703411825005 38.165662933140993 5.6738162254914632 100.42492097243667 92.649588453583419 9.8492205813527089 9.9698066972196084 139.36001752316952 49.660947823431343 259.36818945873529 31.383921533823013 160.37076056003571 792.6806982010603 252.45301176700741 62.775673050433397 41.933360503986478 23.148473046720028 309.28326591989025 173.24089880473912 345.44679741561413 28.239527869038284 615.93132815510035 720.73263149964623 209.34138078615069 509.39215791318566 61.289117829874158 11.694570504128931 4.0573831200599662 56.706107607111335 1.7474250942468632
leaf_count=281 233 117 67 510 369 28 36 355 347 868 93 1011 3780 1473 433 240 56 1735 728 1199 113 4238 4987 649 3395 308 49 6 360 8
internal_value=3.82551e-06 0.00275929 -0.00365899 0.00262673 -0.0135125 -0.0398457 0.00779616 0.0144753 0.0173725 0.0131766 -0.00527098 0.00168327 -0.000739767 -0.00553832 -0.0268836 -0.0187592 -0.00190338 0.00486767 -0.007191 0.000580026 0.00380213 0.0028291 -0.00202109 -0.0091123 0.00117706 -0.0239845 0.0433782 0.0462406 -0.0529805 -0.0617567
internal_weight=5223 1109.95 488.051 415.821 176.037 72.2291 621.903 239.785 358.889 309.029 263.014 191.755 4113.05 887.229 129.103 104.709 758.126 332.432 425.694 3225.82 1440.91 1408.61 1784.91 554.788 1230.12 71.2589 49.8602 32.2969 62.3799 24.3941
internal_count=28072 4799 1970 1515 650 455 2829 865 1381 1215 1448 1104 23273 4906 914 673 3992 1791 2201 18367 8137 8018 10230 1848 8382 344 166 119 427 241
is_linear=0
shrinkage=0.05


Tree=176
num_leaves=30
num_cat=0
split_feature=4 0 15 0 14 7 0 13 0 8 7 4 3 13 0 1 4 13 15 15 4 1 6 14 1 5 5 1 0
split_gain=4.28536 12.5533 19.879 17.9607 18.5211 17.7802 14.976 16.3995 14.3999 13.5234 11.7848 21.8613 17.4695 17.7059 30.0672 17.3913 17.3122 12.7472 10.4823 14.9447 9.4762 9.03003 8.97836 7.35851 6.508 5.11833 4.23336 3.81554 0.365902
threshold=0.36090000000000005 0.40970000000000006 30.500000000000004 0.22795000000000001 11.500000000000002 0.54205000000000003 0.71200000000000008 1.5000000000000002 0.12615000000000001 1.0000000180025095e-35 0.53695000000000015 0.52975000000000005 1.5000000000000002 3.5000000000000004 0.60235000000000005 0.79705000000000015 0.51900000000000002 19.500000000000004 12.500000000000002 15.500000000000002 0.51650000000000007 0.91365000000000018 0.52110000000000012 22.500000000000004 0.40310000000000007 0.36980000000000007 0.27815000000000006 0.71715000000000007 0.52040000000000008
decision_type=2 2 2 2 2 2 2 2 2 2 2 2 2 2 2 2 2 2 2 2 2 2 2 2 2 2 2 2 2
left_child=1 3 6 5 -5 8 7 -3 -1 -6 11 16 18 14 -14 23 20 -15 25 -20 -2 -17 -18 -13 -7 -12 28 -28 -4
right_child=10 2 26 4 9 24 -8 -9 -10 -11 12 15 13 17 -16 21 22 -19 19 -21 -22 -23 -24 -25 -26 -27 27 -29 -30
leaf_value=-0.00022048154075438267 0.0037538545176513654 -0.074716108027145373 -0.075414418650816481 -0.084066062903773914 0.023330624530592949 0.089400569082642517 0.048285281610996843 -0.0076025966042791706 -0.015603371686296131 0.00025521050843733891 0.060419302608187175 0.04631162087542031 0.017681350884362183 -0.0025594257322982955 -0.0060224237337685943 -0.057438201464869693 -0.082704908018356851 0.016749085351881438 -0.027503243920992265 -0.0061212767212875316 0.051299222762059574 0.029524658661775217 -0.0020341302317063298 0.10415820170254134 0.024014901938101633 -0.0089795394072210138 -0.079593743342925474 -0.018031593537952965 -0.09442291867738617
leaf_weight=361.86843766411766 1195.2872463352978 10.157191462814806 7.2577785179018992 5.0950961485505095 131.79224745929241 5.4035651758313206 10.492289483547209 87.641435692086816 262.48374491743743 122.51818992197514 7.8633846491575223 23.637081533670429 345.46913229674101 1757.8685910729691 218.32948635704815 5.6161908954381925 8.748137020505963 89.847210295964032 103.14020126871765 393.50834585959092 10.572610281407831 6.3719209730625153 5.6940638534724703 7.1638116464018813 12.868682060390709 4.0125687196850777 3.7817942816764099 7.5251988135278225 3.8878530487418175
leaf_count=2434 4825 61 38 26 583 16 25 384 1731 553 21 52 1155 12408 916 21 39 350 399 1833 24 16 21 20 42 15 20 27 17
internal_value=3.47514e-06 -0.00288087 -0.0173601 -0.000782187 0.0103226 -0.00526481 -0.00848257 -0.0145729 -0.0066876 0.0122137 0.000715591 0.00475072 -0.00102984 0.000746092 0.00850213 0.0398791 0.00351897 -0.00162053 -0.00945165 -0.0105617 0.00417072 -0.0112157 -0.0508992 0.0597658 0.0433511 0.0369713 -0.0601775 -0.038622 -0.082045
internal_weight=5215.9 1032.77 130.744 902.03 259.406 642.624 108.291 97.7986 624.352 254.31 4183.13 1263.09 2920.04 2411.51 563.799 42.789 1220.3 1847.72 508.525 496.649 1205.86 11.9881 14.4422 30.8009 18.2722 11.876 22.4526 11.307 11.1456
internal_count=28072 5957 572 5385 1162 4223 470 445 4165 1136 22115 5018 17097 14829 2071 109 4909 12758 2268 2232 4849 37 60 72 58 36 102 47 55
is_linear=0
shrinkage=0.05


Tree=177
num_leaves=28
num_cat=0
split_feature=0 3 1 5 0 15 15 1 15 7 0 7 4 15 6 1 6 3 4 15 4 15 5 0 5 7 15
split_gain=4.32505 23.0612 24.994 15.7772 15.3404 18.7293 18.8431 21.4632 13.0172 10.462 8.7321 36.2912 33.3955 8.72716 7.78532 17.5353 10.1299 7.56985 7.9408 7.55662 7.06228 6.93704 1.66417 2.27785 0.939474 0.81347 0.0816788
threshold=0.10620000000000002 4.5000000000000009 0.30600000000000005 0.30070000000000002 0.12615000000000001 37.500000000000007 31.500000000000004 0.74130000000000018 27.500000000000004 0.25225000000000003 0.15300000000000002 0.52240000000000009 0.40240000000000004 35.500000000000007 0.18300000000000002 0.41280000000000006 0.18635000000000004 3.5000000000000004 0.44175000000000003 28.500000000000004 0.26570000000000005 15.500000000000002 0.32860000000000006 0.090300000000000005 0.23845000000000002 0.41445000000000004 27.500000000000004
decision_type=2 2 2 2 2 2 2 2 2 2 2 2 2 2 2 2 2 2 2 2 2 2 2 2 2 2 2
left_child=1 2 3 9 5 6 8 -8 -2 -1 11 13 -13 -6 15 -12 -16 18 -4 -19 -7 -5 23 24 -3 -22 -24
right_child=4 22 17 21 10 20 7 -9 -10 -11 14 12 -14 -15 16 -17 -18 19 -20 -21 25 -23 26 -25 -26 -27 -28
leaf_value=-0.030647310560152709 0.003671029394047252 0.028566581059399972 -0.019846367020913587 0.060318774161816441 -0.031808180354317893 -0.005117553373688976 -0.046224625214286302 0.088727349646652298 0.02925379131014031 0.017467086646935217 0.025470082945291746 0.063926252133067379 -0.0018778806439567861 0.0032935386171129358 0.045578072480534047 -0.029930740494172145 0.00042970200438322481 0.023743219763800553 -0.048155037987257517 -0.043518113257083338 0.071543052819385416 -0.016542184234350287 0.056003701360911456 0.0015730391078976936 0.058919421511280851 0.052535264833431218 0.065602276328409356
leaf_weight=12.349845353513954 152.70263229543343 4.5474941954016703 126.11141992500052 3.0449896529316893 119.62643923657015 5.2508730422705439 25.727408807724718 3.3273399695754042 73.732549736276269 132.65626501943916 19.217472873628139 23.555378368124366 106.24292563274503 20.783954718150198 12.461457608267663 55.626441045664251 4136.997504054103 15.96539790928364 30.827775940299034 5.6547880396246901 8.1127130985260028 81.745905812829733 4.6530770212411863 4.1069411635398856 5.8018649220466614 18.384575231000781 4.2322068884968758
leaf_count=164 824 17 916 8 821 24 167 12 288 673 108 69 525 88 39 337 22041 39 163 21 16 585 20 15 24 57 11
internal_value=2.84275e-06 -0.00479015 -0.00755306 0.00335097 0.000435556 0.0116381 0.00713734 -0.03077 0.0120014 0.0133693 -0.000280381 -0.00899435 0.010064 -0.0266123 0.00027701 -0.0157056 0.000565289 -0.021586 -0.0254071 0.00615093 0.0478571 -0.013782 0.0435464 0.0330796 0.0455824 0.0583549 0.0605757
internal_weight=5213.45 431.698 408.356 229.797 4781.75 287.238 255.49 29.0547 226.435 145.006 4494.51 270.209 129.798 140.41 4224.3 74.8439 4149.46 178.559 156.939 21.6202 31.7482 84.7909 23.3416 14.4563 10.3494 26.4973 8.88528
internal_count=28072 2656 2569 1430 25416 1388 1291 179 1112 837 24028 1503 594 909 22525 445 22080 1139 1079 60 97 593 87 56 41 73 31
is_linear=0
shrinkage=0.05


Tree=178
num_leaves=30
num_cat=0
split_feature=9 9 9 9 2 3 1 0 15 6 15 3 15 15 4 7 7 0 1 15 1 4 0 4 15 2 2 2 5
split_gain=4.65705 53.5897 15.3056 37.1629 12.4504 11.0659 10.9883 25.8231 23.9855 20.1773 18.64 17.6321 16.8057 16.3832 15.7064 19.7105 14.3344 12.6947 14.0053 10.739 8.33786 7.36931 6.53369 4.55811 4.38698 4.19519 4.53858 1.43964 0.000251875
threshold=0.86736111111111125 0.20060362173038235 0.19836704593341761 0.10535714285714286 4.5000000000000009 1.0000000180025095e-35 0.41805000000000009 0.14405000000000004 37.500000000000007 0.34000000000000002 17.500000000000004 1.5000000000000002 37.500000000000007 38.500000000000007 0.50945000000000007 0.59175000000000011 0.46545000000000009 0.10620000000000002 0.30600000000000005 34.500000000000007 0.20415000000000003 0.23605000000000004 0.033900000000000007 0.30665000000000003 30.500000000000004 2.5000000000000004 7.5000000000000009 1.5000000000000002 0.19395000000000004
decision_type=2 2 2 2 2 2 2 2 2 2 2 2 2 2 2 2 2 2 2 2 2 2 2 2 2 2 2 2 2
left_child=1 2 3 4 -1 23 9 8 10 17 -8 -10 19 -14 16 -16 -11 18 -2 -9 -5 -19 -7 28 -24 -4 -27 -25 -3
right_child=6 5 25 20 -6 22 7 12 11 14 -12 -13 13 -15 15 -17 -18 21 -20 -21 -22 -23 24 27 -26 26 -28 -29 -30
leaf_value=0.004780695757908582 0.015886170072108501 -0.051162129566515127 -0.013176894471947951 0.04646622153747848 -0.0027758844000076912 0.059465089544155907 0.035484454679643569 0.0014020764934689683 0.047561955585935227 0.013977100115669007 -0.027709308781833114 -0.059906494354590556 -0.07061476138735362 -0.0028248193801230742 0.080073599240510829 0.0012952050680720539 -0.032088570597755349 -0.019038750635240798 -0.027119832301344567 0.016205013633151587 -0.046383126623769831 0.029893352568497275 -0.04371422821671439 0.069379537558665202 -0.017547421431048146 0.065097426977061043 0.025173005367975967 0.018762917463399024 -0.052473039571421555
leaf_weight=981.1369533771649 66.188096463680267 0.821332805790006 4.4321000277996054 2.5403692424297324 1226.510813976638 1.7026203647255886 12.545791134238241 2037.987272656057 21.201097920536998 23.326042545959353 166.99485604092479 4.6545739769935599 15.640270583331583 20.720079222694039 9.5788697125390154 46.409952953923494 61.180796846747398 8.1437623612582666 26.514871433377266 130.35651354584843 50.150823628529906 139.46939089521766 93.251021885545924 3.1343925632536411 19.339907351182774 10.789333606138827 20.921979462727904 2.5457293456420302 0.66156359389424324
leaf_count=4396 303 47 18 19 7394 4 51 8990 60 101 797 22 86 103 24 500 407 60 165 470 752 430 2149 16 542 37 81 30 18
internal_value=2.52245e-06 -0.0016037 0.000108157 -0.000408012 0.000582459 -0.0339712 0.00139409 0.000146995 -0.0168095 0.00928676 -0.0232935 0.0282153 0.00172671 -0.0319844 -0.00576565 0.014773 -0.0193733 0.0180868 0.00358561 0.002292 -0.0419066 0.0271938 -0.0377494 0.0263147 -0.0392195 0.0323884 0.0387567 0.0466941 -0.051747
internal_weight=5208.85 2417.94 2296.48 2260.34 2207.65 121.457 2790.91 2410.1 205.396 380.812 179.541 25.8557 2204.7 36.3603 140.496 55.9888 84.5068 240.316 92.703 2168.34 52.6912 147.613 114.294 7.16302 112.591 36.1434 31.7113 5.68012 1.4829
internal_count=28072 15503 12697 12561 11790 2806 12569 10579 930 1990 848 82 9649 189 1032 524 508 958 468 9460 771 490 2695 111 2691 136 118 46 65
is_linear=0
shrinkage=0.05


Tree=179
num_leaves=24
num_cat=0
split_feature=1 7 1 14 9 0 14 4 6 4 7 15 14 0 4 1 13 0 14 9 15 0 6
split_gain=4.36482 8.6039 13.471 17.3736 13.9256 13.1576 12.6976 10.8181 11.068 12.7027 9.97186 15.9535 9.87067 8.71251 8.21332 8.02581 7.21936 6.94845 16.0703 12.2574 6.70202 8.74092 6.0054
threshold=0.84810000000000008 0.78910000000000002 0.64405000000000012 16.500000000000004 0.8935439560439562 0.099200000000000024 12.500000000000002 0.62770000000000004 0.59610000000000019 0.58380000000000021 0.64350000000000007 24.500000000000004 43.500000000000007 0.54695000000000016 0.26140000000000008 0.34890000000000004 1.5000000000000002 0.62680000000000013 20.500000000000004 0.99823781843474813 20.500000000000004 0.73505000000000009 0.36035000000000006
decision_type=2 2 2 2 2 2 2 2 2 2 2 2 2 2 2 2 2 2 2 2 2 2 2
left_child=1 7 3 -3 6 -5 -4 8 9 -1 11 -9 -12 -6 -2 -10 20 19 -19 -18 21 -16 -22
right_child=14 2 4 5 13 -7 -8 10 15 -11 12 -13 -14 -15 16 -17 17 18 -20 -21 22 -23 -24
leaf_value=-0.00094691538515379601 -0.06027145917743653 0.054056195170427312 0.061467931720942663 0.088967933652324416 -0.016068549933587632 -0.045160219529664085 -0.031757574661646228 -0.075065285885048849 0.050412494181429818 0.014413083661511889 0.016930495657815743 0.039964146161215748 -0.055902915970636381 0.010387188419473038 0.069480409864543333 -0.025313202575616242 0.018041308096952278 -0.011564024671807753 0.0046767408660434093 -0.0014049174193632807 0.039295856922709371 0.017404643583393695 -0.021429950497638392
leaf_weight=3458.4502433871385 5.1312947124242774 5.4147767871618262 3.9281788393855086 1.8993431665003289 41.723513543605804 48.969483497086912 52.046351335011423 7.8590904958546144 3.7079928526654831 140.05369864916429 166.21588421892375 4.8895709626376629 4.7857823288068166 122.45782995782793 11.02912202477455 62.07549486681819 159.5414856672287 228.05841440148652 458.64019544702023 164.6760378330946 5.715768754482272 29.911785993725061 14.151101013645528
leaf_count=17077 26 13 10 8 288 1364 787 35 29 566 605 15 98 630 29 502 456 976 3874 490 13 111 70
internal_value=1.0349e-06 -0.000739065 -0.00925932 -0.0310888 -0.00367854 -0.0401521 -0.0252152 -0.000126977 -0.000720646 -0.000349105 0.0117118 -0.0309474 0.0148921 0.00366397 0.0028357 -0.0210448 0.00313785 0.00213138 -0.000716955 0.00816421 0.0198702 0.0314334 -0.00395892
internal_weight=5201.33 4124.48 276.439 56.2836 220.156 50.8688 55.9745 3848.04 3664.29 3598.5 183.75 12.7487 171.002 164.181 1076.86 65.7835 1071.72 1010.92 686.699 324.218 60.8078 40.9409 19.8669
internal_count=28072 22027 3100 1385 1715 1372 797 18927 18174 17643 753 50 703 918 6045 531 6019 5796 4850 946 223 140 83
is_linear=0
shrinkage=0.05


Tree=180
num_leaves=31
num_cat=0
split_feature=1 5 14 13 7 0 6 13 3 6 2 14 3 6 3 1 12 2 0 5 0 0 13 7 3 7 4 7 7 0
split_gain=4.17673 27.761 32.193 19.3285 16.6504 20.4402 18.0165 16.6418 15.3263 13.8115 14.5274 22.6422 35.0767 32.6524 14.5301 21.157 13.8405 13.8384 12.103 12.0814 12.024 11.8702 11.642 11.5522 11.1285 10.1705 7.96632 6.92404 6.70978 3.55573
threshold=0.54230000000000012 0.31850000000000006 30.500000000000004 14.500000000000002 0.5192500000000001 0.30495000000000005 0.23295000000000002 1.5000000000000002 4.5000000000000009 0.21780000000000002 6.5000000000000009 30.500000000000004 2.5000000000000004 0.58745000000000014 3.5000000000000004 0.57790000000000008 1.0000000180025095e-35 2.5000000000000004 0.30690000000000001 0.21485000000000001 0.12615000000000001 0.23860000000000003 1.0000000180025095e-35 0.43560000000000004 4.5000000000000009 0.42740000000000006 0.48935000000000006 0.35385000000000005 0.70680000000000009 0.32990000000000003
decision_type=2 2 2 2 2 2 2 2 2 2 2 2 2 2 2 2 2 2 2 2 2 2 2 2 2 2 2 2 2 2
left_child=1 4 8 23 5 21 -7 22 26 17 11 12 -11 -13 15 -12 -16 19 -10 29 25 -1 -6 -4 -5 -19 -3 -22 -9 -2
right_child=9 2 3 24 7 6 -8 28 18 10 14 13 -14 -15 16 -17 -18 20 -20 -21 27 -23 -24 -25 -26 -27 -28 -29 -30 -31
leaf_value=-0.00061826098407540605 -0.051488530822094848 -0.010283486492689077 -0.0037072010651193702 -0.012055846764922232 0.010641076124212306 0.0068711857719617256 -0.075891079129494068 0.022665260025978178 0.057499717821201737 0.00014927002588746799 0.079456774968489019 0.061255803242483531 0.027563126871540514 0.0004137240127472712 -0.058775417822181757 0.0086618741931352265 -0.00074241011026989151 -0.021599740611923792 -0.03647584695817626 0.048368083913464123 0.026925522919164543 0.017609762759504263 -0.059976931003743739 -0.040255370578881455 0.040490229876960417 0.051390875755195013 0.0030927173515804874 -0.013564477107992801 0.075545917950137043 -0.00065788689450795208
leaf_weight=563.31763209309429 33.287062586285174 231.08098209742457 25.762207975611091 68.371065397048369 13.330820292234421 11.145696539431812 16.03761375322938 130.73497493937612 17.516747880727056 741.92523253709078 13.176935042720286 44.390863755717874 138.46277883648872 43.820693785324693 10.318664027843623 53.004383824300021 2374.568837956991 6.8955420851707485 4.2591992467641822 3.7122550234198561 11.450760876759885 106.14236762188375 10.381225802004337 134.49965366208926 11.817829707637427 15.501244112849234 214.754549337551 135.5097439661622 6.2871483862400046 3.8370620235800734
leaf_count=3412 265 1170 222 754 40 38 81 410 63 2544 68 119 369 417 103 287 12828 58 24 13 82 411 44 2672 97 40 874 540 13 14
internal_value=7.79085e-07 -0.00215801 -0.0094849 -0.0243526 0.00389288 0.000545956 -0.0419569 0.0183989 -0.00183976 0.000931792 0.00169644 0.0068806 0.00446078 0.0310314 -0.000352203 0.0227574 -0.000993501 -0.0115084 0.0391189 -0.0376349 -0.00520864 0.00227178 -0.0202758 -0.0343802 -0.00431187 0.0289185 -0.0038403 -0.0104096 0.0250916 -0.0462348
internal_weight=5195.3 1565.44 708.062 240.451 857.377 696.643 27.1833 160.734 467.611 3629.86 3419.67 968.6 880.388 88.2116 2451.07 66.1813 2384.89 210.194 21.7759 40.8364 169.357 669.46 23.712 160.262 80.1889 22.3968 445.836 146.961 137.022 37.1241
internal_count=28072 10325 5876 3745 4449 3942 119 507 2131 17747 16735 3449 2913 536 13286 355 12931 1012 87 292 720 3823 84 2894 851 98 2044 622 423 279
is_linear=0
shrinkage=0.05


Tree=181
num_leaves=28
num_cat=0
split_feature=7 15 15 5 15 0 2 2 15 0 7 14 14 14 5 6 15 0 0 6 13 0 13 13 5 5 0
split_gain=4.24855 7.20207 35.3735 12.6511 11.4308 17.4687 12.5245 9.54776 16.8613 9.78967 8.4966 9.46497 7.10224 9.02515 9.21129 9.36513 8.20066 6.82852 6.80981 9.52751 9.04894 5.4567 5.349 4.41358 2.22201 5.12388 0.0772934
threshold=0.39175000000000004 34.500000000000007 33.500000000000007 0.27520000000000006 32.500000000000007 0.29680000000000006 4.5000000000000009 2.5000000000000004 38.500000000000007 0.15705000000000005 0.70680000000000009 37.500000000000007 13.500000000000002 14.500000000000002 0.23355000000000004 0.13670000000000002 14.500000000000002 0.66145000000000009 0.15705000000000005 0.56695000000000018 19.500000000000004 0.40825000000000006 13.500000000000002 25.500000000000004 0.23355000000000004 0.27520000000000006 0.24780000000000005
decision_type=2 2 2 2 2 2 2 2 2 2 2 2 2 2 2 2 2 2 2 2 2 2 2 2 2 2 2
left_child=12 2 4 7 6 -6 -2 8 -3 -9 21 -12 23 14 15 -14 -15 -18 20 -20 -5 -4 -16 24 26 -26 -1
right_child=1 3 10 18 5 -7 -8 9 -10 -11 11 -13 13 16 22 -17 17 -19 19 -21 -22 -23 -24 -25 25 -27 -28
leaf_value=-0.054886367281040918 0.0032960795837014079 -0.032269557053884429 -0.042414653399203653 -0.036691853705175206 -0.015486575329680674 0.036181592419291982 -0.0022135003481139159 0.056838660734498642 0.038023617093487637 0.019047225985734412 0.071701733886173166 -0.031797175385958429 0.063958671271232809 0.050152633149929397 0.036671234627545846 -0.034075665263261251 -0.0061219983680684889 0.059625075873353799 0.011782825238216464 -0.013854663273523821 0.024383480401683737 -0.085107948124333241 0.12597124059358311 0.026742619964365319 0.027127110700178453 -0.066731750953907751 -0.067654593347515377
leaf_weight=9.7730306391604298 1748.3295965818688 20.06478844769299 24.48176793474704 24.070681974291801 24.022973212879151 51.276704368181527 2515.7016234472394 22.691285260021687 14.841235324740408 70.001955561339855 2.9089887142181388 9.1793973536696267 3.9042217954993266 6.7207506895065299 3.6390490792691699 6.4784937100484967 424.43223219877109 3.9863312244415274 116.28192347800359 52.644683624850586 8.1073099896311742 10.779762669466434 3.1100466307252645 2.5903787016868582 3.0037347860634318 2.8184780329465866 1.3488732501864422
leaf_count=200 6869 91 210 144 172 312 15135 58 49 193 10 173 28 14 18 77 2848 10 569 712 31 75 16 11 16 23 8
internal_value=-2.00322e-07 0.000452434 -8.24683e-05 0.00759091 0.00038655 0.0196978 4.55267e-05 0.0199055 -0.00238252 0.0282986 -0.0430651 -0.00689086 -0.00452398 -0.00324905 0.0323477 0.00278827 -0.00465052 -0.00551024 -0.000222562 0.0037931 -0.0213038 -0.0554664 0.0778215 -0.0340418 -0.0433344 -0.0183091 -0.0564349
internal_weight=5187.19 4715.38 4386.68 328.704 4339.33 75.2997 4264.03 127.599 34.906 92.6932 47.3499 12.0884 471.806 452.271 17.1318 10.3827 435.139 428.419 201.105 168.927 32.178 35.2615 6.7491 19.5345 16.9441 5.82221 11.1219
internal_count=28072 24803 22956 1847 22488 484 22004 391 140 251 468 183 3269 3011 139 105 2872 2858 1456 1281 175 285 34 258 247 39 208
is_linear=0
shrinkage=0.05


Tree=182
num_leaves=30
num_cat=0
split_feature=1 2 3 15 2 3 0 1 15 1 7 7 1 15 14 5 0 0 7 15 0 15 1 3 7 14 7 7 14
split_gain=4.22072 11.5034 33.5542 18.2633 54.9236 20.0482 11.1208 19.3842 9.86246 19.2219 11.7105 23.2636 11.6509 9.22263 8.75083 16.7938 15.1723 22.9997 25.2429 15.8295 12.4944 11.6976 12.3275 12.2669 11.3414 8.09001 7.71351 6.57531 0.468753
threshold=0.8198000000000002 9.5000000000000018 4.5000000000000009 24.500000000000004 8.5000000000000018 5.5000000000000009 0.63245000000000007 0.8136500000000001 37.500000000000007 0.79060000000000008 0.43825000000000008 0.40865000000000007 0.60990000000000011 29.500000000000004 24.500000000000004 0.58500000000000008 0.62680000000000013 0.8136500000000001 0.73765000000000014 18.500000000000004 0.44060000000000005 21.500000000000004 0.90550000000000008 5.5000000000000009 0.53425000000000011 26.500000000000004 0.89040000000000019 0.8993000000000001 29.500000000000004
decision_type=2 2 2 2 2 2 2 2 2 2 2 2 2 2 2 2 2 2 2 2 2 2 2 2 2 2 2 2 2
left_child=1 2 6 5 -5 -4 13 -8 10 28 11 -3 -12 -1 16 21 19 18 -18 20 -2 22 -16 -23 -21 -17 -27 -19 -10
right_child=14 8 3 4 -6 -7 7 -9 9 -11 12 -13 -14 -15 15 25 17 27 -20 24 -22 23 -24 -25 -26 26 -28 -29 -30
leaf_value=-0.0020845572490604974 0.0037540753059267479 -0.015722785431399971 0.018908421193915378 0.034658464416382415 -0.032738785375166314 0.062306818235116884 0.01275104008418297 -0.039367764010147827 -0.08524807133630935 0.079720401638973148 -0.025407045143045006 0.040726917448627935 -0.0051873094251287883 0.0051923025172749904 -0.008501071329579956 0.05113102562429761 -0.023782843802166411 0.017900191557727638 0.017470798661110686 0.015959816205176027 0.049951426839998404 0.046613240542428699 0.030986410133683136 0.015878981035495832 -0.005262647663903601 -0.0096024232624414858 0.0045584373942325895 -0.030944054695070063 -0.060652443475927603
leaf_weight=2199.9473687654827 26.52116397768259 35.499396470375359 120.2659104494378 63.512071170844138 57.681781062390655 34.172889310866594 28.401348417624831 47.976198730990291 2.2668821606785086 2.724431484937667 82.112621552078053 37.564234143123031 538.25389944948256 542.86299280030653 67.139048386365175 7.7329139895737162 211.54144322313368 76.93187166005373 44.962823763489723 89.178606204688549 32.659528493881226 47.283165864646435 28.011077590286732 103.60282599180937 214.06420716643333 149.26933650672436 270.3000964988023 7.5679581072181454 13.318814842496066
leaf_count=11463 122 194 521 225 355 101 150 221 11 15 1213 142 3066 2950 217 25 889 296 138 241 88 112 91 307 626 696 3312 56 229
internal_value=-5.03227e-07 -0.000858573 0.000459563 0.0171099 0.00258098 0.0285112 -0.00116834 -0.0199871 -0.00659015 -0.0428109 -0.00563374 0.0132997 -0.00786362 -0.000644305 0.00237194 0.00644628 -0.00152813 -0.00909845 -0.0165515 0.00559479 0.0292486 0.0168526 0.00312358 0.0255102 0.000978522 0.000454457 -0.000479542 0.0135256 -0.0642298
internal_weight=5183.33 3806.56 3094.82 275.633 121.194 154.439 2819.19 76.3775 711.74 18.3101 693.43 73.0636 620.367 2742.81 1376.77 673.338 703.428 341.004 256.504 362.424 59.1807 246.036 95.1501 150.886 303.243 427.302 419.569 84.4998 15.5857
internal_count=28072 20856 15986 1202 580 622 14784 371 4870 255 4615 336 4279 14413 7216 4760 2456 1379 1027 1077 210 727 308 419 867 4033 4008 352 240
is_linear=0
shrinkage=0.05


Tree=183
num_leaves=22
num_cat=0
split_feature=2 4 4 15 3 15 15 2 15 15 3 2 2 15 6 9 4 13 4 3 2
split_gain=4.21966 6.44436 6.91817 4.25313 12.8337 40.2905 27.9373 23.7198 21.9885 8.98142 22.3795 41.6034 20.5089 8.25149 8.21912 18.1578 16.6435 7.12695 2.08999 1.72144 0.2745
threshold=26.500000000000004 0.73745000000000005 0.79775000000000007 18.500000000000004 1.5000000000000002 17.500000000000004 15.500000000000002 4.5000000000000009 17.500000000000004 21.500000000000004 4.5000000000000009 9.5000000000000018 1.5000000000000002 15.500000000000002 0.41065000000000002 0.020151515151515153 0.36090000000000005 1.5000000000000002 0.84735000000000016 15.500000000000002 27.500000000000004
decision_type=2 2 2 2 2 2 2 2 2 2 2 2 2 2 2 2 2 2 2 2 2
left_child=3 -2 -3 4 5 6 -1 13 -9 10 12 -12 -5 -6 16 -16 -11 -7 20 -20 -4
right_child=1 2 18 9 7 17 -8 8 -10 14 11 -13 -14 -15 15 -17 -18 -19 19 -21 -22
leaf_value=-0.012617684223395875 0.080775076648166577 -0.066167847687759504 0.073601390768864974 0.024023748402920798 0.04265763869168232 -0.0061641499821806604 0.013697801252805298 -0.008620042364229509 0.013792975785448677 -0.0032612993585056111 0.041216274517489215 -0.0036815226867921054 -0.014147693217207508 0.017066936544284986 -0.01166290394207295 0.0012398656749003762 0.0063283034568210944 -0.046336873745538604 -0.015141063422835867 0.051938977936134813 0.045498701260752318
leaf_weight=175.12377185467631 4.0185713842511168 2.505672983825205 1.5443018618971112 37.800012190826237 41.612565256655216 13.730599164031444 237.81793356034905 245.44563466776162 197.46928061358631 750.9388926262036 63.844371367245913 268.95294421073049 509.4087109672837 129.61715867463499 390.62257113214582 903.00415831897408 1138.3638249132782 56.347039904911071 3.009781351312995 1.4018845744431017 1.9869012851268051
leaf_count=650 8 17 24 170 131 61 865 1286 948 4440 244 1554 2938 464 3109 6569 4054 394 68 22 56
internal_value=-2.41774e-07 0.0269654 0.00626981 -7.58439e-05 0.00268651 -0.00341116 0.00253771 0.00748227 0.00137258 -0.000821796 -0.00529268 0.00493174 -0.0115109 0.023286 0.000414299 -0.00265625 0.00251674 -0.0384657 0.0291211 0.0061748 0.0577889
internal_weight=5174.57 14.4671 10.4485 5160.1 1097.16 483.019 412.942 614.145 442.915 4062.94 880.006 332.797 547.209 171.23 3182.93 1293.63 1889.3 70.0776 7.94287 4.41167 3.5312
internal_count=28072 195 187 27877 4799 1970 1515 2829 2234 23078 4906 1798 3108 595 18172 9678 8494 455 170 90 80
is_linear=0
shrinkage=0.05


Tree=184
num_leaves=27
num_cat=0
split_feature=0 3 0 15 15 7 15 13 5 15 7 14 0 2 3 15 15 15 2 9 7 14 5 0 0 2
split_gain=4.09165 17.412 11.7955 14.5426 13.8521 22.3193 14.9676 9.39354 9.3297 11.6289 8.84843 10.7214 7.95718 20.9247 23.1392 16.1473 9.11127 16.7238 8.40734 7.92606 3.18469 2.13539 2.13094 1.39592 0.635813 0.037724
threshold=0.10475000000000002 4.5000000000000009 0.12615000000000001 37.500000000000007 31.500000000000004 0.53000000000000014 29.500000000000004 1.5000000000000002 0.15710000000000005 24.500000000000004 0.46050000000000008 26.500000000000004 0.16825000000000004 3.5000000000000004 2.5000000000000004 34.500000000000007 37.500000000000007 38.500000000000007 5.5000000000000009 0.9952997555223817 0.36090000000000005 28.500000000000004 0.32690000000000002 0.11585000000000002 0.091750000000000012 2.5000000000000004
decision_type=2 2 2 2 2 2 2 2 2 2 2 2 2 2 2 2 2 2 2 2 2 2 2 2 2 2
left_child=1 7 3 4 6 -6 -2 10 9 -9 11 -1 13 14 -4 -15 18 -18 -14 -10 -5 24 -12 -22 25 -3
right_child=2 21 12 20 5 -7 -8 8 19 -11 22 -13 16 15 -16 -17 17 -19 -20 -21 23 -23 -24 -25 -26 -27
leaf_value=0.014565097734101235 0.0032191077094821173 0.05453645653487308 -0.0072630514733558332 0.0098905791928443083 -0.052016063018130554 0.043276539857253445 0.032357972376040926 0.057322688569652648 -0.014802189945928985 9.2290711198151558e-05 -0.1184158336536799 -0.056481610001680831 0.0042729643532056164 -0.039982724129882075 0.025014436023015663 0.013132515423424779 -0.046261420192844717 0.0030705863683673455 -0.00074774550717179649 0.0015488543779929066 0.026146172870355807 0.015753802578818327 -0.061290904804170931 0.054524541340673249 0.0336924381557894 0.060621135590473753
leaf_weight=11.107548106461769 188.48250786075369 5.564162667840721 303.42670276621357 6.5734825208783141 22.169061932712797 8.5009888773784024 57.519391935318708 12.512005129829047 181.65577646484599 30.545253707095981 2.814367849379777 10.173868248239158 1200.1762156216428 67.666610490065068 67.961627550423145 18.145797960460186 29.26823551254347 41.59524763841182 2731.5013145830017 125.19376934599131 5.44262173958123 6.2802458703517905 3.8876071516424417 21.261669022962451 3.9396554604172698 4.6981787085533142
leaf_count=73 1043 34 1473 28 158 32 181 84 1240 282 14 66 4686 759 197 113 238 288 16274 648 19 23 28 63 16 12
internal_value=-2.93364e-07 -0.00486835 0.000406295 0.00983806 0.00608194 -0.0256033 0.0100323 -0.00730199 -0.00507265 0.0167229 -0.0351778 -0.0193997 -0.000249208 -0.00649819 -0.00135648 -0.028751 0.000464598 -0.0173047 0.000784867 -0.00813101 0.0410665 0.0400314 -0.0852794 0.0487407 0.0507672 0.0573221
internal_weight=5168.06 398.372 4769.69 309.95 276.672 30.6701 246.002 377.89 349.907 43.0573 27.9834 21.2814 4459.74 457.201 371.388 85.8124 4002.54 70.8635 3931.68 306.85 33.2778 20.4822 6.70198 26.7043 14.202 10.2623
internal_count=28072 2520 25552 1524 1414 190 1224 2435 2254 366 181 139 24028 2542 1670 872 21486 526 20960 1888 110 85 42 82 62 46
is_linear=0
shrinkage=0.05


Tree=185
num_leaves=22
num_cat=0
split_feature=1 4 7 1 9 3 0 1 4 0 7 13 4 13 15 0 3 4 5 5 15
split_gain=4.03067 7.94442 7.52238 12.3621 12.6483 11.4393 10.392 9.77595 9.38144 9.59289 8.89281 8.42821 7.64819 6.46035 6.29671 8.22397 6.29227 5.72414 8.43509 2.14907 3.13786
threshold=0.84810000000000008 0.26140000000000008 0.78910000000000002 0.64405000000000012 0.8935439560439562 9.5000000000000018 0.099200000000000024 0.67265000000000008 0.62770000000000004 0.54695000000000016 0.64350000000000007 6.5000000000000009 0.78980000000000017 1.5000000000000002 20.500000000000004 0.73505000000000009 9.5000000000000018 0.26570000000000005 0.21380000000000002 0.40865000000000007 30.500000000000004
decision_type=2 2 2 2 2 2 2 2 2 2 2 2 2 2 2 2 2 2 2 2 2
left_child=2 -2 5 6 7 8 -4 -5 9 -1 -10 -6 -8 14 15 -3 -16 -15 -19 -7 -21
right_child=1 13 3 4 11 19 12 -9 10 -11 -12 -13 -14 17 16 -17 -18 18 -20 20 -22
leaf_value=0.00013890738909212814 -0.060237737473630273 0.068146243506966311 0.085377236674222992 0.020819096597365847 0.027691043885857775 0.075336396142327178 -0.042795884462374534 -0.03419934095038351 -0.029467115157376458 -0.0075438528344286314 0.013923153832028546 -0.0018124650898513599 0.0088107132035888588 0.073868752294155876 -0.019865003278498154 0.016800355929245014 0.046643453450875672 -0.036323009364257954 0.0024278917250713915 0.064404064830805394 -0.0012785206590339244
leaf_weight=3162.071570681408 4.9856750816106787 10.591600000858305 1.8791572153568257 9.851130106020717 29.548609044402838 4.6444670259952527 43.616055640624836 44.752902999520302 12.706954594701527 466.21348367678002 167.00551191857085 133.88552024960518 8.5940112257376295 2.7687711119651786 15.06088217534125 29.572167135775089 4.6555622965097418 14.245559267699717 988.59660320077091 3.6630934104323387 3.610602063126862
leaf_count=16194 26 29 8 98 91 10 1338 699 50 1945 691 827 39 5 63 111 20 52 5739 11 26
internal_value=-4.96671e-07 0.00273106 -0.00071507 -0.00874697 -0.00343912 -0.000142884 -0.0301434 -0.0242734 -0.000295957 -0.000848283 0.0108552 0.00352172 -0.0343012 0.0030257 0.0189807 0.0303408 -0.00416064 0.00207564 0.00187743 0.0487658 0.0317998
internal_weight=5162.52 1070.48 4092.04 272.127 218.038 3819.92 54.0892 54.604 3808 3628.29 179.712 163.434 52.2101 1065.49 59.8802 40.1638 19.7164 1005.61 1002.84 11.9182 7.2737
internal_count=28072 6045 22027 3100 1715 18927 1385 797 18880 18139 741 918 1377 6019 223 140 83 5796 5791 47 37
is_linear=0
shrinkage=0.05


Tree=186
num_leaves=22
num_cat=0
split_feature=6 7 2 2 1 15 7 7 2 2 5 9 1 1 4 1 1 6 2 4 1
split_gain=4.0097 10.0291 12.427 11.1595 12.7793 14.766 7.48683 7.22018 6.17292 8.32077 7.68563 5.05668 10.5586 9.39379 7.50524 7.09879 9.36662 6.16691 2.71045 1.7907 0.78778
threshold=0.76830000000000009 0.79430000000000012 24.500000000000004 22.500000000000004 0.74130000000000018 27.500000000000004 0.82685000000000008 0.82425000000000004 18.500000000000004 10.500000000000002 0.60120000000000007 0.99975502204801581 0.84415000000000007 0.85960000000000003 0.80710000000000004 0.73505000000000009 0.68585000000000018 0.77165000000000006 8.5000000000000018 0.71010000000000006 0.91835000000000011
decision_type=2 2 2 2 2 2 2 2 2 2 2 2 2 2 2 2 2 2 2 2 2
left_child=1 2 8 4 6 -6 -3 18 9 -1 -10 12 14 -14 -9 16 -13 -17 -2 -5 -21
right_child=7 3 -4 19 5 -7 -8 11 10 -11 -12 15 13 -15 -16 17 -18 -19 -20 20 -22
leaf_value=0.00097532334259015573 0.0081257078239759424 -0.0049130888732304354 0.066686420974942179 -0.032804282809439776 0.0035342681196667163 -0.03021963190829649 -0.038790686148631251 -0.0095196942264438502 0.02450669297338336 -0.0045066200813039378 -0.01561921530925965 0.0045604148048803148 0.059009180071634693 -0.0031145797247835194 -0.07353568193520274 -0.08248901404850921 0.068626499595014684 0.0057983413300256815 0.049692906644109691 -0.062441513116085479 -0.10014561704487013
leaf_weight=3608.9508360235486 5.7808594554662731 25.930755426175892 7.0284338425844899 2.6867188811302167 200.67974557075649 38.639082766138017 43.949042891617864 9.6559797739610094 51.505664231721312 856.47846110118553 15.532279881648718 12.245573075488212 6.6833258066326371 67.977904433384538 8.7072286903858167 2.0018657743930808 10.681672904640434 165.42259340081364 12.194553397595881 2.6026928443461657 2.962016373872757
leaf_count=17235 19 427 20 14 1010 270 1230 107 168 3975 92 84 58 683 81 10 47 2473 28 25 16
internal_value=-6.13582e-07 -0.000347852 0.00025298 -0.00893968 -0.00740824 -0.00191545 -0.0262195 0.0055959 0.000149963 -7.61246e-05 0.0152098 0.00364666 -0.00590768 0.00244645 -0.039874 0.00831585 0.0344084 0.0047427 0.036325 -0.0663261 -0.0825109
internal_weight=5158.3 4856.95 4539.5 317.45 309.199 239.319 69.8798 301.352 4532.47 4465.43 67.0379 283.376 93.0244 74.6612 18.3632 190.352 22.9272 167.424 17.9754 8.25143 5.56471
internal_count=28072 24482 21490 2992 2937 1280 1657 3590 21470 21210 260 3543 929 741 188 2614 131 2483 47 55 41
is_linear=0
shrinkage=0.05


Tree=187
num_leaves=30
num_cat=0
split_feature=14 1 0 6 2 0 4 1 6 1 2 9 9 0 4 4 0 2 14 0 6 1 0 5 9 0 1 0 4
split_gain=3.92808 19.9186 14.1396 16.3968 21.1871 17.91 15.2051 10.996 10.8667 22.0581 19.4555 15.1204 22.5262 17.2639 13.9178 13.7787 12.7486 15.2489 10.0971 9.60325 7.72692 17.7719 17.2035 7.60908 9.073 10.4017 7.10841 5.76372 3.91908
threshold=20.500000000000004 0.23305000000000003 0.07060000000000001 0.17820000000000005 1.5000000000000002 0.62680000000000013 0.53695000000000015 0.48215000000000002 0.42460000000000003 0.46775000000000005 2.5000000000000004 0.020151515151515153 0.063250000000000015 0.29680000000000006 0.4925500000000001 0.48935000000000006 0.10840000000000001 9.5000000000000018 48.500000000000007 0.099200000000000024 0.24525000000000005 0.52705000000000013 0.32200000000000006 0.20430000000000001 0.19836704593341761 0.059400000000000001 0.17915 0.080550000000000024 0.25160000000000005
decision_type=2 2 2 2 2 2 2 2 2 2 2 2 2 2 2 2 2 2 2 2 2 2 2 2 2 2 2 2 2
left_child=1 23 6 4 -4 -5 7 -3 15 10 14 13 -13 -11 -10 20 19 -18 -12 -17 22 -22 -2 27 25 -25 -26 28 -1
right_child=8 2 3 5 -6 -7 -8 -9 9 11 18 12 -14 -15 -16 16 17 -19 -20 -21 21 -23 -24 24 26 -27 -28 -29 -30
leaf_value=-0.024188171835385318 0.013373989935557813 -0.0092525277086321668 0.053480737742739426 0.0013454008598862994 -0.035253775681056455 -0.011457724065359186 -0.14338330361539905 -0.060842367242545173 -0.020034532121141077 0.035855743886330081 -0.0387690934733892 0.047645893539353251 0.0019613683524772967 -0.011529465609681409 0.03788091934460782 0.0033268988127407133 0.031977519757669833 0.0024771543558654049 0.064062601797827065 -0.10005858353001081 -0.0083124734640307712 0.0058877897996441747 -0.012031946501957167 0.029888227346888108 0.058309944630008687 0.11122536822786884 -0.037414734216609027 -0.073627750897295507 0.049358005039124603
leaf_weight=3.024541571736334 320.62751105008647 48.28987139929086 7.5583260972052804 1736.4108728915453 61.167778848204762 324.1408133469522 2.6154600903391829 13.139090515673159 23.137163736857474 20.395600939169526 81.606319282203913 27.791007088497281 927.99846844491549 333.98580834409222 18.804096167441458 5.2788662239909154 105.3668044693768 74.975173573940992 2.459090302232652 3.9097421020269394 386.91161628533155 511.76927522337064 84.113065795972943 7.2729505524039295 3.6828237771987906 8.5533177480101568 4.0967505872249603 2.1101530790328979 4.51581696793437
leaf_count=37 1559 343 34 6265 506 1371 16 95 145 155 1753 137 6912 2965 117 28 280 221 51 17 2645 1945 354 30 12 23 25 15 16
internal_value=-9.1425e-07 -0.00158386 -0.00216619 -0.00146994 -0.025495 -0.00066863 -0.0253141 -0.0202871 0.00120236 -0.00190269 -0.0218837 1.90019e-05 0.00328971 -0.00880232 0.00593149 0.00418933 0.016786 0.0197131 -0.035761 -0.0406635 0.00235766 -0.00022589 0.00809414 0.0368217 0.0521137 0.0738469 0.007901 -0.000583621 0.0198576
internal_weight=5155.71 2226.58 2193.32 2129.28 68.7261 2060.55 64.0444 61.429 2929.13 1436.18 126.007 1310.17 955.789 354.381 41.9413 1492.95 189.531 180.342 84.0654 9.18861 1303.42 898.681 404.741 33.2564 23.6058 15.8263 7.77957 9.65051 7.54036
internal_count=28072 8788 8630 8176 540 7636 454 438 19284 12235 2066 10169 7049 3120 262 7049 546 501 1804 45 6503 4590 1913 158 90 53 37 68 53
is_linear=0
shrinkage=0.05


Tree=188
num_leaves=31
num_cat=0
split_feature=1 0 0 4 0 4 15 6 2 4 4 7 13 2 9 6 0 15 7 1 6 4 7 4 13 7 0 15 7 7
split_gain=4.14904 13.0045 22.5289 17.145 14.308 14.24 22.2316 18.8355 10.7984 10.6519 27.2039 12.277 10.2836 22.922 16.1732 10.1918 9.95867 20.8454 9.94494 9.0844 9.04811 8.22463 17.7225 19.3347 17.9636 16.9906 11.5623 7.32733 6.05925 4.98292
threshold=0.8136500000000001 0.47915000000000002 0.4714000000000001 0.41420000000000007 0.76570000000000016 0.41225000000000006 26.500000000000004 0.33530000000000004 9.5000000000000018 0.46710000000000007 0.44575000000000004 0.43825000000000008 5.5000000000000009 16.500000000000004 0.9175170068027213 0.36035000000000006 0.47675000000000006 24.500000000000004 0.47415000000000007 0.55085000000000017 0.23605000000000004 0.38330000000000003 0.53425000000000011 0.52975000000000005 3.5000000000000004 0.55845000000000011 0.5698000000000002 30.500000000000004 0.48935000000000006 0.64350000000000007
decision_type=2 2 2 2 2 2 2 2 2 2 2 2 2 2 2 2 2 2 2 2 2 2 2 2 2 2 2 2 2 2
left_child=8 2 5 4 15 6 -2 -7 21 10 11 -10 13 -11 -14 -3 29 -18 -6 -12 -5 25 23 -23 -24 26 -1 -27 -22 -4
right_child=1 3 16 20 18 7 -8 -9 9 12 19 -13 14 -15 -16 -17 17 -19 -20 -21 28 22 24 -25 -26 27 -28 -29 -30 -31
leaf_value=-0.0035767086865544787 -0.0064758538508125395 -0.039443769201100036 0.08088204987407345 0.064793694074976788 -0.013100036605262403 -0.021553269313718648 0.046156398178090183 0.011199426106528229 0.010011963415758296 -0.031040934523152788 -0.058221727989936294 -0.013874753031325055 -0.025088889532289594 0.064230729095527489 0.0018033605620030946 -0.006357019764595794 -0.0613053379132181 0.059973096783059524 0.067881974051880609 0.032891642904680711 0.027348370028186415 0.0070022432885533505 0.0069975065958786543 0.048412153616397731 -0.0059168658854135033 0.042401475398710135 -0.048644401913802884 -0.027587249105347041 0.00089625529249139741 0.035726376673042314
leaf_weight=1018.8123027076945 35.332920905202627 56.97829208150506 16.632836624979976 5.6624251641333094 7.7908842861652357 72.29316570609808 46.426258787512779 111.74801556020975 74.951123470440507 103.06934878788888 2.8611372178420416 190.54777142778039 82.689705215627328 6.7253917027264825 172.62757549062371 39.347435407340527 5.7683325782418242 9.1845036447048169 7.3843998908996582 62.410730877891183 22.092228252440691 660.69740408146754 417.80778817413375 29.444541748613119 757.39455033303238 27.49977615848184 14.433248586952685 4.3282262682914725 1079.1088670026511 9.6562449038028699
leaf_count=6040 120 266 26 13 24 254 110 334 363 551 45 908 1636 29 1076 142 23 17 15 216 65 2631 1376 69 5142 91 74 16 6375 25
internal_value=-1.65284e-06 0.00218614 0.0113824 -0.000131431 -0.0188192 0.00604746 0.0234109 -0.00166615 -0.000921952 -0.00652101 -2.17197e-05 -0.00713146 -0.012409 -0.0252051 -0.00690624 -0.0259284 0.0457659 0.0131877 0.0263064 0.0288978 0.0017511 0.00040765 0.00240923 0.00876898 -0.00132555 -0.00309787 -0.00420625 0.0328838 0.00142694 0.0642959
internal_weight=5151.71 1525.41 307.042 1218.36 111.501 265.8 81.7592 184.041 3626.3 695.883 330.771 265.499 365.112 109.795 255.317 96.3257 41.2419 14.9528 15.1753 65.2719 1106.86 2930.42 1865.34 690.142 1175.2 1065.07 1033.25 31.828 1101.2 26.2891
internal_count=28072 7809 909 6900 447 818 230 588 20263 4824 1532 1271 3292 580 2712 408 91 40 39 261 6453 15439 9218 2700 6518 6221 6114 107 6440 51
is_linear=0
shrinkage=0.05


Tree=189
num_leaves=29
num_cat=0
split_feature=13 1 14 13 2 14 5 5 4 13 5 13 1 1 2 15 4 15 15 12 15 15 15 15 5 9 8 7
split_gain=4.15191 13.2251 34.067 13.7993 14.6969 10.6176 10.1686 17.4256 12.4058 12.691 11.3037 10.9625 9.39324 9.31793 18.3527 26.558 15.2961 21.8175 13.1144 11.6681 6.21496 9.9125 9.1629 5.53744 2.54689 2.40747 10.2022 0.239285
threshold=11.500000000000002 0.46050000000000008 16.500000000000004 14.500000000000002 2.5000000000000004 45.500000000000007 0.61635000000000006 0.74465000000000015 0.61145000000000016 12.500000000000002 0.22755000000000003 12.500000000000002 0.75380000000000014 0.40310000000000007 2.5000000000000004 36.500000000000007 0.41225000000000006 27.500000000000004 18.500000000000004 1.0000000180025095e-35 31.500000000000004 36.500000000000007 26.500000000000004 34.500000000000007 0.81305000000000016 0.037797619047619059 1.0000000180025095e-35 0.48525000000000007
decision_type=2 2 2 2 2 2 2 2 2 2 2 2 2 2 2 2 2 2 2 2 2 2 2 2 2 2 2 2
left_child=5 2 20 23 -5 13 8 12 10 -10 -3 -9 -8 14 19 -16 17 -15 -18 -1 22 -22 -2 -4 25 26 -7 -27
right_child=1 6 3 4 -6 24 7 11 9 -11 -12 -13 -14 16 15 -17 18 -19 -20 -21 21 -23 -24 -25 -26 27 -28 -29
leaf_value=0.10680640605181208 -0.0046086457307900246 -0.006588546363708106 -0.039473246988350585 0.012379232093818214 -0.022940187285918949 -0.054604837423359087 -0.039661034599600187 0.0094847503182006396 0.14674724599396835 0.024285358101357391 0.008964786249383988 -0.035957464858376691 -0.0092120700980404743 -0.013362288436782464 -0.013597650847714332 0.04563227865777119 0.0061292533189201449 0.0056817283074221021 -0.0022681694711134712 0.010221145550916338 -0.056983189839905128 0.035558265713804091 0.059396211963510942 -0.0057936254163379313 0.016614743937897924 -0.084171725361019523 0.14887462808661944 -0.064074086263241903
leaf_weight=3.1511704772710791 7.3691224381327656 138.54039715928957 65.562018406577408 55.477858025580645 62.78820664039813 4.1461198241449875 31.78980956133455 202.26350688841194 3.1017136685550195 6.6544078919105232 745.06999574764632 14.203765437938271 124.61828506272286 542.03911313647404 181.67352407914586 21.126577644376084 654.14918080437928 208.14428112655878 1607.4119688561186 406.47816314781085 4.5276091117411843 8.0183825697749835 23.183683903887868 14.995820575393735 1.5255512837320555 2.0142891686409712 0.72351319342851628 5.5944011001847684
leaf_count=6 36 699 903 277 690 96 749 3003 14 56 3276 141 851 2615 1801 99 2279 941 7170 1965 61 41 81 102 10 15 5 90
internal_value=-1.7607e-06 0.00220402 -0.00850785 -0.0172435 -0.00637207 -0.000916141 0.00425058 -0.00268487 0.00714532 0.063219 0.00652619 0.006503 -0.0154008 -0.000748237 0.00487396 -0.00742741 -0.0018915 -0.00807838 0.000160758 0.0109642 0.0317917 0.00216182 0.0439587 -0.0332038 -0.0443692 -0.0518249 -0.0243726 -0.0693946
internal_weight=5146.34 1508.16 241.923 198.824 118.266 3638.18 1266.24 372.875 893.367 9.75612 883.61 216.467 156.408 3624.17 612.429 202.8 3011.74 750.183 2261.56 409.629 43.0988 12.546 30.5528 80.5578 14.0039 12.4783 4.86963 7.60869
internal_count=28072 10980 2191 1972 967 17092 8789 4744 4045 70 3975 3144 1600 16876 3871 1900 13005 3556 9449 1971 219 102 117 1005 216 206 101 105
is_linear=0
shrinkage=0.05


Tree=190
num_leaves=30
num_cat=0
split_feature=14 1 4 15 3 6 1 3 7 9 1 7 4 9 4 13 15 15 3 14 15 6 1 7 9 1 7 6 4
split_gain=4.0363 17.516 13.658 14.8057 12.2044 10.0573 23.3231 20.483 16.3431 19.6407 14.0334 13.4579 12.8103 16.3518 12.807 10.4655 10.0205 11.5584 9.64629 8.50801 13.937 12.9064 8.40759 6.81618 12.4844 8.11373 2.96788 2.34891 1.48146
threshold=20.500000000000004 0.23305000000000003 0.31140000000000007 38.500000000000007 8.5000000000000018 0.41065000000000002 0.46775000000000005 2.5000000000000004 0.52705000000000013 0.95505050505050526 0.8198000000000002 0.70090000000000008 0.40240000000000004 0.067333333333333314 0.4925500000000001 2.5000000000000004 26.500000000000004 16.500000000000004 7.5000000000000009 37.500000000000007 29.500000000000004 0.27815000000000006 0.35385000000000005 0.29460000000000003 0.19836704593341761 0.17915 0.52110000000000012 0.13670000000000002 0.34065000000000006
decision_type=2 2 2 2 2 2 2 2 2 2 2 2 2 2 2 2 2 2 2 2 2 2 2 2 2 2 2 2 2
left_child=1 23 16 4 -4 12 8 11 9 -7 -9 -8 19 18 -10 -15 17 -3 -14 21 -21 -2 -18 27 28 -26 -5 -1 -25
right_child=5 2 3 26 -6 6 7 10 14 -11 -12 -13 13 15 -16 -17 22 -19 -20 20 -22 -23 -24 24 25 -27 -28 -29 -30
leaf_value=0.020470828724066113 0.0042040084299363534 0.013343186517188932 -0.0016904450307172894 0.025767511164052792 0.052713073773639922 -0.033803927703546892 0.039901147329455315 -0.0065302625046315399 -0.046487161309951452 0.05398859635805095 0.0039477835154454145 0.00023084983834814802 0.020013141864095071 -0.011255328690509575 -0.012833809015213672 0.0095530538131459244 0.020430591682095427 -0.038901056395719842 0.060833595059834961 -0.0010085903748546297 0.025007963069688395 -0.0093424096121167612 -0.013264557528193503 0.05279169561070815 0.043869518966856674 -0.044035720355445486 0.065035828854135669 -0.064621285474440932 0.080762117767115116
leaf_weight=1.3137507662177079 394.954353118781 12.854681586846707 1980.5958337793127 11.642875269055368 10.362565785646437 11.51057902444154 52.15512953652069 633.92034178134054 55.452198556158692 14.266635939478874 644.37335134670138 36.229867127491161 137.53142699971795 79.35310776066035 57.672800399828702 253.33611958660185 24.019764166790992 60.005080220289528 16.1745964884758 126.78762774774805 86.661543923430145 316.92224850133061 80.751242148689926 9.5621095746755653 5.1065601557493192 5.4017786234617233 8.2010516673326475 2.1193297514691949 9.3758691027760488
leaf_count=13 1928 80 7191 40 23 142 184 5164 735 54 4695 395 452 278 1301 823 160 594 33 749 425 1926 523 38 18 36 19 25 28
internal_value=-2.81039e-06 -0.00160873 -0.00215296 -0.00097895 -0.00140728 0.00121998 -0.0016228 0.000361163 -0.0211432 0.0147856 -0.0012484 0.0236399 0.00425177 0.0108212 -0.0293302 0.00458983 -0.0154429 -0.0296836 0.0243087 0.000798558 0.00955427 -0.00182676 -0.00553962 0.0346146 0.0423879 -0.00131789 0.0419962 -0.0320587 0.0666394
internal_weight=5138.61 2221.31 2188.43 2010.8 1990.96 2917.3 1505.58 1366.68 138.902 25.7772 1278.29 88.385 1411.72 486.395 113.125 332.689 177.631 72.8598 153.706 925.326 213.449 711.877 104.771 32.8794 29.4463 10.5083 19.8439 3.43308 18.938
internal_count=28072 8788 8630 7273 7214 19284 12670 10438 2232 196 9859 579 6614 1586 2036 1101 1357 674 485 5028 1174 3854 683 158 120 54 59 38 66
is_linear=0
shrinkage=0.05


Tree=191
num_leaves=31
num_cat=0
split_feature=0 1 0 5 4 0 14 13 1 5 9 13 5 7 5 4 15 0 7 4 13 4 5 7 7 13 14 4 7 7
split_gain=4.15805 17.3606 12.4021 15.7359 14.8329 11.9538 15.5737 14.5276 25.4404 12.4606 10.7371 10.2829 10.7242 8.99468 8.88327 8.265 7.78139 7.62668 30.5958 29.3208 7.92979 7.34165 6.97588 9.21659 6.73359 6.71868 6.27114 13.3977 8.97853 1.98601
threshold=0.10620000000000002 0.35855000000000004 0.072300000000000017 0.14590000000000003 0.26570000000000005 0.12615000000000001 31.500000000000004 10.500000000000002 0.48215000000000002 0.23605000000000004 1.0000000180025095e-35 1.5000000000000002 0.20735000000000003 0.31310000000000004 0.14590000000000003 0.30860000000000004 18.500000000000004 0.15300000000000002 0.52240000000000009 0.40240000000000004 15.500000000000002 0.37310000000000004 0.22345000000000004 0.43285000000000007 0.64075000000000004 14.500000000000002 16.500000000000004 0.68705000000000005 0.79430000000000012 0.38760000000000006
decision_type=2 2 2 2 2 2 2 2 2 2 2 2 2 2 2 2 2 2 2 2 2 2 2 2 2 2 2 2 2 2
left_child=1 11 3 4 -3 6 7 8 -2 -9 21 22 13 -13 -8 -14 -16 18 20 -20 -7 -4 29 -24 -5 -12 27 -19 -28 -1
right_child=5 2 10 24 -6 17 14 9 -10 -11 25 12 15 -15 16 -17 -18 26 19 -21 -22 -23 23 -25 -26 -27 28 -29 -30 -31
leaf_value=-0.048228394898145975 0.022756106156219452 -0.053607662817865491 -0.016524392297542295 -0.081636147657325742 0.19266211150923909 -0.0202590571889113 0.092814034542325535 0.010618543844128855 -0.018389707132575848 0.048128755054531763 -0.041189878606090781 1.8518416828156817e-05 -0.0200989949688038 0.033533366677906788 0.027901052090781656 0.0042029947762445233 -0.036065970800150213 -0.0050371119215092052 0.060168441375298046 -0.0021873164278237386 -0.056054922894309578 0.020007446288694188 0.020573741443156292 -0.054667179531593224 0.0049962437540991469 2.6599362432043044e-06 0.0025797708013360365 0.015456441686312669 -0.0044827708596735681 -0.099268652926689904
leaf_weight=6.0894338823854941 90.710806218907237 1.2734531825408368 26.996267406269908 16.606188415549699 1.176118418574333 117.87319271406159 1.6611498990096141 40.662725445814431 64.124444765970111 48.603830987587571 36.260486806742847 33.98560754628852 46.637131384573877 48.715555641800165 5.6893405634909859 140.0485528614372 28.927284378092736 888.84607701562345 23.10809341352433 102.36263325018808 17.809194492176175 28.034489251673222 10.191956996917726 6.7760127373039714 2.5932511687278739 13.61598230153322 2650.3552738118451 87.611465517431498 542.04676664248109 2.7741342112421989
leaf_count=58 398 30 226 129 4 791 10 197 324 154 251 331 350 197 23 799 282 3324 69 525 118 96 52 41 9 68 12598 310 6293 15
internal_value=-3.35472e-06 -0.00475948 -0.0202527 -0.0547084 0.0646344 0.000422515 0.0104346 0.0149774 0.00571572 0.0310421 -0.0131423 0.00188228 0.00477191 0.0197606 -0.0201328 -0.00186804 -0.0255528 -0.000211158 -0.00850005 0.00929682 -0.0249575 0.00208614 -0.0282526 -0.00947307 -0.0699348 -0.0299446 0.00030809 -0.00319835 0.0013806 -0.0642031
internal_weight=5132.17 421.775 126.556 21.649 2.44957 4710.39 280.38 244.102 154.835 89.2666 104.907 295.218 269.387 82.7012 36.2778 186.686 34.6166 4430.01 261.153 125.471 135.682 55.0308 25.8315 16.968 19.1994 49.8765 4168.86 976.458 3192.4 8.86357
internal_count=28072 2656 813 172 34 25416 1388 1073 722 351 641 1843 1677 528 315 1149 305 24028 1503 594 909 322 166 93 138 319 22525 3634 18891 73
is_linear=0
shrinkage=0.05


Tree=192
num_leaves=31
num_cat=0
split_feature=0 1 3 4 3 5 7 4 0 15 4 3 4 4 7 15 0 7 4 15 5 1 7 6 1 6 7 13 3 13
split_gain=3.7789 20.7652 17.1481 14.883 14.1424 19.8927 11.3532 9.20449 9.07813 10.5908 10.7285 10.0739 16.0188 15.1752 8.39771 7.94277 6.92461 27.8904 26.5438 7.45994 6.34341 6.32964 10.9404 6.07848 15.2793 8.98849 5.25359 2.20893 1.99256 1.96861
threshold=0.10100000000000002 0.36940000000000006 3.5000000000000004 0.44175000000000003 1.5000000000000002 0.27520000000000006 0.46970000000000006 0.54655000000000009 0.12615000000000001 37.500000000000007 0.26570000000000005 1.5000000000000002 0.51315000000000011 0.27335000000000004 0.55035000000000012 28.500000000000004 0.15300000000000002 0.52240000000000009 0.40240000000000004 35.500000000000007 0.34830000000000005 0.20415000000000003 0.46545000000000009 0.18300000000000002 0.41280000000000006 0.18635000000000004 0.48075000000000007 18.500000000000004 1.5000000000000002 8.5000000000000018
decision_type=2 2 2 2 2 2 2 2 2 2 2 2 2 2 2 2 2 2 2 2 2 2 2 2 2 2 2 2 2 2
left_child=1 4 3 14 5 6 -1 -7 9 11 27 13 -13 -2 -3 29 17 19 -19 -10 -5 26 -23 24 -18 -25 -6 -11 -12 -4
right_child=8 2 15 20 21 7 -8 -9 16 10 28 12 -14 -15 -16 -17 23 18 -20 -21 -22 22 -24 25 -26 -27 -28 -29 -30 -31
leaf_value=0.0032415734784482344 0.02906707499220313 -0.03096086755969046 0.021200879069636254 -0.10713513594254963 0.048217853209846076 -0.029063584657574793 0.056283760151889274 0.034617165842491755 -0.028964735726363468 0.0067487187560982612 0.058817648181563237 0.027793497310954686 -0.023226696355330763 -0.0083801130845522764 0.018682094064761044 -0.0364504735100913 0.024315982622662918 0.057315077605179177 -0.0020776786380878407 0.0037216591754252928 -0.043915338754436581 -0.022756858173731076 0.028342708334039103 0.042910465932061888 -0.027579766756640756 0.00041865448750543822 0.0071756626912180769 -0.051220659712329669 0.029076302052489195 0.058475026866371529
leaf_weight=108.0666870335117 33.067201244179159 58.411720364820212 11.891913674771791 8.4328729324042779 25.23669707775116 73.148024654947221 11.126969847828148 6.1516564618796101 113.74948914907873 3.3431842857971779 18.24344771169126 81.468405084684491 18.966115991584957 148.77952722832561 9.9735031351447088 5.5860052853822699 19.222409754991531 23.047087001614273 102.3756857633125 20.620203713420779 7.4939362425357094 17.8295385427773 25.392356424592435 12.483658192679284 54.106134347617626 4083.2975541744381 11.28319390490651 3.2320125252008438 8.1462285639718193 5.0451014488935462
leaf_count=759 274 516 38 54 85 591 28 25 821 17 58 282 79 826 36 20 108 69 525 88 47 77 116 39 337 22041 63 14 28 11
internal_value=-3.93168e-06 -0.00476754 -0.0235053 -0.0338588 0.00242727 -0.00471762 0.00819317 -0.0241236 0.000382718 0.0085808 0.0353987 0.005449 0.0181588 -0.00157068 -0.0237208 0.0152519 -0.000200816 -0.00812087 0.00883605 -0.0239487 -0.0773887 0.0202123 0.00726354 0.000292712 -0.0139758 0.000548167 0.0355374 -0.0217459 0.0496368 0.0323039
internal_weight=5129.22 385.07 106.835 84.312 278.235 198.493 119.194 79.2997 4744.15 315.246 32.9649 282.281 100.435 181.847 68.3852 22.523 4428.9 259.792 125.423 134.37 15.9268 79.7418 43.2219 4169.11 73.3285 4095.78 36.5199 6.5752 26.3897 16.937
internal_count=28072 2466 722 653 1744 1403 787 616 25606 1578 117 1461 361 1100 552 69 24028 1503 594 909 101 341 193 22525 445 22080 148 31 86 49
is_linear=0
shrinkage=0.05


Tree=193
num_leaves=24
num_cat=0
split_feature=4 5 5 7 7 15 6 0 5 5 15 0 1 7 0 3 7 1 7 1 14 4 5
split_gain=3.73943 9.16352 14.026 10.7615 11.2041 18.6181 10.3964 9.64337 8.30571 13.8133 6.6493 6.33232 6.08388 8.46849 5.98798 7.02748 6.11157 3.69288 1.94202 0.0814535 0.109792 0.0241831 0.0114308
threshold=0.24590000000000004 0.14590000000000003 0.13075000000000001 0.31665000000000004 0.33590000000000003 32.500000000000007 0.18300000000000002 0.039250000000000007 0.29945000000000005 0.25870000000000004 37.500000000000007 0.16530000000000003 0.36940000000000006 0.41225000000000006 0.063150000000000012 1.5000000000000002 0.4915000000000001 0.48215000000000002 0.31665000000000004 0.74130000000000018 23.500000000000004 0.34430000000000005 0.39175000000000004
decision_type=2 2 2 2 2 2 2 2 2 2 2 2 2 2 2 2 2 2 2 2 2 2 2
left_child=8 2 18 7 5 -5 -6 -3 9 14 -9 17 -4 -14 16 -16 -1 -11 -2 20 22 -20 -10
right_child=1 3 12 4 6 -7 -8 10 19 11 -12 -13 13 -15 15 -17 -18 -19 21 -21 -22 -23 -24
leaf_value=-0.039634528252213697 0.0046029365124886021 0.055234315729139095 0.017333359961280582 0.039775567047288948 -0.01539787948972462 -0.061160737093161381 0.00038621526898188015 -0.054749161004414897 -0.05365326099283655 0.045324995475746262 0.0029529678970320831 -0.010906570195273682 0.1282839320742088 0.036457854522452877 0.002685362427928978 -0.028231465108670029 0.070297697715719212 0.12064289191176961 -0.058104917829838856 -0.075896935289069323 -0.074572113718662722 -0.066554256469067513 -0.060578545217303395
leaf_weight=21.442280998453501 1.6136111617088342 2.9644622132182148 6.5957037992775467 34.897836214862764 106.64779238030314 5.2567397542297831 4787.5985537925735 19.428110818378631 1.3208543844521043 3.5475244987755996 6.7194356452673665 2.7170426491647959 4.6857560109347087 5.4093499584123492 76.286394312977791 24.214292898774147 1.3434928953647602 3.0068857576698065 1.8528913613408806 1.8960589095950124 1.3548381030559538 1.5597000727429984 1.0855730548501012
leaf_count=311 14 13 29 215 567 42 25559 197 27 23 32 18 26 15 684 223 3 11 25 10 8 11 9
internal_value=-3.86942e-06 0.00022105 0.0326291 7.92541e-05 0.00025808 0.0265617 4.22729e-05 -0.0302312 -0.0081164 -0.00558429 -0.0399208 0.0532729 0.0546796 0.07908 -0.0100105 -0.00476363 -0.0331527 0.0798777 -0.0405951 -0.0674469 -0.0631872 -0.0619666 -0.0567774
internal_weight=5123.45 4985.23 21.717 4963.51 4934.4 40.1546 4894.25 29.112 138.215 132.558 26.1475 9.27145 16.6908 10.0951 123.286 100.501 22.7858 6.55441 5.0262 5.65732 3.76127 3.41259 2.40643
internal_count=28072 26745 120 26625 26383 257 26126 242 1327 1273 229 52 70 41 1221 907 314 34 50 54 44 36 36
is_linear=0
shrinkage=0.05


Tree=194
num_leaves=15
num_cat=0
split_feature=2 7 4 15 15 2 15 1 15 0 5 4 2 7
split_gain=3.83991 5.90645 3.93942 3.63203 4.79303 16.0248 6.71861 35.4206 8.6229 5.7758 2.36528 2.0194 1.33758 0.52936
threshold=26.500000000000004 0.77300000000000013 0.79775000000000007 11.500000000000002 14.500000000000002 3.5000000000000004 15.500000000000002 0.72315000000000007 16.500000000000004 0.49390000000000006 0.5082000000000001 0.84735000000000016 30.500000000000004 0.97015000000000018
decision_type=2 2 2 2 2 2 2 2 2 2 2 2 2 2
left_child=3 -2 -3 -1 5 9 7 -6 -8 -5 -7 13 -13 -4
right_child=1 2 11 4 6 10 8 -9 -10 -11 -12 12 -14 -15
leaf_value=-0.049166141747805536 0.087990868830458938 -0.037865779762800346 0.094551910691482152 0.010882769854217045 -0.033536387863668624 -0.097060411838685939 0.008665834253450572 0.014004479328804205 -0.00042907982946143575 0.04472149861442945 -0.033392052096082529 -0.024690214413607813 0.03080054668060352 0.046837828880289228
leaf_weight=3.765159234404563 3.027345359325408 3.172802768647669 0.7477940917015079 64.679238330572844 80.598711128346622 3.1988560827448955 276.31786761153489 76.241332747042179 4585.3280763418879 15.66427258402109 2.6815697737038136 1.9662551786750553 2.4256813805550337 2.610799752175808
leaf_count=20 5 20 1 189 358 21 1122 293 25808 48 18 41 49 79
internal_value=-4.59713e-06 0.0261918 0.00906444 -7.61365e-05 -3.99284e-05 0.0116487 -0.000240753 -0.0104264 8.78412e-05 0.0174802 -0.0680266 0.0282761 0.00595752 0.0574614
internal_weight=5122.43 13.9507 10.9233 5108.48 5104.71 86.2239 5018.49 156.84 4861.65 80.3435 5.88043 7.75053 4.39194 3.35859
internal_count=28072 195 190 27877 27857 276 27581 651 26930 237 39 170 90 80
is_linear=0
shrinkage=0.05


Tree=195
num_leaves=23
num_cat=0
split_feature=0 4 7 5 0 2 3 0 7 2 1 7 4 5 2 2 6 4 2 5 4 7
split_gain=3.56178 5.77469 7.98578 7.34597 5.65745 4.75125 16.3251 10.5085 4.04469 3.09041 2.93461 3.99645 2.8193 2.72366 7.0154 1.93006 3.01462 2.63334 1.27399 0.468443 0.693369 0.106929
threshold=0.86755000000000015 0.86815000000000009 0.94030000000000014 0.84735000000000016 0.70710000000000017 10.500000000000002 5.5000000000000009 0.52040000000000008 0.68800000000000006 4.5000000000000009 0.92725000000000002 0.91045000000000009 0.76030000000000009 0.37885000000000008 10.500000000000002 14.500000000000002 0.76830000000000009 0.72835000000000016 8.5000000000000018 0.5102000000000001 0.57930000000000004 0.8932500000000001
decision_type=2 2 2 2 2 2 2 2 2 2 2 2 2 2 2 2 2 2 2 2 2 2
left_child=1 3 -3 5 -4 6 -1 -7 13 -6 11 -10 -13 14 -2 16 -12 -17 -5 -15 -21 -20
right_child=8 2 4 18 9 7 -8 -9 10 -11 15 12 -14 19 -16 17 -18 -19 21 20 -22 -23
leaf_value=0.00010751280413420402 0.053380433047951481 -0.08950249151879322 0.030605002345135652 0.019256667852124838 -0.0084945433905763024 -0.0096886164653045836 0.020303081381179502 0.00029683155581001781 -0.028032029269252093 -0.080909334843853875 -0.041494371155295549 0.085446596393695604 0.025479123994077715 0.061208082042381151 -0.062698087446880824 0.031072399828243009 -0.00031892492399616289 0.0023050999294260367 0.067740459816684737 0.02115372326213483 0.054328808204395056 0.053045749288318012
leaf_weight=3654.7481438692193 3.0006627961993209 4.2159322351217261 5.0116791278123838 3.469266936182974 3.2294601611793041 390.61386174499057 102.88212122023106 809.52020733663812 2.9714458659291294 2.7094226758927107 5.9782982319593456 2.3768089562654486 11.175748476758598 3.7797590941190702 2.2988218516111374 8.9193549826741201 17.334649231284857 73.588261634111404 1.715505391359329 2.9334238469600677 3.4011021852493286 4.4474206529557705
leaf_count=18761 23 22 16 22 23 2739 419 4155 13 17 44 4 229 12 11 25 272 1160 4 20 21 60
internal_value=-4.3322e-06 -0.000223606 -0.0310292 -0.00012955 -0.00851718 -0.000214302 0.000660458 -0.00295318 0.00792656 -0.0415314 0.00488557 0.0244821 0.035996 0.032064 0.00302764 0.00182554 -0.0108778 0.00541494 0.0434929 0.0472779 0.0389659 0.0571362
internal_weight=5120.32 4982.56 15.1665 4967.4 10.9506 4957.76 3757.63 1200.13 137.758 5.93888 122.345 16.524 13.5526 15.4138 5.29948 105.821 23.3129 82.5076 9.63219 10.1143 6.33453 6.16293
internal_count=28072 26238 78 26160 56 26074 19180 6894 1834 40 1747 246 233 87 34 1501 316 1185 86 53 41 64
is_linear=0
shrinkage=0.05


Tree=196
num_leaves=21
num_cat=0
split_feature=7 7 0 14 6 4 15 15 5 2 4 4 7 0 0 2 4 7 0 0
split_gain=3.50755 6.99147 17.8235 16.0048 16.0332 13.0761 7.02185 28.6189 12.1048 28.2138 8.4527 8.0856 7.6076 6.5196 9.22648 9.80855 17.1179 9.56861 5.92704 3.58806
threshold=0.39175000000000004 0.41105000000000008 0.40190000000000009 24.500000000000004 0.20640000000000003 0.28745000000000004 34.500000000000007 33.500000000000007 0.36980000000000007 3.5000000000000004 0.28745000000000004 0.4592500000000001 0.70680000000000009 0.66145000000000009 0.57360000000000011 11.500000000000002 0.30340000000000006 0.38170000000000009 0.6211500000000002 0.52040000000000008
decision_type=2 2 2 2 2 2 2 2 2 2 2 2 2 2 2 2 2 2 2 2
left_child=13 2 3 4 -2 -5 7 10 9 -8 -3 -10 -9 14 15 17 -17 -1 19 -4
right_child=1 6 18 5 -6 -7 8 12 11 -11 -12 -13 -14 -15 -16 16 -18 -19 -20 -21
leaf_value=-0.0020119249284878053 -0.040237499060053229 -0.022976289322527405 -0.031025781002188835 0.081947126036613915 0.013563531713582468 0.023830937138947447 -0.010099155153193404 -0.053248142975689576 -0.023408144442851296 0.032764323642731893 0.00015945179805829766 0.0040135926441989284 -0.0059331008542788562 0.059630222283535921 -0.080153555131456083 -0.031859181229296353 0.10740699650622361 -0.022542429220044874 0.014722930470532775 -0.082577277661487244
leaf_weight=379.85635616863146 18.571202704682946 39.862020544707775 8.4953169561922568 11.496510634198783 54.445242255926132 61.216572404839098 61.657405195757747 32.142584359738976 37.497746468521655 101.73677576705813 4111.0274194928352 94.955057344166562 11.547626855783163 3.9722152985632411 4.0163810998201361 3.866075895726679 5.1400685049593449 66.721796526573598 4.4425942413508883 5.6005273759365073
leaf_count=2824 121 238 48 34 212 286 252 270 211 281 21627 997 183 10 21 27 20 367 15 28
internal_value=-3.78137e-06 0.000409289 0.0105408 0.0164151 -0.00012037 0.0330196 3.86579e-05 -0.000486441 0.00748362 0.0165896 -6.27265e-05 -0.00374958 -0.0407424 -0.00415138 -0.00470263 -0.00403746 0.0476241 -0.00507932 -0.0356363 -0.0515081
internal_weight=5118.27 4654.69 164.268 145.73 73.0164 72.7131 4490.43 4194.58 295.847 163.394 4150.89 132.453 43.6902 463.573 459.601 455.584 9.00614 446.578 18.5384 14.0958
internal_count=28072 24803 744 653 333 320 24059 22318 1741 533 21865 1208 453 3269 3259 3238 47 3191 91 76
is_linear=0
shrinkage=0.05


Tree=197
num_leaves=29
num_cat=0
split_feature=13 1 14 0 0 14 2 14 14 6 13 0 2 1 1 2 0 0 2 0 0 1 3 0 9 9 5 5
split_gain=3.7184 12.192 29.7094 13.3142 23.2412 12.777 15.7642 9.97443 8.45443 19.2793 12.0943 8.36912 7.93936 7.58221 22.235 13.5117 7.29587 11.0214 6.5783 5.92874 10.3733 5.36844 4.57695 4.50231 2.28196 9.55828 1.9826 0.184515
threshold=11.500000000000002 0.46050000000000008 16.500000000000004 0.10475000000000002 0.13100000000000003 48.500000000000007 3.5000000000000004 45.500000000000007 14.500000000000002 0.20640000000000003 10.500000000000002 0.11585000000000002 11.500000000000002 0.40310000000000007 0.53710000000000002 2.5000000000000004 0.090300000000000005 0.077650000000000011 4.5000000000000009 0.080550000000000024 0.13420000000000001 0.48215000000000002 2.5000000000000004 0.82685000000000008 0.037797619047619059 0.028777934272300455 0.21130000000000002 0.40865000000000007
decision_type=2 2 2 2 2 2 2 2 2 2 2 2 2 2 2 2 2 2 2 2 2 2 2 2 2 2 2 2
left_child=7 2 19 16 11 6 -4 8 9 21 -11 -5 -6 15 -15 -10 17 -3 -7 22 -21 -1 -2 24 25 -9 -18 -26
right_child=1 3 5 4 12 18 -8 23 13 10 -12 -13 -14 14 -16 -17 26 -19 -20 20 -22 -23 -24 -25 27 -27 -28 -29
leaf_value=0.0051953895614577734 -0.0061957830608302322 -0.038642365434138237 -0.0087568197536417643 0.00017795121521053362 0.0067037361592574857 -0.0021080973536981187 -0.039411681296629371 -0.054321985304544108 0.011139526349209214 -0.0025331788568761994 -0.036688112385298656 0.042364833018408071 -0.0017895482600635817 -0.010601340029758557 0.0014336188114130967 -0.0051961022489020146 -0.079261327174719565 0.021582592349991117 0.059066531775227228 0.073439489270831257 0.0039953838447410036 -0.057467156094944183 0.04641224659400929 0.059207874291089126 -0.081563224132873632 0.13933920105441364 -0.037835185954491563 -0.064036864124905557
leaf_weight=4.0296858893707421 13.862308655865492 16.410115793347362 107.72668973915279 15.026447988115249 689.43996199057437 10.514211312402042 68.673231542808935 4.2528557335026527 370.91344452323392 503.16477583535016 27.326383087784052 54.017423614859581 457.89842079486698 474.18534894823097 2013.09335866943 192.165119437268 5.4608038756996375 14.144525690004228 7.5501835560426107 14.083364695310594 8.699288413859902 22.517309743911028 5.8915260359644881 0.9888842850923546 2.0518924882635474 0.74941234290599812 6.1306774541735649 5.6006983579136431
leaf_count=44 104 126 688 61 4004 57 1152 103 1788 2026 123 198 4253 2709 8126 1852 48 63 75 43 39 208 33 2 17 4 36 90
internal_value=-4.22399e-06 0.00209316 -0.00831005 0.00405225 0.00500953 -0.0165895 -0.0206909 -0.000870466 -0.00070908 -0.0063734 -0.00429255 0.0331834 0.0033141 0.000325306 -0.000860777 0.00556457 -0.023576 -0.0107627 0.0234604 0.0295413 0.0469231 -0.0479553 0.00949441 -0.0435409 -0.05157 -0.0253087 -0.0573512 -0.0687362
internal_weight=5116.57 1495.53 237.001 1258.53 1216.38 194.464 176.4 3621.04 3607.4 557.038 530.491 69.0439 1147.34 3050.36 2487.28 563.079 42.1461 30.5546 18.0644 42.5365 22.7827 26.547 19.7538 13.6437 12.6549 5.00227 11.5915 7.65259
internal_count=28072 10980 2191 8789 8516 1972 1840 17092 16876 2401 2149 259 8257 14475 10835 3640 273 189 132 219 82 252 137 216 214 107 84 107
is_linear=0
shrinkage=0.05


Tree=198
num_leaves=22
num_cat=0
split_feature=2 4 7 2 4 7 0 7 7 4 7 5 0 1 0 0 1 9 4 1 0
split_gain=3.46893 9.20834 12.8143 3.78473 6.23948 4.6062 4.26643 6.00419 11.1989 5.80393 8.48952 7.48678 4.13047 3.37528 2.70106 2.67518 2.54775 1.18431 0.55818 0.383211 0.0163731
threshold=23.500000000000004 0.70065000000000011 0.93420000000000014 22.500000000000004 0.80605000000000004 0.6845500000000001 0.87690000000000012 0.93585000000000018 0.95310000000000017 0.86815000000000009 0.94030000000000014 0.84735000000000016 0.92635000000000012 0.97725000000000006 0.72475000000000012 0.91780000000000006 0.92980000000000007 0.99975502204801581 0.82895000000000019 0.91365000000000018 0.8509500000000001
decision_type=2 2 2 2 2 2 2 2 2 2 2 2 2 2 2 2 2 2 2 2 2
left_child=3 -2 16 6 5 -5 9 12 -9 11 -11 -1 -8 14 -4 20 19 -7 -17 -3 -6
right_child=1 2 13 4 15 17 7 8 -10 10 -12 -13 -14 -15 -16 18 -18 -19 -20 -21 -22
leaf_value=-0.00022510524702125582 0.066806659678481844 -0.060237367896622721 -0.054431456931108013 -0.0051177385297349505 0.059347579784566999 -0.056363245672345123 0.037065925545309922 -0.15579805922343942 0.004655216582617026 -0.089595186634516516 -0.0074975183848549525 0.043429349926552147 -0.016360296589992347 -0.079510334481467243 0.034198743382308605 -0.036032760205228394 -0.011760189380816119 -0.10567118018777166 0.0091797752233202072 -0.08862868672973756 0.050617085992797461
leaf_weight=4953.0537142688408 7.0447669439017764 3.5671578552573937 0.90498478710652008 2.9054861813783628 0.79648852348327648 2.1428633145987988 25.086228106170896 1.1087863147258747 56.564722093753517 4.3958505466580382 11.100994480773805 9.8410126939415914 4.2273046448826781 0.73554870486259361 17.15186071395874 1.7002491392195227 2.9405817538499832 2.8208979936316609 1.1405950672924516 1.7823794484138487 1.648521538823843
leaf_count=26251 20 38 17 9 2 17 127 6 892 23 58 89 29 4 362 24 11 21 15 9 48
internal_value=-4.92248e-06 0.0158828 0.00263642 -0.000111687 -0.0268958 -0.0551178 -4.21268e-05 0.0109356 0.00157047 -0.00023394 -0.0307854 -0.000138542 0.0293613 0.0254799 0.0297567 0.0151194 -0.0491462 -0.0843849 -0.01788 -0.0696969 0.0534611
internal_weight=5112.66 34.1273 27.0825 5078.53 13.1551 7.86925 5065.38 86.987 57.6735 4978.39 15.4968 4962.89 29.3135 18.7924 18.0568 5.28585 8.29012 4.96376 2.84084 5.34954 2.44501
internal_count=28072 461 441 27611 136 47 27475 1054 898 26421 81 26340 156 383 379 89 58 38 39 47 50
is_linear=0
shrinkage=0.05


Tree=199
num_leaves=13
num_cat=0
split_feature=13 13 5 9 4 5 5 1 6 9 3 9
split_gain=3.4377 6.62926 6.86734 5.91829 5.30023 5.96173 10.8944 6.10035 5.47354 4.78086 3.92812 0.759118
threshold=31.500000000000004 27.500000000000004 0.29130000000000006 0.99095075080809059 0.18560000000000001 0.13075000000000001 0.14590000000000003 0.20415000000000003 0.098600000000000007 0.99975502204801581 2.5000000000000004 0.99975502204801581
decision_type=2 2 2 2 2 2 2 2 2 2 2 2
left_child=1 4 11 -4 8 7 -7 -6 9 -1 -10 -3
right_child=-2 2 3 -5 5 6 -8 -9 10 -11 -12 -13
leaf_value=-0.028782389485088433 0.041181364494996167 -0.060943678371683165 -0.051009391728655089 0.03910575832594726 0.03009947773301639 0.032848068381797699 7.4438406354694178e-05 -0.058076526598213787 -0.041307554699309898 0.057369987235700595 0.056373606437138318 -0.098134445061268588
leaf_weight=3.0115318051539388 5.0615443624556056 2.9927781634032709 3.5010815337300301 3.7989436537027359 2.5782214924693099 25.485204390250146 5030.7636787325609 8.200549057684837 18.305718223098669 3.4609452448785305 1.0905211865901936 2.5336779356002808
leaf_count=63 18 22 19 12 19 150 27319 119 305 9 5 12
internal_value=-4.39565e-06 -4.5225e-05 -0.0359459 -0.00411334 4.5191e-05 0.000160442 0.000239629 -0.0369853 -0.0225296 0.0172848 -0.0358156 -0.0779943
internal_weight=5110.78 5105.72 12.8265 7.30003 5092.9 5067.03 5056.25 10.7788 25.8687 6.47248 19.3962 5.52646
internal_count=28072 28054 65 31 27989 27607 27469 138 382 72 310 34
is_linear=0
shrinkage=0.05


Tree=200
num_leaves=29
num_cat=0
split_feature=13 13 15 7 4 3 5 15 2 4 3 15 7 4 7 12 2 7 6 13 7 13 5 2 15 4 4 7
split_gain=3.33648 8.58278 20.2712 10.3449 9.67728 7.28502 15.2285 13.2879 8.76135 27.0903 10.2841 6.93791 6.85243 9.21211 6.46859 5.78587 5.83214 5.05553 9.72568 6.11317 5.82652 10.5672 7.76993 4.18761 0.0557569 0.0466021 0.0605888 0.00234787
threshold=11.500000000000002 10.500000000000002 18.500000000000004 0.74835000000000018 0.50945000000000007 7.5000000000000009 0.40240000000000004 28.500000000000004 10.500000000000002 0.65730000000000011 5.5000000000000009 25.500000000000004 0.31310000000000004 0.21305000000000002 0.55440000000000011 1.0000000180025095e-35 2.5000000000000004 0.31310000000000004 0.17595000000000002 26.500000000000004 0.64075000000000004 15.500000000000002 0.41960000000000003 10.500000000000002 20.500000000000004 0.44575000000000004 0.40240000000000004 0.67960000000000009
decision_type=2 2 2 2 2 2 2 2 2 2 2 2 2 2 2 2 2 2 2 2 2 2 2 2 2 2 2 2
left_child=1 5 3 4 -3 8 11 -8 10 -10 -1 -7 13 -4 -14 16 -2 18 19 -17 21 -19 -22 -5 -20 26 -18 -27
right_child=15 2 12 23 -6 6 7 -9 9 -11 -12 -13 14 -15 -16 17 25 20 24 -21 22 -23 -24 -25 -26 27 -28 -29
leaf_value=-9.9844277160791972e-05 0.068630692045771713 0.020346261707015291 -0.057402638505805043 -0.066748504537880546 0.092298962202877533 0.0035721179167051173 0.01308801778483803 -0.019177117351904707 -0.012477404332872741 0.015551174792871953 0.01997656629795766 0.048067017394432671 -0.029294961893637048 0.076400330708226702 -0.01012817180626255 -0.010643076549598326 -0.060309325483633991 0.010744474199737009 -0.06936432168050341 0.063568895536653999 -0.022817063165241822 -0.00032381483196198982 0.00032162519488059872 0.025989197654001102 -0.058708129355763465 -0.052362813040422521 -0.07347649583494055 -0.056100232914623051
leaf_weight=2632.3482943375129 1.0059741344302882 11.91038569156081 1.8426606697030354 3.1661081751808515 7.690339319407939 12.222991704940794 88.416042087599635 49.93064513290301 416.28955045249313 108.72421576199122 65.371652336791158 30.930369723588228 73.707669402472675 4.2610358223319054 109.29217880801298 18.044616515282549 2.8951863166876137 434.0577533848118 1.4530271030962447 3.2792703993618479 38.830112304538488 428.55302958795801 552.67305099219084 1.9776419568806884 7.9100762819871306 0.60552513576112676 1.2512578619644044 1.3731028370093552
leaf_count=12071 5 44 27 33 18 40 302 270 2041 511 248 70 431 22 955 201 38 2068 10 12 140 2135 6198 9 105 25 14 29
internal_value=-4.46145e-06 -0.000824886 -0.0105412 0.0320155 0.0485769 -0.000214524 0.00953199 0.00144322 -0.000763435 -0.00667301 0.000386651 0.035464 -0.0161098 0.0360062 -0.0178481 0.00198515 -0.042945 0.00220093 -0.0178826 0.00076953 0.00262477 0.00524565 -0.00119735 -0.0310932 -0.0603618 -0.06127 -0.0642827 -0.0549565
internal_weight=5110.01 3618.08 213.848 24.7445 19.6007 3404.23 181.5 138.347 3222.73 525.014 2697.72 43.1534 189.104 6.1037 183 1491.93 7.13105 1484.8 30.687 21.3239 1454.11 862.611 591.503 5.14375 9.3631 6.12507 4.14644 1.97863
internal_count=28072 17092 1539 104 62 15553 682 572 14871 2552 12319 110 1435 49 1386 10980 111 10869 328 213 10541 4203 6338 42 115 106 52 54
is_linear=0
shrinkage=0.05


Tree=201
num_leaves=31
num_cat=0
split_feature=0 1 13 5 0 0 0 15 7 0 14 13 15 1 6 5 7 14 0 7 14 13 5 7 15 14 6 5 7 0
split_gain=3.37052 17.8865 8.86181 8.87265 8.66579 14.2358 10.3048 11.5059 7.98932 7.85258 10.2389 12.7318 20.3541 16.9951 7.89973 7.75233 7.49898 7.29749 6.21704 25.4547 17.2536 7.53434 6.0469 8.68247 5.79162 5.61166 19.1854 16.0447 1.85543 1.64112
threshold=0.10100000000000002 0.36940000000000006 1.5000000000000002 0.26030000000000003 0.072300000000000017 0.056100000000000004 0.084350000000000022 25.500000000000004 0.46970000000000006 0.12615000000000001 31.500000000000004 12.500000000000002 28.500000000000004 0.48215000000000002 0.14390000000000003 0.54655000000000009 0.32495000000000002 16.500000000000004 0.15300000000000002 0.52240000000000009 11.500000000000002 15.500000000000002 0.22345000000000004 0.43285000000000007 29.500000000000004 20.500000000000004 0.17820000000000005 0.46545000000000009 0.38760000000000006 0.07060000000000001
decision_type=2 2 2 2 2 2 2 2 2 2 2 2 2 2 2 2 2 2 2 2 2 2 2 2 2 2 2 2 2 2
left_child=1 2 22 8 5 16 7 -6 -4 10 11 13 -13 -2 -12 -5 -3 -8 19 21 -21 -11 28 -24 -16 26 -20 -27 -1 -7
right_child=9 4 3 15 6 29 17 -9 -10 18 14 12 -14 -15 24 -17 -18 -19 25 20 -22 -23 23 -25 -26 27 -28 -29 -30 -31
leaf_value=-0.045767525702745733 0.018241555907565012 0.10029902265685803 0.009187269880761165 -0.007708965779176207 -0.041049328128664887 -0.084382285637828902 -0.049462192625443532 0.030855999141881221 0.045058629881121609 -0.018413878590613421 0.094435115229654643 0.096402853439346362 0.018984490147088043 -0.010854855070251333 -0.034314735633796438 0.043729839462754383 -0.022988603958427223 -0.012695179848548906 -0.045970058711701629 0.051474235271620407 0.00043053163440826664 -0.053945203326005213 0.020454306057288787 -0.053345369006372073 0.0039586748144023048 0.0056548376127413067 -0.0012693651658498258 -0.0024759492186309236 -0.097499663562411049 -0.044234501158147116
leaf_weight=5.6706744092516619 113.36647204589099 1.8292969409376407 107.43017507623881 116.47381587978452 7.7873483570292619 12.066047464963047 22.178678194992244 19.480519324541092 18.143763918429613 115.11471531749703 1.595245987176894 9.9659635294228774 57.322279633022845 90.05104851257056 24.648989556822926 7.8162533575668922 3.786295766942203 34.471980150789022 24.348237127065659 19.6368443146348 105.49338381737471 17.141455247066915 9.9742911942303198 6.6376085914671412 16.501396343111992 1289.1065291939303 1697.5661103967577 1146.2583005628549 2.496241420507431 3.2259400766342869
leaf_count=56 522 17 710 769 66 92 207 88 70 791 9 31 229 437 237 34 26 189 188 52 542 118 50 41 113 5749 5991 10597 14 37
internal_value=-4.55628e-06 -0.0045384 0.00216809 0.00499645 -0.0221093 -0.0509109 -0.0149336 0.0103208 0.0143702 0.000359321 0.0080064 0.0115974 0.0304508 0.00536084 -0.0147349 -0.00447412 0.0171727 -0.0270894 -0.00018364 -0.00772456 0.00844088 -0.023019 -0.0263525 -0.00903379 -0.018967 0.000283236 -0.00190144 0.0018279 -0.0615796 -0.0759129
internal_weight=5107.59 379.469 274.643 249.864 104.826 20.9076 83.9185 27.2679 125.574 4728.12 313.451 270.706 67.2882 203.418 42.7456 124.29 5.61559 56.6507 4414.67 257.386 125.13 132.256 24.7788 16.6119 41.1504 4157.28 1721.91 2435.36 8.16692 15.292
internal_count=28072 2466 1744 1583 722 172 550 154 780 25606 1578 1219 260 959 359 803 43 396 24028 1503 594 909 161 91 350 22525 6179 16346 70 129
is_linear=0
shrinkage=0.05


Tree=202
num_leaves=23
num_cat=0
split_feature=6 7 13 0 13 0 7 2 0 13 7 7 0 0 4 13 2 5 7 2 0 14
split_gain=3.38152 8.11185 13.1673 16.6278 14.8106 13.032 11.5732 10.2708 9.35614 6.79445 6.27678 5.99884 10.1246 6.14426 5.49216 10.9625 4.42201 4.2607 2.39522 2.36782 0.0766562 0.0466421
threshold=0.76830000000000009 0.79430000000000012 6.5000000000000009 0.56175000000000008 14.500000000000002 0.71200000000000008 0.8973000000000001 24.500000000000004 0.81100000000000005 12.500000000000002 0.82425000000000004 0.78630000000000011 0.73795000000000011 0.82480000000000009 0.78405000000000014 10.500000000000002 23.500000000000004 0.74850000000000005 0.89510000000000012 8.5000000000000018 0.75380000000000014 39.500000000000007
decision_type=2 2 2 2 2 2 2 2 2 2 2 2 2 2 2 2 2 2 2 2 2 2
left_child=1 7 3 17 6 -6 -4 11 -5 10 19 13 -13 -1 15 -12 -16 -3 -11 -2 21 -20
right_child=9 2 4 8 5 -7 -8 -9 -10 18 14 12 -14 -15 16 -17 -18 -19 20 -21 -22 -23
leaf_value=-0.00025272317174776808 0.0088775220945695264 -0.0082327530011295277 -0.02759462528339357 0.055338037756719041 0.029780318010727936 -0.046449534356378323 -0.004690736149819766 0.061602475643725299 -0.011391475023637528 0.0040663272982886037 -0.035982635829506567 0.0070011577366323506 0.082681396852121253 0.01435173540075768 -0.0026513786835938497 0.021720760607889619 0.023638531699512383 -0.066952195473264253 -0.068312302593773619 0.047961253867862486 -0.073906599842059731 -0.055713309726272135
leaf_weight=4391.2777240194846 5.7515505701303509 16.590710475109521 125.27215360477567 22.364894629456106 31.395296661648899 6.8255185373127452 98.537068379577249 6.803533883765339 6.8654319941997519 1.7674413658678521 9.2755320668220502 18.870035562664274 5.7707835659384719 73.218449428677559 173.32021269388497 73.084875322878361 17.621051796711981 3.7961362153291693 1.1144917588680985 11.878755532205103 1.4242174737155435 2.155043107457459
leaf_count=20983 19 93 1728 72 213 30 814 20 27 11 46 183 16 288 1980 1076 377 15 8 28 9 36
internal_value=-5.06344e-06 -0.000325123 -0.00812603 0.0154921 -0.0125983 0.0161671 -0.0175107 0.000215616 0.039665 0.00516894 0.00629521 0.000122581 0.0247252 -1.32077e-05 0.0044299 0.0152221 -0.000225209 -0.0191666 -0.0455442 0.0352109 -0.0642252 -0.0600079
internal_weight=5104.98 4807.59 311.647 49.6172 262.03 38.2208 223.809 4495.94 29.2303 297.393 290.932 4489.14 24.6408 4464.5 273.302 82.3604 190.941 20.3868 6.46119 17.6303 4.69375 3.26953
internal_count=28072 24482 2992 207 2785 243 2542 21490 99 3590 3526 21470 199 21271 3479 1122 2357 108 64 47 53 44
is_linear=0
shrinkage=0.05


Tree=203
num_leaves=26
num_cat=0
split_feature=7 1 1 2 2 1 7 0 14 0 7 1 0 1 0 5 1 2 1 5 2 7 13 9 14
split_gain=3.22583 7.79143 9.84397 8.77608 11.7051 14.249 12.0212 8.10029 8.27266 6.96127 6.33653 27.5183 10.2695 11.4774 7.70245 10.1145 7.00741 5.97823 10.3264 14.7939 9.35306 6.96238 6.65791 4.36883 3.83167
threshold=0.39175000000000004 0.8136500000000001 0.84415000000000007 2.5000000000000004 11.500000000000002 0.59730000000000005 0.38170000000000009 0.033900000000000007 36.500000000000007 0.39175000000000004 0.41105000000000008 0.64405000000000012 0.091750000000000012 0.20415000000000003 0.12615000000000001 0.23845000000000002 0.64145000000000019 1.5000000000000002 0.52705000000000013 0.32305000000000006 2.5000000000000004 0.69920000000000015 1.0000000180025095e-35 0.99731137682679549 40.500000000000007
decision_type=2 2 2 2 2 2 2 2 2 2 2 2 2 2 2 2 2 2 2 2 2 2 2 2 2
left_child=1 3 -3 7 6 -6 -5 24 -9 -4 11 12 13 -2 -13 -16 -14 21 19 -19 -20 22 -12 -23 -1
right_child=10 2 9 4 5 -7 -8 8 -10 -11 17 14 16 -15 15 -17 -18 18 20 -21 -22 23 -24 -25 -26
leaf_value=-0.052324918849538153 0.020479491178028594 0.064653523900639651 0.030009528260576863 -0.0092739683907707357 0.10735701438878496 -0.017224837297238334 -0.040590983748398347 0.0008957863914981853 0.036513723818743231 -0.051491133634218436 0.054682133235136959 0.03851575019576494 0.027032078403614948 -0.065765223428462485 -0.05856073345292552 -0.0092560931199318127 0.1000136543891636 0.0022998357185706969 -0.0080226200230725016 -0.010553434670292924 0.0017224766281672722 0.014445565762794524 0.00422072390282522 0.075494600363059133 0.042814265401059343
leaf_weight=9.1617433074861747 9.8081966936588305 9.168766565620901 5.9188251271843892 178.48752144165337 4.4405958354473096 4.7505649067461491 36.99390609189868 188.44084136583842 17.846141289919615 4.7009522393345833 6.870123788714408 4.8649721071124068 94.955748426727951 6.3583994107320896 16.649337332695723 27.720379551872611 3.4070674777030936 392.71105708368123 267.15203531738371 520.70409240713343 3142.301272763405 5.5454522017389518 134.69045010022819 6.2148077636957169 1.1965145617723454
leaf_count=121 47 23 17 1355 21 26 235 1367 79 19 19 25 423 42 94 108 5 1500 1070 4864 15988 21 582 15 6
internal_value=-4.81797e-06 -0.00399339 0.0267001 -0.00536967 -0.0122935 0.0429653 -0.0146505 0.00181067 0.00397714 -0.00606757 0.000391556 0.0100517 0.0234901 -0.013441 -0.0212087 -0.0277572 0.02956 3.81332e-05 -0.000305992 -0.00502734 0.000958887 0.00974072 0.00666968 0.0467074 -0.0413351
internal_weight=5101.06 461.106 19.7885 441.318 224.673 9.19116 215.481 216.645 206.287 10.6198 4639.95 163.764 114.529 16.1666 49.2347 44.3697 98.3628 4476.19 4322.87 913.415 3409.45 153.321 141.561 11.7603 10.3583
internal_count=28072 3269 59 3210 1637 47 1590 1573 1446 36 24803 744 517 89 227 202 428 24059 23422 6364 17058 637 601 36 127
is_linear=0
shrinkage=0.05


Tree=204
num_leaves=23
num_cat=0
split_feature=4 5 5 15 15 14 14 15 0 4 15 8 13 14 9 0 4 13 9 15 13 5
split_gain=3.30389 5.52714 11.6963 11.2708 15.8532 10.3215 9.67416 9.5051 7.64024 7.25081 5.00277 4.60478 4.15005 3.48219 4.94009 3.30002 3.24359 3.22891 0.0406255 0.0393757 0.00717793 0.00110391
threshold=0.15480000000000002 0.15710000000000005 0.17190000000000003 24.500000000000004 21.500000000000004 36.500000000000007 19.500000000000004 17.500000000000004 0.19100000000000003 0.20460000000000003 19.500000000000004 1.0000000180025095e-35 12.500000000000002 20.500000000000004 0.99975502204801581 0.099200000000000024 0.20460000000000003 26.500000000000004 0.99975502204801581 34.500000000000007 14.500000000000002 0.15120000000000003
decision_type=2 2 2 2 2 2 2 2 2 2 2 2 2 2 2 2 2 2 2 2 2 2
left_child=13 3 6 4 7 8 16 -2 -5 15 -8 -6 -11 14 17 -4 -3 19 20 -1 21 -15
right_child=1 2 9 5 11 -7 10 -9 -10 12 -12 -13 -14 18 -16 -17 -18 -19 -20 -21 -22 -23
leaf_value=-0.054034197450740964 0.045838238479687515 0.0083844214824434077 -0.0094951954783925666 -0.00072938099954990461 0.085463469813273699 0.09533903903740297 0.036718510069327442 -0.047811361427663124 -0.070260394058573136 -0.00052476466122814509 -0.01527775547185546 0.031413435410127082 0.0030811530553621447 -0.052637240267265378 0.047649558142270759 -0.059340653937970604 -0.055677548888797293 0.054378399047192653 -0.064477682375298995 -0.066551324691884406 -0.058262369847821099 -0.055061684896233726
leaf_weight=2.8206629375927137 4.6515793362632412 2.1983141526579884 6.0971627025865001 37.52450852887705 11.798320159316065 2.561413772404193 5.7081581875681904 6.4895102642476559 4.415766241028904 3946.7418564823456 24.401294054463506 5.9166809665039173 1000.1232300610282 1.7119517326354987 2.8430958688259125 7.2914453749544919 19.530004519969225 0.79598616063594807 1.606455424800515 0.80834169499576081 1.0558042656630275 0.64694499038159836
leaf_count=80 38 37 82 302 51 11 21 68 36 21110 152 34 5668 49 10 95 169 4 14 17 13 11
internal_value=-5.27058e-06 5.73031e-05 -0.000142117 0.0136825 0.038021 -0.00209926 -0.0237694 -0.00871119 -0.00805009 0.000104803 -0.00542029 0.0674112 0.000204255 -0.0258991 -0.00377703 -0.0366411 -0.0491962 -0.0368191 -0.0579206 -0.0568223 -0.0548358 -0.0533022
internal_weight=5097.74 5085.45 5012.09 73.3578 28.8561 44.5017 51.8378 11.1411 41.9403 4960.25 30.1095 17.715 4946.87 12.2892 7.26809 13.3886 21.7283 4.42499 5.02116 3.629 3.4147 2.3589
internal_count=28072 27874 27334 540 191 349 379 106 338 26955 173 85 26778 198 111 177 206 101 87 97 73 60
is_linear=0
shrinkage=0.05


Tree=205
num_leaves=27
num_cat=0
split_feature=2 12 0 8 4 15 15 14 15 0 12 4 13 0 15 5 2 2 5 5 4 14 0 14 15 15
split_gain=3.33113 14.32 11.1977 17.1343 12.8814 10.3811 27.3042 17.6812 16.4773 24.0286 12.2519 10.0244 11.1871 9.99789 8.01386 18.2553 15.0359 5.75991 5.52176 11.3369 4.57178 3.24043 1.93992 0.485757 0.340403 0.0398626
threshold=6.5000000000000009 1.0000000180025095e-35 0.59320000000000006 1.0000000180025095e-35 0.81305000000000016 20.500000000000004 17.500000000000004 17.500000000000004 30.500000000000004 0.28280000000000005 1.0000000180025095e-35 0.26140000000000008 1.0000000180025095e-35 0.22125000000000003 32.500000000000007 0.26750000000000002 9.5000000000000018 5.5000000000000009 0.36980000000000007 0.26750000000000002 0.42645000000000005 44.500000000000007 0.82480000000000009 15.500000000000002 20.500000000000004 22.500000000000004
decision_type=2 2 2 2 2 2 2 2 2 2 2 2 2 2 2 2 2 2 2 2 2 2 2 2 2 2
left_child=2 22 5 4 23 6 7 -1 10 -10 -7 12 -3 -8 15 -13 -16 -6 19 -5 -20 -14 24 -4 -2 -26
right_child=1 11 3 18 17 8 13 -9 9 -11 -12 14 21 -15 16 -17 -18 -19 20 -21 -22 -23 -24 -25 25 -27
leaf_value=-0.002305561127527324 -0.077900465312613937 0.085390213638938436 0.065020327672200354 0.031292074634129627 -0.054184473204596809 0.059631484317472283 -0.019745103827214863 0.018053817447725797 -0.003621043974468008 -0.07589400852773881 0.0058464231330188987 -0.017332161088024003 -0.062671655311283631 -0.0038788356575320936 0.025365379729543905 -0.00049081268635769776 0.00025980020035329046 0.051427389709612185 -0.061576896600886388 -0.052503824300470708 0.014892104411309693 0.012718011305710531 0.0040487675109871389 0.049941342826454745 -0.064857183568322582 -0.056021268843911357
leaf_weight=319.88172147981822 3.1474084863439185 1.591554313898089 20.50868055224419 6.4233616441488293 4.010355081409215 10.695128930034114 237.47165972623043 159.97134670708328 343.79328278405592 11.898510815110056 1058.6906994360033 173.75878436304629 12.823683513328431 170.62993084965274 80.799693230073899 2175.5505218673497 227.72238319390453 1.9039211496710775 2.0419646948575965 10.861572846770285 45.676203144714236 1.6035768780857313 1.1585414558649052 7.2215590178966513 1.6745182881131766 5.3694721446372569
leaf_count=1166 22 4 52 16 24 66 1512 638 1914 103 5373 732 124 684 452 12948 1719 24 7 46 266 15 4 28 16 117
internal_value=-5.65386e-06 -0.00121705 0.00134313 0.0178408 0.0468056 0.000639525 -0.00360397 0.00448176 0.00328361 -0.0060387 0.00638434 -0.000979154 -0.040414 -0.0131113 -0.000741479 -0.00173643 0.00683477 -0.0201859 0.00284914 -0.0213639 0.0116198 -0.0542922 -0.0572605 0.0610934 -0.06423 -0.0581218
internal_weight=5096.88 2685.2 2411.68 98.6476 33.6445 2313.03 887.955 479.853 1425.08 355.692 1069.39 2673.85 16.0188 408.102 2657.83 2349.31 308.522 5.91428 65.0031 17.2849 47.7182 14.4273 11.3499 27.7302 10.1914 7.04399
internal_count=28072 16153 11919 463 128 11456 4000 1804 7456 2017 5439 15994 143 2196 15851 13680 2171 48 335 62 273 139 159 80 155 133
is_linear=0
shrinkage=0.05


Tree=206
num_leaves=21
num_cat=0
split_feature=4 5 5 14 14 5 2 3 4 2 7 2 1 14 9 5 7 9 1 2
split_gain=3.10979 4.90684 10.6946 9.0721 8.01398 7.19468 8.06689 7.59116 6.72089 6.2776 5.6887 4.13673 3.5372 3.32284 4.52459 1.88175 0.0973672 0.0347518 0.00320707 0.000913209
threshold=0.15480000000000002 0.15710000000000005 0.17190000000000003 19.500000000000004 36.500000000000007 0.13075000000000001 1.5000000000000002 1.0000000180025095e-35 0.20460000000000003 2.5000000000000004 0.52110000000000012 4.5000000000000009 0.83045000000000013 20.500000000000004 0.99975502204801581 0.16275000000000003 0.26205000000000006 0.99975502204801581 0.18350000000000002 2.5000000000000004
decision_type=2 2 2 2 2 2 2 2 2 2 2 2 2 2 2 2 2 2 2 2
left_child=13 4 3 12 5 6 -2 -7 10 -5 -4 -10 -3 14 15 16 -1 18 -15 -20
right_child=1 2 8 9 -6 7 -8 -9 11 -11 -12 -13 -14 17 -16 -17 -18 -19 19 -21
leaf_value=-0.057024699642197155 0.026241512683355606 -0.053837475324882179 -0.046035574150409569 0.0137821693775513 0.065598309902994062 -0.023967608053043404 -0.057156058088577537 0.024376519875117117 0.0019052199622679494 -0.032705247181160434 0.070481001010424912 -0.0010277416353326422 0.022845092371443464 -0.056462562060624888 0.04506529788339772 0.02981305981990694 -0.034624428018080376 -0.063719402436738376 -0.054031678067996913 -0.051660886309997323
leaf_weight=2.8045604992657887 4.5820437574293447 19.53947375249118 11.880765590351073 17.781120548024777 6.5649645775556555 9.9318430135026556 7.8969664969481528 44.513532167300582 2062.2784601440653 12.275723084807394 1.1488535702228535 2882.7319297632203 1.6292504370212544 1.3791460115462544 2.8435369394719601 0.85602551046758879 0.58657998964190472 1.5488865319639442 1.3029309501871464 0.59016764583066095
leaf_count=76 39 201 175 82 26 126 132 217 8770 91 2 18008 5 23 10 10 15 14 26 24
internal_value=-5.53155e-06 5.42707e-05 -0.000133898 -0.0228627 0.0128804 0.00770904 -0.0265341 0.0155577 0.000100932 -0.00520408 -0.035762 0.000195427 -0.0479356 -0.025523 -0.00374767 -0.0364286 -0.05315 -0.0575492 -0.0546286 -0.0532926
internal_weight=5094.67 5082.75 5009.27 51.2256 73.4894 66.9244 12.479 54.4454 4958.04 30.0568 13.0296 4945.01 21.1687 11.9118 7.0907 4.24717 3.39114 4.82113 3.27224 1.8931
internal_count=28072 27874 27334 379 540 514 171 343 26955 173 177 26778 206 198 111 101 91 87 73 50
is_linear=0
shrinkage=0.05


Tree=207
num_leaves=28
num_cat=0
split_feature=0 3 1 6 13 0 3 0 15 15 1 0 7 9 4 7 13 15 3 1 4 15 6 13 4 1 15
split_gain=3.35286 16.5286 15.5915 10.5342 10.4724 15.9734 10.8489 8.47468 13.8533 15.9016 18.3192 10.2876 7.59828 7.4271 5.96053 5.53852 13.6139 8.97938 7.01033 5.94427 17.7481 9.801 1.80956 2.57855 0.791525 0.734903 0.0744408
threshold=0.10620000000000002 4.5000000000000009 0.30600000000000005 0.30070000000000002 16.500000000000004 0.094750000000000015 3.5000000000000004 0.12615000000000001 37.500000000000007 31.500000000000004 0.74130000000000018 0.12390000000000002 0.25225000000000003 0.98581488933601624 0.26570000000000005 0.31665000000000004 1.5000000000000002 23.500000000000004 1.0000000180025095e-35 0.35070000000000007 0.55630000000000013 37.500000000000007 0.32860000000000006 4.5000000000000009 0.49720000000000003 0.48215000000000002 30.500000000000004
decision_type=2 2 2 2 2 2 2 2 2 2 2 2 2 2 2 2 2 2 2 2 2 2 2 2 2 2 2
left_child=1 2 3 12 6 -6 -4 8 9 11 -11 -2 -1 -5 -10 16 17 -9 -18 20 -17 -21 23 -3 -25 -16 -24
right_child=7 22 4 13 5 -7 -8 15 14 10 -12 -13 -14 -15 25 19 18 -19 -20 21 -22 -23 26 24 -26 -27 -28
leaf_value=-0.028962322234051336 0.00095639890007491804 -0.0020278106314365542 -0.030805343986845382 -0.025421907081788927 0.022273810272674333 -0.052263930915438198 0.010637555633222056 0.12101462085388759 -0.0059714137833224244 -0.045585260573042539 0.078763135152904729 0.022934109875648284 0.01380156146091497 0.0051414200553138445 0.037395591093688382 -0.015393284344956251 0.0041030592866083066 -0.013202352486902415 -0.059022171081073729 0.00066212986991323998 0.039751693799132161 -0.017211781584082611 0.054630648724534908 0.058565822064448408 0.026995485966745732 0.059231945280960409 0.064608211575407234
leaf_weight=11.292886826675383 134.87309213355184 4.5156035497784641 111.18506814260036 46.133626852184534 30.102424441371113 9.442163370549677 18.405808940529823 2.3965841457247761 5.0606073075905469 24.399546620436016 3.3710790425539008 87.979190649930388 129.52644373569638 34.925460867583752 4.9934119675308493 139.33731831680052 6.2199550520163056 2.595995151437819 15.016349764307959 4144.1455856217071 16.297414108878002 78.141912134364247 4.0509148426353923 4.6570631787180883 3.4607906490564346 16.872593387961388 3.4713396579027176
leaf_count=164 711 20 858 396 166 64 51 16 24 167 12 401 673 197 17 1216 62 24 208 21742 213 547 22 20 16 56 9
internal_value=-5.79008e-06 -0.00433479 -0.00661084 0.00210638 -0.0180464 0.00447624 -0.0249192 0.000374404 0.00884845 0.00518697 -0.0304906 0.00963291 0.0103721 -0.0122533 0.0429281 -0.00015963 -0.0230673 0.0512257 -0.0405333 -2.23869e-05 -0.00961873 0.000331337 0.0398197 0.0282594 0.0451068 0.0542453 0.0592351
internal_weight=5092.87 411.17 391.014 221.878 169.135 39.5446 129.591 4681.7 277.55 250.623 27.7706 222.852 140.819 81.0591 26.9266 4404.15 26.2289 4.99258 21.2363 4377.92 155.635 4222.29 20.1557 12.6335 8.11785 21.866 7.52225
internal_count=28072 2656 2569 1430 1139 230 909 25416 1388 1291 179 1112 837 593 97 24028 310 40 270 23718 1429 22289 87 56 36 73 31
is_linear=0
shrinkage=0.05


Tree=208
num_leaves=15
num_cat=0
split_feature=15 15 2 15 4 0 13 15 2 13 0 0 6 6
split_gain=3.28112 4.10128 14.7442 6.45 22.5553 21.6395 12.4848 7.23174 9.77903 5.53141 5.17256 7.17008 2.94651 2.25908
threshold=11.500000000000002 14.500000000000002 3.5000000000000004 15.500000000000002 0.50945000000000007 0.70480000000000009 1.0000000180025095e-35 16.500000000000004 4.5000000000000009 11.500000000000002 0.49390000000000006 0.28280000000000005 0.34525000000000006 0.5082000000000001
decision_type=2 2 2 2 2 2 2 2 2 2 2 2 2 2
left_child=-1 2 10 4 6 -6 -3 8 -5 -9 11 -2 -12 -4
right_child=1 3 13 7 5 -7 -8 9 -10 -11 12 -13 -14 -15
leaf_value=-0.047207399078630807 0.030527491805319093 0.06312356702258573 -0.095253388416846468 0.01419395632582502 -0.044961247932123624 0.017644793192748184 0.0011768521917874765 -0.0014647075143996522 -0.0064047382548946073 0.0023096264541247499 0.058518914620906373 -0.0034744085376326585 0.011335146362470488 -0.032522461376905724
leaf_weight=3.6790553852915755 26.153202872723341 9.1854533962905389 3.1016059368848792 192.8421514313668 57.11057682801038 18.201224442571402 71.028732616454363 3170.333972966997 82.168074917048216 1399.1183116903994 10.054792135953901 38.078983567655087 4.931574970483779 2.6712218448519707
leaf_count=20 71 27 21 673 265 88 271 15515 449 10488 26 118 22 18
internal_value=-5.90465e-06 2.82463e-05 0.0109196 -0.000156888 -0.0101796 -0.0298307 0.00827047 0.00016488 0.00803944 -0.000309046 0.0165414 0.01037 0.0429921 -0.0662263
internal_weight=5088.66 5084.98 84.9914 4999.99 155.526 75.3118 80.2142 4844.46 275.01 4569.45 79.2186 64.2322 14.9864 5.77283
internal_count=28072 28052 276 27776 651 353 298 27125 1122 26003 237 189 48 39
is_linear=0
shrinkage=0.05


Tree=209
num_leaves=23
num_cat=0
split_feature=3 15 9 15 9 15 7 5 13 2 14 5 14 7 2 13 14 4 13 4 15 9
split_gain=3.02201 15.6332 16.0955 20.4003 15.959 16.6292 9.40876 9.26887 8.79675 8.70382 7.28695 5.83302 13.7457 5.81096 2.86369 2.12924 3.39908 2.65585 1.70639 0.0486282 0.00994713 0.00219637
threshold=1.0000000180025095e-35 37.500000000000007 0.0054887218045112512 14.500000000000002 0.011892857142857103 28.500000000000004 0.25225000000000003 0.15710000000000005 18.500000000000004 3.5000000000000004 16.500000000000004 0.17715000000000003 19.500000000000004 0.53695000000000015 1.5000000000000002 21.500000000000004 26.500000000000004 0.30165000000000003 6.5000000000000009 0.21850000000000003 36.500000000000007 0.99975502204801581
decision_type=2 2 2 2 2 2 2 2 2 2 2 2 2 2 2 2 2 2 2 2 2 2
left_child=1 2 3 -1 -4 -6 19 8 10 -5 -8 12 -9 -13 -10 16 17 -3 -18 20 21 -2
right_child=6 15 4 9 5 -7 7 11 14 -11 -12 13 -14 -15 -16 -17 18 -19 -20 -21 -22 -23
leaf_value=0.035011841116725985 -0.052554954366500019 -0.018299351989294058 0.086759870755428958 -0.038065660105248707 -0.012289163459524386 0.020964945132162169 0.084149493660841443 -0.042615163266913794 0.021052075155682325 0.031881310664710887 0.022754046296624055 0.0025118230715625218 0.0060175795352473832 -0.0010917530818461264 -0.039159914637852143 0.05997959235487952 0.024768841297803462 0.032196819716247681 0.064144336131336549 -0.064302575330118267 -0.057651159224128216 -0.055949065769264242
leaf_weight=12.284357935190199 2.6937813372351225 5.8164606466889435 5.1855602003633967 77.652617015875876 124.19465060648508 53.914284005761147 5.5178472995758048 26.043855221010745 2.7545173922553641 4.7176610492169848 38.937197753228247 1864.0031849634834 32.863257889635861 2797.974586017197 6.9751084949821234 5.3045091480016699 5.6220950931310636 4.7144904136657715 5.3887562528252602 1.8349279724061487 1.9716500770300625 0.57911245524883259
leaf_count=28 80 23 13 836 943 276 22 187 17 23 193 8334 163 16785 47 12 15 11 15 15 27 7
internal_value=-5.55318e-06 -0.00483277 -0.00835201 -0.0250954 0.000294391 -0.00222301 0.000302115 0.00038751 0.0209496 -0.0340595 0.0303746 0.000151506 -0.0154838 0.000349068 -0.0221135 0.0316031 0.0246156 0.00430675 0.0440394 -0.0572968 -0.0548456 -0.0531555
internal_weight=5086.94 304.795 277.949 94.6546 183.294 178.109 4782.15 4775.07 54.1847 82.3703 44.455 4720.88 58.9071 4661.98 9.72963 26.8463 21.5418 10.531 11.0109 7.07947 5.24454 3.27289
internal_count=28072 2195 2119 887 1232 1219 25877 25748 279 859 215 25469 350 25119 64 76 64 34 30 129 114 87
is_linear=0
shrinkage=0.05


Tree=210
num_leaves=31
num_cat=0
split_feature=0 1 13 0 5 0 0 13 5 0 5 13 0 15 4 15 7 15 7 5 7 4 4 0 15 0 9 1 4 7
split_gain=3.13272 14.9349 7.99425 7.98721 12.7924 9.52796 9.01716 10.2883 7.2618 10.0251 7.69524 6.79609 6.61034 9.61044 8.62796 8.36117 22.1858 11.1938 6.44761 5.42708 7.65821 5.42101 12.9334 13.1251 10.4515 8.92216 22.7144 17.1606 2.24985 1.7912
threshold=0.10100000000000002 0.36940000000000006 1.5000000000000002 0.072300000000000017 0.14590000000000003 0.056100000000000004 0.084350000000000022 5.5000000000000009 0.29460000000000003 0.091750000000000012 0.54655000000000009 7.5000000000000009 0.12615000000000001 37.500000000000007 0.26570000000000005 31.500000000000004 0.53000000000000014 29.500000000000004 0.64075000000000004 0.22345000000000004 0.43285000000000007 0.43535000000000007 0.46710000000000007 0.15705000000000005 15.500000000000002 0.52705000000000013 0.030133333333333304 0.78680000000000005 0.23605000000000004 0.39735000000000004
decision_type=2 2 2 2 2 2 2 2 2 2 2 2 2 2 2 2 2 2 2 2 2 2 2 2 2 2 2 2 2 2
left_child=1 2 19 4 5 -3 7 -5 9 -4 -10 -8 13 15 28 17 -17 -2 -6 29 -21 25 23 -23 -24 27 -27 -14 -15 -1
right_child=12 3 8 6 18 -7 11 -9 10 -11 -12 -13 21 14 -16 16 -18 -19 -20 20 -22 22 24 -25 -26 26 -28 -29 -30 -31
leaf_value=-0.045620666349588786 0.0017583931730894464 0.14134369480036937 0.005737559717917326 -0.07190484871517018 -0.075903869433179283 -0.055409048577578418 -0.005691012770035679 0.021705634707867582 -0.010700205130073895 0.041389053379453748 0.041437236688593893 -0.04105744946685097 -0.0031599128780457602 0.010439526331600465 0.047572752649554927 -0.04632266247266012 0.045913094218460598 0.026913807635047443 0.0095867502900230106 0.018178159017918308 -0.05142353052206336 -0.027164736310446937 -0.013634360365357043 0.010844694508339104 0.00047545713026542896 -0.026314540764478866 0.004050993316281476 0.013989829920393389 -0.049608626677329251 -0.10001498099904127
leaf_weight=5.8090125932358232 191.28043739777058 1.4343333682045369 128.64377162372693 3.3539123209193376 15.285348013043405 1.0775944027118383 24.469980986788869 23.509112041443586 86.805227962322533 23.28797628544271 7.7054408565163603 30.532949795015156 1099.9060461551417 3.2573980167508152 24.220959169790149 22.568254527170215 9.1680143596604449 57.522830622270703 2.5773495584726325 10.003623288124802 6.5331161096692076 23.973151981830597 139.2176454057917 431.82481287838891 2291.1210314838681 124.4185940399766 121.94902723655105 168.16958848945796 2.9933139234781265 2.0467339530587196
leaf_count=58 1073 12 842 24 129 22 148 130 603 104 34 248 5803 18 86 167 34 187 9 50 41 143 586 1657 14356 543 450 490 13 12
internal_value=-5.86442e-06 -0.00441633 0.00173022 -0.0206985 -0.0487117 0.0569385 -0.0137267 0.0100181 0.00443279 0.0112022 -0.00644945 -0.0253235 0.000343368 0.00738811 0.0340569 0.0044914 -0.0196775 0.00757428 -0.0635687 -0.0255744 -0.00931916 -0.00015452 0.00111671 0.00884555 -0.000332799 -0.00257715 -0.011284 -0.000885549 -0.0183161 -0.0597925
internal_weight=5084.67 373.075 270.835 102.241 20.3746 2.51193 81.866 26.863 246.442 151.932 94.5107 55.0029 4711.59 311.011 30.4717 280.54 31.7363 248.803 17.8627 24.3925 16.5367 4400.58 2886.14 455.798 2430.34 1514.44 246.368 1268.08 6.25071 7.85575
internal_count=28072 2466 1744 722 172 34 550 154 1583 946 637 396 25606 1578 117 1461 201 1260 138 161 91 24028 16742 1800 14942 7286 993 6293 31 70
is_linear=0
shrinkage=0.05


Tree=211
num_leaves=31
num_cat=0
split_feature=15 3 15 1 0 15 4 0 0 0 1 0 0 15 0 2 1 4 2 15 4 0 3 1 14 14 2 4 0 15
split_gain=3.19179 10.9732 34.003 28.3199 24.2769 22.7157 26.4147 21.9841 14.3148 25.3572 10.7581 18.4706 7.16857 6.69009 20.5695 28.2621 34.3899 19.9768 13.8265 11.2225 9.35961 8.76825 19.5326 13.509 22.2146 17.793 10.0104 6.27604 5.4639 3.48637
threshold=18.500000000000004 1.5000000000000002 17.500000000000004 0.79705000000000015 0.6120000000000001 15.500000000000002 0.48050000000000004 0.23605000000000004 0.15830000000000002 0.22125000000000003 0.84415000000000007 0.73205000000000009 0.72475000000000012 21.500000000000004 0.16530000000000003 2.5000000000000004 0.52705000000000013 0.51315000000000011 1.5000000000000002 20.500000000000004 0.65730000000000011 0.32390000000000002 6.5000000000000009 0.63245000000000007 31.500000000000004 23.500000000000004 7.5000000000000009 0.62320000000000009 0.13420000000000001 28.500000000000004
decision_type=2 2 2 2 2 2 2 2 2 2 2 2 2 2 2 2 2 2 2 2 2 2 2 2 2 2 2 2 2 2
left_child=1 2 5 28 8 6 -1 -7 27 -10 12 -12 -6 14 18 17 -17 -16 19 -2 -20 22 26 24 -23 -25 -15 -3 -4 -24
right_child=13 4 3 -5 10 7 -8 -9 9 -11 11 -13 -14 21 15 16 -18 -19 20 -21 -22 23 29 25 -26 -27 -28 -29 -30 -31
leaf_value=0.0090139759208529135 -0.020445302052467244 0.051367361408708394 -0.026681298822144775 0.042168673365689337 -0.026499892195333892 -0.0057755899785476806 -0.030235382557670928 0.02520524089678022 -0.026480298845792557 0.017050391904709465 0.037136713555873918 -0.0054323730982618924 0.030449488429175477 0.0039236724136561454 0.039030504421120597 -0.03989414098943328 -0.0010926659907405884 -0.027438572732736272 -0.037318714342988779 0.044877373819442054 0.021688599888857824 0.0032068631706770193 0.051610043382863936 -0.0083481298619310102 -0.037747492510130792 0.0031211208215856899 -0.0082685194581906523 0.0081403925361202608 -0.060100713482108596 0.018620617327900147
leaf_weight=81.352599907666445 15.092479046434164 35.804747731424868 17.717984601855278 9.8175905644893628 63.574454589746892 98.468933930620551 90.612975340802222 136.83133475668728 38.349009321071208 262.09785566246137 30.40609672665596 157.34640081226826 6.0518054217100135 1265.0085315201432 63.463379073888063 63.06691854679957 604.08281705342233 13.753552958369253 86.59142897464335 11.650822861120105 7.2856951137073329 65.757142885122448 22.800090674310923 511.23393616825342 66.695355714531615 998.85267346957698 194.2023423386272 10.969342336058615 39.490072013344616 12.345044011250137
leaf_count=281 92 117 167 28 324 510 369 355 188 1027 93 1011 20 6944 178 735 3021 58 730 57 35 277 74 1713 1144 6397 1753 49 260 65
internal_value=-6.07433e-06 0.00240753 -0.00328571 -0.0362865 0.00687371 0.00214539 -0.0116675 0.0122403 0.0154998 0.0114941 -0.0047635 0.0014616 -0.0215499 -0.000656772 -0.0045499 -0.0014461 -0.00476064 0.0271913 -0.0237039 0.00801277 -0.0327392 0.000416744 0.0031882 -0.00210468 -0.0174154 -0.000761749 0.00230105 0.0412299 -0.0497503 0.0400222
internal_weight=5080.77 1078.89 474.291 67.0256 604.6 407.266 171.966 235.3 347.221 300.447 257.379 187.752 69.6263 4001.88 864.987 744.367 667.15 77.2169 120.62 26.7433 93.8771 3136.9 1494.36 1642.54 132.452 1510.09 1459.21 46.7741 57.2081 35.1451
internal_count=28072 4799 1970 455 2829 1515 650 865 1381 1215 1448 1104 344 23273 4906 3992 3756 236 914 149 765 18367 8836 9531 1421 8110 8697 166 427 139
is_linear=0
shrinkage=0.05


Tree=212
num_leaves=22
num_cat=0
split_feature=2 4 4 2 3 15 9 5 4 14 1 2 4 15 2 14 5 15 4 3 2
split_gain=2.92564 4.8215 5.51375 3.18232 12.6541 21.1866 20.3309 10.4068 23.9261 19.2734 19.1698 13.3783 12.052 11.3207 8.24804 5.47865 13.6142 6.49732 1.9738 1.70461 0.202875
threshold=26.500000000000004 0.73745000000000005 0.79775000000000007 10.500000000000002 5.5000000000000009 24.500000000000004 0.060555555555555557 0.4431500000000001 0.46245000000000008 30.500000000000004 0.8136500000000001 13.500000000000002 0.6845500000000001 22.500000000000004 9.5000000000000018 45.500000000000007 0.29460000000000003 36.500000000000007 0.84735000000000016 15.500000000000002 27.500000000000004
decision_type=2 2 2 2 2 2 2 2 2 2 2 2 2 2 2 2 2 2 2 2 2
left_child=3 -2 -3 4 15 14 -7 9 11 12 -10 -9 -5 -11 -6 17 -17 -1 20 -20 -4
right_child=1 2 18 7 5 6 -8 8 10 13 -12 -13 -14 -15 -16 16 -18 -19 19 -21 -22
leaf_value=-0.00053551771664101238 0.072330367591186814 -0.063753177195545768 0.070341064508228412 -0.020113729481600409 0.056793930950781127 0.031581189605460934 -0.028256564842257081 0.050889461271116633 -0.013466717429778821 -0.02251484603273203 0.0033538238031020221 0.0012274778083365126 0.038231903360914962 0.010251885833827773 0.007183460558359874 -0.017450229890646204 0.033468268838122726 0.0093891600745287102 -0.01767723938164396 0.051948280435864053 0.044606385217702084
leaf_weight=3410.771766197402 3.656499817967414 2.2429950162768346 1.3921486660838129 231.69838477112353 32.866250229533762 25.370096938684583 32.227606386179104 35.681570052169263 234.18582715280354 32.524198047816753 612.1590516269207 21.874585388228297 9.2023152559995633 139.08693094085902 11.244439560919998 20.284456343390048 37.206240748055279 173.28606715239584 2.8972425572574139 1.2619963008910415 1.7022444307804105
leaf_count=17729 8 17 24 832 102 91 174 128 2480 131 4253 76 26 607 53 120 338 737 68 22 56
internal_value=-6.59822e-06 0.023544 0.00475973 -6.78204e-05 0.000675801 0.0180708 -0.00189979 -0.00218233 0.000820915 -0.00876307 -0.00130046 0.0320151 -0.0178849 0.00404185 0.0441475 0.000189958 0.0155027 -5.56682e-05 0.0259456 0.00344854 0.0561843
internal_weight=5072.82 13.1531 9.49663 5059.67 3743.26 101.708 57.5977 1316.41 903.901 412.512 846.345 57.5562 240.901 171.611 44.1107 3641.55 57.4907 3584.06 7.25363 4.15924 3.09439
internal_count=28072 195 187 27877 19344 420 265 8533 6937 1596 6733 204 858 738 155 18924 458 18466 170 90 80
is_linear=0
shrinkage=0.05


Tree=213
num_leaves=31
num_cat=0
split_feature=15 3 15 1 15 15 4 2 1 15 2 15 15 3 2 5 2 1 5 15 15 5 15 4 14 4 4 4 2 6
split_gain=3.00567 10.0008 31.4144 26.1618 20.5571 25.0981 19.7366 19.2454 21.875 21.5829 7.37126 10.5496 6.02111 17.037 35.8003 17.9126 16.2542 14.6027 12.7352 7.95368 7.54587 18.9647 15.744 35.8601 14.318 5.97742 5.55636 5.47295 5.41672 3.80356
threshold=18.500000000000004 1.5000000000000002 17.500000000000004 0.79705000000000015 15.500000000000002 14.500000000000002 0.53410000000000013 4.5000000000000009 0.46775000000000005 17.500000000000004 3.5000000000000004 15.500000000000002 21.500000000000004 4.5000000000000009 9.5000000000000018 0.27075000000000005 1.5000000000000002 0.39210000000000006 0.22085000000000002 20.500000000000004 24.500000000000004 0.15710000000000005 25.500000000000004 0.43285000000000007 20.500000000000004 0.23015000000000005 0.31850000000000006 0.68705000000000005 9.5000000000000018 0.36785000000000007
decision_type=2 2 2 2 2 2 2 2 2 2 2 2 2 2 2 2 2 2 2 2 2 2 2 2 2 2 2 2 2 2
left_child=1 2 4 27 5 -1 -6 10 26 -10 11 -3 13 16 19 -16 18 -18 -2 -15 21 25 23 -22 -23 -14 -9 -4 -24 -12
right_child=12 7 3 -5 6 -7 -8 8 9 -11 29 -13 20 14 15 -17 17 -19 -20 -21 22 24 28 -25 -26 -27 -28 -29 -30 -31
leaf_value=0.011289444412929582 -0.06377886773233378 0.039569415529482233 -0.052346446907892211 0.040557774009775872 0.0022881934345074227 -0.027387416645453938 0.034054300966675603 0.035124667662186519 -0.0067522849766114062 0.016031666348090303 0.061390379277788509 0.0091375342492676787 -0.0014569870611079892 0.047668546258595304 0.056519332582327698 -0.0062322284109265075 -0.041217555868455907 -0.009704914222681757 0.031902626010820209 0.0039367584219656884 -0.039823671946511034 -0.0044023522053650219 0.0027222886447601916 -0.0011839583266889707 0.0083971496834854293 0.067623795939605505 -0.066355679237384807 0.013192784212343742 -0.00267579494803241 0.0081054943740900606
leaf_weight=72.591566540300846 3.8809535419568411 38.843461662530899 52.50932191661559 9.7064766809344274 164.99609623011202 99.352783971931785 69.491129906848073 1.4898568987846363 236.11678445339203 185.68260746821761 15.441497242078187 106.72566558420658 3.9428144143894341 49.778367815539241 11.906745366752146 253.38024072395638 39.982186931883916 456.50859188567847 33.467969868332148 13.142115666531025 82.9084875844419 370.96212677750736 1113.6639438651036 217.74980040732771 531.59297898272052 15.216204073280094 14.252716683316974 3.3910754835233083 797.53361331485212 4.2765835262835017
leaf_count=223 42 126 416 28 666 427 199 10 1206 847 47 383 60 180 30 1524 525 2413 128 64 542 1426 6223 1171 3510 58 171 11 5377 39
internal_value=-6.19603e-06 0.0023409 -0.00310938 -0.0352138 0.00207296 -0.0110588 0.0117022 0.00660867 0.00111773 0.00327756 0.0211441 0.0172579 -0.000637591 -0.00433818 0.00462646 -0.00341578 -0.00984968 -0.0122426 0.0219603 0.0385343 0.000380443 0.00418133 -0.00120345 -0.0118391 0.00313638 0.0534074 -0.0567517 -0.0483707 0.000469694 0.0498336
internal_weight=5070.48 1074.87 472.038 65.6069 406.432 171.944 234.487 602.829 437.542 421.799 165.287 145.569 3995.62 862.047 328.207 265.287 533.84 496.491 37.3489 62.9205 3133.57 921.714 2211.86 300.658 902.555 19.159 15.7426 55.9004 1911.2 19.7181
internal_count=28072 4799 1970 455 1515 650 865 2829 2234 2053 595 509 23273 4906 1798 1554 3108 2938 170 244 18367 5054 13313 1713 4936 118 181 427 11600 86
is_linear=0
shrinkage=0.05


Tree=214
num_leaves=30
num_cat=0
split_feature=0 1 3 4 3 5 7 13 7 7 1 7 0 14 2 13 0 5 3 7 13 14 3 7 14 1 7 14 1
split_gain=3.33846 13.5134 13.4958 12.9707 12.2346 15.5061 9.39917 8.12259 7.37114 6.06917 5.99456 9.66461 5.91879 9.35963 11.6896 12.1338 8.12966 5.59249 6.39564 5.31966 12.3918 7.33376 6.61523 5.47715 15.8706 6.45394 4.96413 4.87813 6.12249
threshold=0.10100000000000002 0.36940000000000006 3.5000000000000004 0.44175000000000003 1.5000000000000002 0.27520000000000006 0.39735000000000004 17.500000000000004 0.55035000000000012 0.63705000000000012 0.20415000000000003 0.46545000000000009 0.12615000000000001 31.500000000000004 3.5000000000000004 10.500000000000002 0.12390000000000002 0.14590000000000003 1.5000000000000002 0.31665000000000004 1.5000000000000002 23.500000000000004 1.0000000180025095e-35 0.32495000000000002 23.500000000000004 0.35070000000000007 0.48075000000000007 18.500000000000004 0.48215000000000002
decision_type=2 2 2 2 2 2 2 2 2 2 2 2 2 2 2 2 2 2 2 2 2 2 2 2 2 2 2 2 2
left_child=1 4 3 8 5 6 -1 -7 -3 -5 26 -12 13 14 15 -2 -16 -15 -19 20 21 -14 -22 24 -21 -25 -6 -4 -29
right_child=12 2 27 9 10 7 -8 -9 -10 -11 11 -13 19 17 16 -17 -18 18 -20 23 22 -23 -24 25 -26 -27 -28 28 -30
leaf_value=-0.0037355043469980164 -0.00029646387698225533 -0.027096117505058078 -0.020628897691659522 -0.094647013211730233 0.046227139367316102 -0.02883717058192499 0.026646027019520836 0.021650139861226578 0.020325420835214061 -0.028616325450480085 -0.022901159131392332 0.026030218582158229 0.1069319171588808 0.071609687830683097 0.017387168690866778 0.022770733790173962 0.087827596508693082 -0.037540183292994744 0.0023225046073556853 -0.059257647411105008 0.003227122205151021 -0.012847598923088219 -0.058651096308799215 -0.010226004622426522 0.066466109074322086 0.0002866301390855184 0.0055885208649001372 -0.0046900925429752896 0.059220592163385335
leaf_weight=78.903345894999802 161.80165659403428 54.128816332668066 6.8093894794583347 9.8360753431916219 23.962711118161678 67.627870602533221 37.582818403840065 9.0303137525916082 9.6563979387283307 5.385299824178218 17.480658750981092 23.872841610573232 2.5486792307347086 1.7912382837384928 8.48210550658405 88.023735419847071 7.9213891625404349 21.264026654884219 19.100518384948373 3.4317443110048762 6.1675479053519693 2.5630180481821299 14.412923861527814 151.26045988034457 9.3470723163336498 4195.0544870207086 10.94775493070483 6.8382730782031986 8.2904137894511223
leaf_count=657 778 516 24 72 85 566 130 50 36 29 77 116 16 10 54 360 27 224 125 34 62 24 208 1411 46 22227 63 23 22
internal_value=-6.58921e-06 -0.00457686 -0.0201799 -0.0298136 0.00126944 -0.00542599 0.00606672 -0.0228898 -0.019917 -0.0712855 0.0182261 0.00534629 0.000354066 0.00704954 0.0105157 0.00783106 0.0514035 -0.0148408 -0.0186771 -0.000116831 -0.0228016 0.0468742 -0.0401075 1.68717e-05 0.0327031 -7.92306e-05 0.0334831 0.0145145 0.0303325
internal_weight=5063.52 370.353 100.945 79.0066 269.408 193.144 116.486 76.6582 63.7852 15.2214 76.264 41.3535 4693.17 308.385 266.229 249.825 16.4035 42.1558 40.3645 4384.79 25.6922 5.1117 20.5805 4359.09 12.7788 4346.31 34.9105 21.9381 15.1287
internal_count=28072 2466 722 653 1744 1403 787 616 552 101 341 193 25606 1578 1219 1138 81 359 349 24028 310 40 270 23718 80 23638 148 69 45
is_linear=0
shrinkage=0.05


Tree=215
num_leaves=23
num_cat=0
split_feature=7 1 9 2 7 2 1 1 7 1 4 15 1 13 15 15 2 5 4 1 4 4
split_gain=3.09261 7.03969 9.09226 8.12474 12.2125 16.2687 12.1431 7.11057 5.40252 24.7106 12.4278 10.4938 7.93582 5.98451 5.73727 26.4093 10.1182 26.123 16.9161 9.1654 7.54461 0.642108
threshold=0.39175000000000004 0.8136500000000001 0.14337101747173689 11.500000000000002 0.38170000000000009 3.5000000000000004 0.59730000000000005 0.66145000000000009 0.41105000000000008 0.64405000000000012 0.42950000000000005 16.500000000000004 0.64145000000000019 1.5000000000000002 34.500000000000007 33.500000000000007 3.5000000000000004 0.36980000000000007 0.27735000000000004 0.72315000000000007 0.28745000000000004 0.35365000000000008
decision_type=2 2 2 2 2 2 2 2 2 2 2 2 2 2 2 2 2 2 2 2 2 2
left_child=1 3 -3 4 7 -6 -5 -1 9 12 11 -11 13 -2 15 20 18 -18 -16 -17 -10 -4
right_child=8 2 21 6 5 -7 -8 -9 14 10 -12 -13 -14 -15 16 19 17 -19 -20 -21 -22 -23
leaf_value=-0.0055311999097187774 -0.012115679488314593 0.057000709122875796 -0.023815911118704097 0.097816357028994633 -0.0084746117936402732 -0.062919140274150118 -0.016245998805435768 0.015162370831960557 -0.021974162745706367 0.055392605113855499 0.067882338808370482 -0.034816533093087111 0.097499446344925883 0.024039296785402925 0.048418074355842167 -0.065535914656124225 0.030859078990099771 -0.0039151848348706634 -0.019313512497603914 -0.018803384319388394 0.00019318095160047598 0.0027798434642770441
leaf_weight=315.20077193528414 12.97203486971557 10.521112870424986 4.8001613765954971 4.6737934425473195 40.432510762475431 20.76904318574816 4.6597149223089218 47.808325540740043 38.749107997864485 3.496597707271575 3.6734138727188101 41.325151668861508 3.3858013153076163 97.255993752740324 10.825337022542952 18.942251828382723 101.01123602874577 116.05836384976283 62.103588907979429 23.518394494429231 4073.0104170370614 4.3046617582440376
leaf_count=2508 69 25 22 21 199 161 26 295 238 7 7 213 5 443 38 276 281 1145 277 177 21627 12
internal_value=-6.88369e-06 -0.00394806 0.0253418 -0.00527397 -0.00628926 -0.0269506 0.0408712 -0.00280586 0.000380849 0.00934656 -0.020533 -0.0277792 0.0221004 0.0197844 5.38121e-05 -0.000420843 0.00685323 0.0122667 -0.00925965 -0.0396514 -1.57235e-05 -0.0112417
internal_weight=5059.5 453.17 19.6259 433.544 424.211 61.2016 9.33351 363.009 4606.33 162.109 48.4952 44.8217 113.614 110.228 4444.22 4154.22 289.999 217.07 72.9289 42.4606 4111.76 9.10482
internal_count=28072 3269 59 3210 3163 360 47 2803 24803 744 227 220 517 512 24059 22318 1741 1426 315 453 21865 34
is_linear=0
shrinkage=0.05


Tree=216
num_leaves=25
num_cat=0
split_feature=6 7 13 0 13 0 7 2 0 2 15 3 13 15 15 7 13 4 15 2 5 7 2 0
split_gain=2.96111 7.55108 12.0272 15.0367 12.8186 11.7313 10.4259 9.29244 8.5116 6.88032 12.7834 11.7546 6.79982 16.8344 12.2228 6.40292 5.83159 5.28078 10.7307 4.03428 3.99157 2.31391 2.02911 0.0655908
threshold=0.76830000000000009 0.79430000000000012 6.5000000000000009 0.56175000000000008 14.500000000000002 0.71200000000000008 0.8973000000000001 18.500000000000004 0.81100000000000005 10.500000000000002 37.500000000000007 5.5000000000000009 13.500000000000002 24.500000000000004 24.500000000000004 0.82425000000000004 12.500000000000002 0.78405000000000014 32.500000000000007 23.500000000000004 0.74850000000000005 0.89510000000000012 8.5000000000000018 0.75380000000000014
decision_type=2 2 2 2 2 2 2 2 2 2 2 2 2 2 2 2 2 2 2 2 2 2 2 2
left_child=1 7 3 20 6 -6 -4 9 -5 11 -11 -1 13 -9 -14 22 17 18 -17 -19 -3 -18 -2 -23
right_child=15 2 4 8 5 -7 -8 12 -10 10 -12 -13 14 -15 -16 16 21 19 -20 -21 -22 23 -24 -25
leaf_value=0.00041270647687900941 0.0099267886575345535 -0.0075616256415751565 -0.026478923301267207 0.053002017192965226 0.027610377436566982 -0.044855246641871654 -0.0046414582419996393 -0.062306734036535021 -0.010688973296093647 -0.0033332508513170011 -0.051937548292408146 0.018206399478417023 0.050439962606186384 0.037644482025870701 -0.029046177549442866 0.0090782144138458042 0.0040029389620997308 -0.0027607635414602445 0.07267799667946824 0.022643136024990809 -0.064307827821467378 -0.059545422117834992 0.046307362513913923 -0.072603388515238357
leaf_weight=3437.694830897497 5.7153626829385784 16.470373633317653 123.04075377620757 22.103420480154458 31.221255909651518 6.8016808032989493 98.343181626172736 4.6463748700916758 6.8778642117977133 834.72931704646908 13.7509256855119 95.38974772952497 6.9745385274291065 45.135533608496189 15.776879730168728 74.117372879758477 1.7613739371299733 172.33903877809644 7.283959991298615 17.186564409174025 3.8171177208423606 3.1330040404573083 11.635327957570551 1.3876155279576776
leaf_count=16863 19 93 1728 72 213 30 814 20 27 3805 170 372 18 160 82 1094 11 1980 28 377 15 44 28 9
internal_value=-7.22964e-06 -0.000308109 -0.00787075 0.014776 -0.012172 0.0146475 -0.0167783 0.000215993 0.0378868 -7.78463e-05 -0.00412096 0.000893118 0.0179661 0.0283156 -0.00467938 0.00485774 0.00301345 0.00411774 0.0147693 -0.000457087 -0.0182385 -0.0446118 0.0343235 -0.0635536
internal_weight=5057.33 4762.77 308.676 49.2688 259.407 38.0229 221.384 4454.1 28.9813 4381.56 848.48 3533.08 72.5333 49.7819 22.7514 294.56 277.209 270.927 81.4013 189.526 20.2875 6.28199 17.3507 4.52062
internal_count=28072 24482 2992 207 2785 243 2542 21490 99 21210 3975 17235 280 180 100 3590 3543 3479 1122 2357 108 64 47 53
is_linear=0
shrinkage=0.05


Tree=217
num_leaves=29
num_cat=0
split_feature=0 1 3 4 3 5 7 0 7 15 7 1 13 0 3 14 13 15 15 14 14 5 0 4 14 14 13 4
split_gain=2.98293 12.4164 12.1728 11.9782 11.0887 14.2537 8.87991 7.58479 6.95224 6.93027 5.74435 5.55916 6.97366 5.45452 9.07066 11.533 10.7857 5.14923 16.6678 31.7375 16.2671 23.0404 17.4219 11.5271 4.35319 2.21821 1.82291 1.43326
threshold=0.10100000000000002 0.36940000000000006 3.5000000000000004 0.44175000000000003 1.5000000000000002 0.27520000000000006 0.46970000000000006 1.0000000180025095e-35 0.31665000000000004 28.500000000000004 0.63705000000000012 0.16475000000000004 4.5000000000000009 0.12615000000000001 4.5000000000000009 38.500000000000007 13.500000000000002 28.500000000000004 27.500000000000004 35.500000000000007 22.500000000000004 0.38760000000000006 0.38955000000000006 0.43190000000000006 36.500000000000007 18.500000000000004 8.5000000000000018 0.38330000000000003
decision_type=2 2 2 2 2 2 2 2 2 2 2 2 2 2 2 2 2 2 2 2 2 2 2 2 2 2 2 2
left_child=1 4 3 8 5 6 -1 -7 -3 25 -5 24 -13 14 15 16 -2 18 23 -20 22 -22 -19 -15 -6 -4 -16 -17
right_child=13 2 9 10 11 7 -8 -9 -10 -11 -12 12 -14 17 26 27 -18 20 19 -21 21 -23 -24 -25 -26 -27 -28 -29
leaf_value=0.0015482448673354075 0.0012342751276774784 0.027977796403514606 0.0044946522910211022 -0.091818771614678468 0.058349417315340796 0.053474138491861792 0.049892000468163646 -0.025302169944083061 -0.024903454171215769 -0.03449832393950085 -0.027292709227851403 -0.01786544155081593 0.020832509887006603 -0.0045732059519337561 0.028459933109546878 -0.066761869478550298 0.024288346631752819 -0.025554513209141191 0.030198388521207861 -0.020462585444668883 0.01071833276665253 -0.0082596130312712051 0.0021513802049196286 0.0018810558925019503 -9.7276002710863958e-05 0.043662814553983131 0.063915629401193316 -0.023854992110368713
leaf_weight=105.74827738571912 218.72538295993581 6.9895954006351522 5.47493244707585 9.6424456480890495 12.233566466718914 3.1898844912648192 10.436206281185148 72.568930962122977 56.104736540466547 5.5340701639652243 5.370006449520587 15.983921304345129 42.856698681600392 978.20887441677041 7.624023109674452 5.6786899599246663 66.054441799409688 144.82356250565499 115.41634930623695 42.224835464963689 299.96950407256372 342.57924405566882 93.290192551910877 2362.5396808120422 4.3076741136610499 10.638918645679949 6.9117562770843506 2.9612330663949251
leaf_count=759 1148 130 18 72 48 9 28 607 422 20 29 70 204 4782 21 66 289 640 458 501 1299 3550 288 12510 19 31 15 39
internal_value=-6.97842e-06 -0.00434746 -0.0194011 -0.0285963 0.00126994 -0.00511176 0.0058907 -0.0219852 -0.0190453 0.0137758 -0.0687376 0.0175195 0.0103203 0.000332962 0.00676497 0.00485503 0.00658165 -0.000119367 0.000740877 0.0166286 -0.00353665 0.000600112 -0.0146997 -8.82481e-06 0.0431287 0.0303548 0.0453191 -0.052056
internal_weight=5054.09 367.08 99.7547 78.1068 267.325 191.943 116.184 75.7588 63.0943 21.6479 15.0125 75.3819 58.8406 4687.01 307.956 293.42 284.78 4379.05 3498.39 157.641 880.663 642.549 238.114 3340.75 16.5412 16.1139 14.5358 8.63992
internal_count=28072 2466 722 653 1744 1403 787 616 552 69 101 341 274 25606 1578 1542 1437 24028 18251 959 5777 4849 928 17292 67 49 36 105
is_linear=0
shrinkage=0.05


Tree=218
num_leaves=11
num_cat=0
split_feature=15 15 4 3 15 2 7 1 0 4
split_gain=2.96757 4.19623 5.70413 3.74649 14.7302 15.6253 8.82281 8.62512 5.03853 0.0385319
threshold=11.500000000000002 12.500000000000002 0.53695000000000015 1.0000000180025095e-35 37.500000000000007 3.5000000000000004 0.25225000000000003 0.18900000000000003 0.12390000000000002 0.21850000000000003
decision_type=2 2 2 2 2 2 2 2 2 2
left_child=-1 2 -2 4 5 -3 9 -8 -6 -5
right_child=1 3 -4 6 8 -7 7 -9 -10 -11
leaf_value=-0.045074660484855783 -0.012688892801211432 -0.011998393009411454 0.054239275652587307 -0.054724773205717642 0.0036845976010645431 0.043399844012069491 0.020278595751260946 0.00014061160914501577 0.048127565592055492 -0.063357963667693709
leaf_weight=3.6499978676438323 5.235036000609397 248.79665990080684 8.1238479241728765 4.9721042984165242 10.765463665127756 13.414785583037881 53.781391803175211 4683.184202022152 15.645460017025469 1.7464346326887605
leaf_count=20 18 2026 26 114 41 71 321 25385 35 15
internal_value=-6.78517e-06 2.58166e-05 0.0280117 -4.84754e-05 -0.00557932 -0.00916421 0.000288041 0.000369249 0.030012 -0.0569689
internal_weight=5049.32 5045.67 13.3589 5032.31 288.622 262.211 4743.68 4736.97 26.4109 6.71854
internal_count=28072 28052 44 28008 2173 2097 25835 25706 76 129
is_linear=0
shrinkage=0.05


Tree=219
num_leaves=24
num_cat=0
split_feature=4 5 5 5 5 7 7 15 5 13 15 14 15 7 15 15 7 14 7 7 15 13 4
split_gain=2.89317 7.83051 12.242 6.27543 9.92488 9.63226 10.0433 16.5391 8.4531 7.69126 6.50022 6.15837 4.07371 4.05887 6.8908 4.58613 3.12161 2.82222 1.92347 1.59921 0.078796 0.0379196 0.0118033
threshold=0.24590000000000004 0.29945000000000005 0.25870000000000004 0.14590000000000003 0.13075000000000001 0.31665000000000004 0.33590000000000003 32.500000000000007 0.18300000000000002 4.5000000000000009 33.500000000000007 26.500000000000004 29.500000000000004 0.43285000000000007 30.500000000000004 34.500000000000007 0.38170000000000009 22.500000000000004 0.31310000000000004 0.29460000000000003 29.500000000000004 5.5000000000000009 0.34430000000000005
decision_type=2 2 2 2 2 2 2 2 2 2 2 2 2 2 2 2 2 2 2 2 2 2 2
left_child=1 2 13 4 18 10 7 -7 -8 -6 19 -12 17 14 -1 -15 -11 -4 -2 -5 21 -3 -20
right_child=3 20 12 5 9 6 8 -9 -10 16 11 -13 -14 15 -16 -17 -18 -19 22 -21 -22 -23 -24
leaf_value=-0.00082982211408875052 0.011911995658743962 -0.056108101297276836 -0.024626733378095979 -0.029250440516517665 -0.012730236930216236 0.037288752540373553 -0.014299520296436968 -0.060374556811981166 0.00033418359073659565 0.092303767049315699 -0.066876261927276359 0.020803838223192379 0.083536035189002156 -0.011248086391737275 -0.026410268196788173 0.061267623840191521 0.042622380217222242 0.054417287856687681 -0.057260463380151144 -0.061614837577678855 -0.075250377802319315 -0.066580791595970482 -0.063388411197743605
leaf_weight=60.878029572078958 1.3150589074939514 1.4525484163314097 2.1466928869485837 6.0848860656842652 4.4534267932176617 35.015608640387654 100.78851960226893 4.9475164767354718 4726.5890394251328 5.4367443658411485 2.6233555153012267 8.4639064436778408 4.6617260873317719 4.5434460304677469 46.385958579368889 4.1920026168227196 7.5560526130720973 2.3826163895428181 1.8608587132766845 10.240452941507099 1.7625787798315284 2.1344746258109808 1.3601720854640005
leaf_count=688 10 20 19 54 25 215 565 42 25561 22 23 49 21 28 490 15 23 12 29 116 15 19 11
internal_value=-6.49997e-06 -0.00735324 -0.0048218 0.000188557 0.0268438 6.88487e-05 0.000235304 0.0251978 2.86534e-05 0.0439749 -0.0294867 5.78619e-05 0.0507246 -0.00922293 -0.011892 0.023551 0.0634112 0.0169539 -0.0390442 -0.0495518 -0.0665936 -0.0623399 -0.0598482
internal_weight=5047.28 130.54 125.19 4916.74 21.9823 4894.75 4867.34 39.9631 4827.38 17.4462 27.4126 11.0873 9.19104 115.999 107.264 8.73545 12.9928 4.52931 4.53609 16.3253 5.3496 3.58702 3.22103
internal_count=28072 1327 1273 26745 120 26625 26383 257 26126 70 242 72 52 1221 1178 43 45 31 50 170 54 39 40
is_linear=0
shrinkage=0.05


Tree=220
num_leaves=29
num_cat=0
split_feature=0 1 0 5 7 15 15 7 6 1 0 9 14 7 13 7 5 7 15 7 9 5 0 0 0 15 5 13
split_gain=2.87631 13.8731 11.8932 8.39619 12.9288 10.4227 16.8936 5.15305 4.34336 8.09143 7.97532 9.84665 8.09592 6.08404 9.29684 5.2822 12.3064 12.9668 9.19937 8.07324 12.1704 8.82727 4.28814 2.1235 1.39552 0.573205 0.463029 0.325978
threshold=0.072300000000000017 0.39210000000000006 0.056100000000000004 0.22905000000000003 0.29460000000000003 15.500000000000002 16.500000000000004 0.37415000000000004 0.18300000000000002 0.41280000000000006 0.17975000000000002 0.99975502204801581 14.500000000000002 0.54205000000000003 7.5000000000000009 0.53695000000000015 0.49720000000000003 0.53000000000000014 29.500000000000004 0.56070000000000009 0.92622826908541211 0.37415000000000004 0.053100000000000008 0.056100000000000004 0.07060000000000001 28.500000000000004 0.17190000000000003 5.5000000000000009
decision_type=2 2 2 2 2 2 2 2 2 2 2 2 2 2 2 2 2 2 2 2 2 2 2 2 2 2 2 2
left_child=1 3 7 4 23 -5 -7 -3 9 10 12 -12 -2 14 -11 16 17 -10 -18 20 -17 -21 -6 -1 26 -26 -4 -15
right_child=8 2 24 5 22 6 -8 -9 15 13 11 -13 -14 27 -16 19 18 -19 -20 21 -22 -23 -24 -25 25 -27 -28 -29
leaf_value=-0.048540497696242017 0.053442423360888391 0.064252171854996168 -0.056453449717343562 0.078850300061001813 0.0043569976067045074 -0.14031100353145817 -0.0099096168092287999 -0.030563938178249747 0.00090769239534355085 -0.04670686677785426 -0.0088902947734614251 0.084752173234230788 -0.0082094319697987046 0.027911052921651809 -0.010286695054983239 -0.017327370985256576 0.017714242541311639 0.019875970118578876 0.07632021356207902 0.0054784105782732864 0.0012197876599472188 -0.0015279410515668737 0.035990421545655862 -0.0049905928573841865 -0.014520909151689246 -0.059921099895824372 -0.083328372465116721 0.0098344704764967532
leaf_weight=7.704487018985672 5.8524485900998107 2.7442633220925954 1.9398956832010288 3.1592208594083777 16.28817995917052 2.5540455989539614 90.161503329873085 2.9989505875855684 1734.5112013765611 26.836880536749959 5.0880870651453716 6.2624671310186386 59.076579885091633 4.8091895282268506 50.484824055805802 174.58622221276164 40.70992523431778 95.035259786061943 8.0141589217819256 590.3527275454253 179.26914501190186 1884.9408152266406 31.299712360836565 4.396313488483429 1.2795378714799874 1.5224844738841055 9.2205762127414328 5.1805986547842622
leaf_count=156 23 25 32 11 119 15 597 18 8139 264 38 14 426 15 362 973 129 330 28 1918 537 13602 124 65 23 14 60 15
internal_value=-6.87751e-06 -0.00629989 -0.0458239 -0.00129326 0.0134286 -0.0104587 -0.0135018 0.0147418 0.000219558 -0.00778957 0.00410735 0.0427753 -0.00265237 -0.0181833 -0.0229274 0.000497889 0.00255347 0.00189299 0.0273538 -0.00086681 -0.00793107 0.00014306 0.0251631 -0.0327185 -0.0707365 -0.0391892 -0.078657 0.0185367
internal_weight=5046.28 175.269 19.7057 155.563 59.6887 95.8748 92.7155 5.74321 4871.01 163.591 76.2796 11.3506 64.929 87.3115 77.3217 4707.42 1878.27 1829.55 48.7241 2829.15 353.855 2475.29 47.5879 12.1008 13.9625 2.80202 11.1605 9.98979
internal_count=28072 1259 172 1087 464 623 612 43 26813 1157 501 52 449 656 626 25656 8626 8469 157 17030 1510 15520 243 221 129 37 92 30
is_linear=0
shrinkage=0.05


Tree=221
num_leaves=25
num_cat=0
split_feature=6 7 13 1 13 0 1 3 0 13 13 0 0 4 7 13 4 4 13 13 7 7 3 1
split_gain=2.86129 6.77476 10.8256 17.7662 11.6109 10.5932 9.74271 8.24298 7.01724 6.7965 8.86759 6.02952 11.12 5.98461 5.84267 5.35582 5.32693 4.72601 10.143 4.01276 3.30472 2.2672 1.8911 0.0617578
threshold=0.76830000000000009 0.79430000000000012 6.5000000000000009 0.76695000000000013 14.500000000000002 0.71200000000000008 0.64405000000000012 9.5000000000000018 0.81100000000000005 14.500000000000002 17.500000000000004 0.82480000000000009 0.78020000000000012 0.64750000000000008 0.82425000000000004 12.500000000000002 0.71010000000000006 0.78405000000000014 10.500000000000002 11.500000000000002 0.83750000000000013 0.89510000000000012 3.5000000000000004 0.85960000000000003
decision_type=2 2 2 2 2 2 2 2 2 2 2 2 2 2 2 2 2 2 2 2 2 2 2 2
left_child=1 7 3 16 6 -6 -4 11 -5 19 -11 12 -1 -13 22 17 -3 18 -16 -9 -19 -17 -2 -23
right_child=14 2 4 8 5 -7 -8 9 -10 10 -12 13 -14 -15 15 21 -18 20 -20 -21 -22 23 -24 -25
leaf_value=5.1276617152703075e-05 0.009636355425132602 -0.078565734438448873 -0.046734940062458027 0.046641063579091369 0.02624590851914408 -0.042660683487544225 -0.012403658463845944 0.023837394799783362 -0.010028719769282358 -0.054255085998483887 0.035911468507027033 0.021619021098629964 -0.021670290388521665 -0.016357313217173618 -0.035111740379103008 0.0044902555619867014 -0.012388921726391125 -0.052009650400143985 0.020532424596717461 0.065239054894191198 0.00059779932046841741 -0.058118706996136575 0.044914528791461607 -0.070411391496349479
leaf_weight=4273.4828357168008 5.699239723384383 4.0842359121888867 23.096486381371506 26.288980197161436 31.191239670384675 6.7921652141958466 196.31382079632021 21.785441515967253 6.8954743444919577 5.7026372547261399 5.225440077483654 56.416750766336918 59.743536930531263 12.711519967764614 9.2447145842015725 1.7600228674709786 11.904257852584122 3.0337073877453795 71.759987309575081 8.0024016955867392 186.88355327304453 2.6726487567648292 11.391991093754767 1.6540784761309621
leaf_count=20859 19 41 1098 92 213 30 1444 76 27 27 16 215 211 60 46 11 47 13 1076 26 2344 42 28 11
internal_value=-7.06182e-06 -0.000303403 -0.00749236 0.0140043 -0.0115991 0.0139241 -0.0160176 0.000192626 0.0348655 0.0225866 -0.0111405 -1.4488e-05 -0.000248205 0.0146358 0.00477877 0.00302825 -0.0292937 0.00407034 0.014182 0.0349598 -0.000242544 -0.0433555 0.0331507 -0.0628181
internal_weight=5043.74 4749.64 306.567 49.1729 257.394 37.9834 219.41 4443.07 33.1845 40.7159 10.9281 4402.35 4333.23 69.1283 294.1 277.009 15.9885 270.922 81.0047 29.7878 189.917 6.08675 17.0912 4.32673
internal_count=28072 24482 2992 207 2785 243 2542 21490 119 145 43 21345 21070 275 3590 3543 88 3479 1122 102 2357 64 47 53
is_linear=0
shrinkage=0.05


Tree=222
num_leaves=27
num_cat=0
split_feature=2 3 0 2 7 13 2 5 3 2 1 3 4 13 3 7 4 5 14 14 4 7 3 5 9 0
split_gain=2.889 34.2926 13.472 18.5752 22.1186 20.1979 13.236 31.839 20.2008 12.892 10.8806 11.5561 8.13003 16.3251 8.89948 7.1878 12.9938 6.73676 4.9076 4.16273 3.69218 6.0671 1.62857 0.1282 0.0360631 0.0252815
threshold=6.5000000000000009 3.5000000000000004 0.23465000000000005 2.5000000000000004 0.72850000000000004 10.500000000000002 2.5000000000000004 0.27815000000000006 1.5000000000000002 4.5000000000000009 0.38280000000000008 1.5000000000000002 0.43795000000000006 13.500000000000002 3.5000000000000004 0.4915000000000001 0.49720000000000003 0.38505000000000006 32.500000000000007 36.500000000000007 0.35930000000000001 0.53910000000000002 4.5000000000000009 0.23355000000000004 0.96172161172161197 0.21100000000000002
decision_type=2 2 2 2 2 2 2 2 2 2 2 2 2 2 2 2 2 2 2 2 2 2 2 2 2 2
left_child=1 2 6 5 -5 -4 8 -8 -1 15 19 -12 13 -13 -14 17 -17 -3 -11 20 25 -22 -20 -21 -25 -2
right_child=10 9 3 4 -6 -7 7 -9 -10 18 11 12 14 -15 -16 16 -18 -19 22 23 21 -23 -24 24 -26 -27
leaf_value=-0.0031981326344058627 -0.05459060418201897 -0.0076563921236896555 -0.00063143482176546584 0.015356593445743416 -0.015009032216043145 -0.044899329126207276 0.0033413320207430716 -0.018839263182716639 0.017052729212401734 0.096555973610563145 0.081868664577891437 -0.0099492345395102849 0.016495211913719703 0.0065833617347016557 7.6298195780877533e-06 0.042027719460184382 0.0082817152311828856 0.050734880185379999 0.022705110922395806 -0.072622438787436946 0.05053388533618184 -0.057618599797537223 0.075737327772680996 -0.053208048911314358 -0.059308321311267675 -0.064549731501860844
leaf_weight=564.42366069671698 1.8257207586430033 34.72185231000185 317.73450043424964 413.62511213868856 70.13894913578406 28.041302907746285 300.23733651614748 350.8595669392962 157.51250925287604 7.4105264842510206 4.2147646797820917 542.71643826039508 85.72218829463236 205.99442838039249 1809.4130456182174 57.115177914500237 56.986450091004372 5.7589187771081916 4.9598295800387859 1.2171718429308374 3.6480472851544619 2.0118524772115052 2.0443665273487568 6.5318713744636607 3.8511615339666605 0.97890390036627639
leaf_count=3397 31 111 979 1389 661 147 1542 2654 585 13 20 2661 981 881 11235 148 218 12 58 12 35 50 5 188 47 12
internal_value=-6.75423e-06 0.00126302 -0.000402409 0.00462846 0.010954 -0.00422142 -0.00344189 -0.00861123 0.00122021 0.0229689 -0.0011354 -0.000857461 -0.000989341 -0.00540059 0.000753409 0.0187518 0.0251738 0.00065053 0.0681927 -0.0378163 -0.0111554 0.0120903 0.038184 -0.0572704 -0.0554707 -0.0580667
internal_weight=5039.7 2371.57 2202.57 829.54 483.764 345.776 1373.03 651.097 721.936 168.997 2668.13 2648.06 2643.85 748.711 1895.14 154.582 114.102 40.4808 14.4147 20.0647 8.46452 5.6599 7.0042 11.6002 10.383 2.80462
internal_count=28072 11919 11354 3176 2050 1126 8178 4196 3982 565 16153 15778 15758 3542 12216 489 366 123 76 375 128 85 63 247 235 43
is_linear=0
shrinkage=0.05


Tree=223
num_leaves=11
num_cat=0
split_feature=15 15 9 3 15 6 15 7 1 14
split_gain=2.75997 3.84993 3.7999 3.05929 14.3701 17.5883 10.0332 8.12644 8.02447 0.0166291
threshold=11.500000000000002 12.500000000000002 -1.0000000180025095e-35 1.0000000180025095e-35 28.500000000000004 0.22085000000000002 30.500000000000004 0.25225000000000003 0.15585000000000002 28.500000000000004
decision_type=2 2 2 2 2 2 2 2 2 2
left_child=-1 2 -2 4 5 -3 -6 9 -9 -5
right_child=1 3 -4 7 6 -7 -8 8 -10 -11
leaf_value=-0.043742101553754006 -0.0067487537621530071 -0.041613157061101302 0.048533250343096579 -0.052866697662103446 0.031802019030992501 -0.0049346457427566466 -0.0016260450951633165 0.026845472816684438 0.00017310109839566168 -0.058307991357140571
leaf_weight=3.6046561747789374 5.0766180530190477 42.03759942878969 8.0178636088967288 2.1118930380325756 35.387862119823694 146.90003624977544 61.383212940767407 28.369312258437276 4695.7579352420289 4.1897235491778702
leaf_count=20 27 636 17 64 137 993 407 153 25553 65
internal_value=-6.54523e-06 2.48018e-05 0.0271009 -4.58795e-05 -0.00507028 -0.0130954 0.0105981 0.000257585 0.000333274 -0.0564844
internal_weight=5032.84 5029.23 13.0945 5016.14 285.709 188.938 96.7711 4730.43 4724.13 6.30162
internal_count=28072 28052 44 28008 2173 1629 544 25835 25706 129
is_linear=0
shrinkage=0.05


Tree=224
num_leaves=28
num_cat=0
split_feature=0 1 0 6 4 7 15 2 4 6 7 9 15 6 14 15 0 7 4 1 7 0 6 6 0 7 4
split_gain=2.8163 12.6997 11.2362 7.69714 12.9864 12.154 10.0822 6.36785 8.23865 6.82857 6.56637 6.09441 10.0621 5.29865 9.66533 7.95025 6.43474 6.40043 17.4954 9.08543 4.58403 3.95114 3.81724 2.49891 1.99892 1.74392 0.995326
threshold=0.072300000000000017 0.39210000000000006 0.056100000000000004 0.20865000000000003 0.30860000000000004 0.29460000000000003 15.500000000000002 1.5000000000000002 0.43285000000000007 0.39415000000000006 0.46050000000000008 0.99975502204801581 18.500000000000004 0.18300000000000002 20.500000000000004 22.500000000000004 0.30115000000000008 0.53695000000000015 0.53410000000000013 0.46290000000000003 0.37415000000000004 0.06745000000000001 0.24050000000000002 0.42180000000000001 0.056100000000000004 0.61415000000000008 0.32690000000000002
decision_type=2 2 2 2 2 2 2 2 2 2 2 2 2 2 2 2 2 2 2 2 2 2 2 2 2 2 2
left_child=1 3 20 5 22 24 -6 8 9 10 -2 12 -10 14 15 -9 -16 18 -15 -19 -3 -7 -5 -13 -1 26 -4
right_child=7 2 25 4 6 21 -8 13 11 -11 -12 23 -14 17 16 -17 -18 19 -20 -21 -22 -23 -24 -25 -26 -27 -28
leaf_value=-0.047273175526481345 -0.009992388287661913 0.060066115402139977 -0.059157343545378022 -0.07025996848407294 0.093668980586367537 0.03571644348941852 -0.0025242529993231328 -0.050928735232471593 -0.018296062796942861 -0.061326144893445782 0.026071963235049341 0.066512650458814201 0.048047706579066284 0.0018346638356876695 0.0069233436281224709 -0.012717338594208358 -0.041775794532282473 -0.012142145201960115 0.035784022855582902 -0.00050314382743377195 -0.029182479577990323 -0.016554607103287093 -0.027624021610773177 0.029726566701500715 -0.0036547339878303838 -0.018968261136591627 -0.088182630925533662
leaf_weight=6.7538935199845564 29.866353256627917 2.7901194626465466 5.1886068880557996 7.4638011679053333 2.8204903677105895 31.497469134628773 79.613868094980717 18.637615545652807 12.369855813682081 4.1616090983152381 21.859010212123394 10.749263048171999 10.623488390818236 1792.8733010569122 73.547054937342182 50.486109917517751 7.4722606772556892 179.23451340245083 38.769740740768611 2598.5566149447113 2.9705222211778164 4.0840202625840893 17.697394249029458 8.0919926017522794 4.2981757363304496 1.5274666771292675 6.8568497821688652
leaf_count=146 168 25 83 72 9 149 470 220 46 19 67 19 28 8336 468 371 44 2228 98 14680 18 25 151 21 65 8 38
internal_value=-6.50969e-06 -0.00626482 -0.0444651 -0.00147619 -0.00882985 0.0154906 0.000766997 0.000217115 0.0128516 0.000290867 0.00524832 0.0296315 0.0123564 -4.22914e-05 -0.00928586 -0.0230202 0.00243191 0.000258799 0.00255326 -0.00125414 0.0140443 0.0297168 -0.0402715 0.0507137 -0.0303099 -0.0692977 -0.0756799
internal_weight=5030.86 173.563 19.3336 154.229 107.596 46.6336 82.4344 4857.3 97.7216 55.887 51.7254 41.8346 22.9933 4759.58 150.143 69.1237 81.0193 4609.43 1831.64 2777.79 5.76064 35.5815 25.1612 18.8413 11.0521 13.5729 12.0455
internal_count=28072 1259 172 1087 702 385 479 26813 368 254 235 114 74 26445 1103 591 512 25342 8434 16908 43 174 223 40 211 129 121
is_linear=0
shrinkage=0.05


Tree=225
num_leaves=24
num_cat=0
split_feature=2 3 12 0 15 2 15 2 2 7 2 15 3 0 4 15 9 14 14 0 3 15 15
split_gain=2.69454 31.239 13.2435 12.0106 26.6369 30.7355 22.1308 23.6783 20.0973 15.391 11.9295 19.7371 9.02882 13.4887 9.80035 8.99028 8.33409 6.11013 4.57799 1.90135 1.54431 0.277901 0.0350011
threshold=6.5000000000000009 3.5000000000000004 1.0000000180025095e-35 0.23465000000000005 21.500000000000004 1.5000000000000002 27.500000000000004 2.5000000000000004 3.5000000000000004 0.63705000000000012 4.5000000000000009 33.500000000000007 1.5000000000000002 0.21100000000000002 0.45200000000000007 32.500000000000007 0.10535714285714286 36.500000000000007 32.500000000000007 0.82480000000000009 4.5000000000000009 20.500000000000004 22.500000000000004
decision_type=2 2 2 2 2 2 2 2 2 2 2 2 2 2 2 2 2 2 2 2 2 2 2
left_child=1 3 19 4 5 -1 7 -5 -8 -6 11 16 -4 14 -14 -15 -3 -13 -12 21 -20 -2 -23
right_child=2 10 12 6 9 -7 8 -9 -10 -11 18 17 13 15 -16 -17 -18 -19 20 -21 -22 22 -24
leaf_value=0.012528588416453388 -0.07593216046534762 0.035817152734121609 0.069928329590244462 -0.0034169772396897683 0.0032956113150821864 -0.019693741622229689 -0.062533432125523244 0.0141479143348981 0.0017000348787707864 -0.024673658213586913 0.0935402643803626 -0.084123253235616494 -0.051780338195733161 -0.0016620286563467401 0.01515779834969596 0.0075754727469741039 0.011637834933443563 -0.00029690044090960348 0.021735379680001807 0.0048109945552344997 0.073940732257818303 -0.064167062576854783 -0.055668035317823522
leaf_weight=92.987064314074814 3.0578635064885002 64.868552319705486 4.4955214485526076 342.0583247570321 858.42176388972439 362.54737900209147 22.80142492428422 436.97268552111927 26.135377125348896 52.17598899290897 7.2854127809405309 5.8006317764520627 21.68850872293115 2325.5293230405077 7.3114124438725403 297.03574400523212 79.086590636521578 3.4768224507570267 4.9275575531646609 1.1397183537483204 1.9881538674235342 1.5950223533436654 5.0365503809880465
leaf_count=429 22 175 29 1109 4855 2397 119 1733 215 497 13 28 261 13523 116 2065 275 11 58 4 5 16 117
internal_value=-6.57024e-06 0.00122342 -0.00109573 -0.000365179 -0.00324512 -0.0131163 0.00438668 0.00643549 -0.0282287 0.00169301 0.0220409 0.0179779 -0.000870748 -0.000990782 -0.034904 -0.000615775 0.0225334 -0.0527085 0.0658812 -0.0562768 0.0367436 -0.0634622 -0.0577122
internal_weight=5028.42 2361.53 2666.89 2194.1 1366.13 455.534 827.968 779.031 48.9368 910.598 167.434 153.233 2656.06 2651.56 28.9999 2622.57 143.955 9.27745 14.2011 10.8292 6.91571 9.68944 6.63157
internal_count=28072 11919 16153 11354 8178 2826 3176 2842 334 5352 565 489 15994 15965 377 15588 450 39 76 159 63 155 133
is_linear=0
shrinkage=0.05


Tree=226
num_leaves=31
num_cat=0
split_feature=15 3 15 1 0 15 15 0 15 2 1 1 0 15 7 15 0 2 2 1 9 0 0 6 1 3 6 7 6 9
split_gain=2.8861 8.37165 28.1327 24.0266 21.85 19.3813 22.884 17.3902 13.7053 16.3093 16.0359 9.69978 11.1261 9.61306 6.37634 5.27242 17.181 25.7379 19.0279 27.4335 21.9681 14.3603 7.02296 17.7808 22.6429 16.1882 11.6591 11.4143 6.80545 3.12896
threshold=18.500000000000004 1.5000000000000002 17.500000000000004 0.79705000000000015 0.62680000000000013 15.500000000000002 14.500000000000002 0.23605000000000004 17.500000000000004 4.5000000000000009 0.6120000000000001 0.84415000000000007 0.73205000000000009 17.500000000000004 0.41105000000000008 21.500000000000004 0.17445000000000002 1.5000000000000002 2.5000000000000004 0.52705000000000013 0.0086857142857142532 0.099200000000000024 0.32390000000000002 0.25870000000000004 0.93215000000000015 6.5000000000000009 0.29680000000000006 0.48935000000000006 0.22085000000000002 0.063250000000000015
decision_type=2 2 2 2 2 2 2 2 2 2 2 2 2 2 2 2 2 2 2 2 2 2 2 2 2 2 2 2 2 2
left_child=1 2 5 14 8 6 -1 -7 9 -3 -10 13 -13 -6 -4 16 17 21 20 -20 -18 -2 25 24 -24 26 -17 -25 -19 -27
right_child=15 4 3 -5 11 7 -8 -9 10 -11 -12 12 -14 -15 -16 22 18 28 19 -21 -22 -23 23 27 -26 29 -28 -29 -30 -31
leaf_value=0.010788588848758969 -0.020614746938532092 0.0207912482358131 0.01003588011479177 0.039323549521627386 -0.0098296278326602208 -0.0046352612057648547 -0.026368132038027899 0.023147334930522966 0.00041164223089303466 -0.0078273078492245036 0.034449629767497568 0.030333622291452568 -0.0055430457679077963 -0.056910406481933476 -0.052105320612551166 0.0061175165310475149 -0.0094784974124498111 -0.061016045873516223 -0.036950640735591393 -0.00055551900443395307 0.047506577545198499 0.045922394562379724 -0.015358141514804052 0.010419445619737662 -0.12269985288235295 0.050330114170336684 -0.0029167341620531112 -0.0021412854876241903 -0.027210827432182744 0.019802614801845711
leaf_weight=71.714229963719845 14.16743565443903 90.25267967581749 4.5087962835095814 9.5304314345121366 32.041616120375693 96.65794925391674 98.152165417559445 134.98040363751352 49.093921379651874 111.02229087334126 117.22496690507978 25.091786332428455 155.74528678320348 16.3871562872082 48.894211397971958 788.17107829311863 28.978507846593857 18.25008721742779 56.718423778540455 594.27515479875728 40.618637986015528 18.963453494012356 127.1305899489671 210.33265682309866 5.1103535294532767 19.07515730895102 653.01075593370479 1291.110764851328 80.808014953741804 14.989931711927055
leaf_count=223 110 306 67 28 161 510 427 355 288 525 372 79 1011 87 360 3912 105 217 677 2994 112 53 535 800 23 56 4785 8173 638 83
internal_value=-6.49136e-06 0.00230913 -0.00272506 -0.0338076 0.00622641 0.00214694 -0.0106813 0.0115542 0.0137816 0.00500539 0.0244023 -0.00588721 -0.000565031 -0.0257607 -0.0468588 -0.000626819 -0.00410956 -0.0206796 -0.00106986 -0.00372648 0.0237794 0.0174698 0.000328495 -0.00192976 -0.0195063 0.00282928 0.00202403 -0.000381691 -0.033439 0.0368969
internal_weight=5023.01 1061.3 464.438 62.9334 596.86 401.505 169.866 231.638 367.594 201.275 166.319 229.266 180.837 48.4288 53.403 3961.71 852.78 132.189 720.591 650.994 69.5971 33.1309 3108.93 1633.68 132.241 1475.25 1441.18 1501.44 99.0581 34.0651
internal_count=28072 4799 1970 455 2829 1515 650 865 1491 831 660 1338 1090 248 427 23273 4906 1018 3888 3671 217 163 18367 9531 558 8836 8697 8973 855 139
is_linear=0
shrinkage=0.05


Tree=227
num_leaves=25
num_cat=0
split_feature=1 4 9 9 6 6 0 6 0 2 14 15 5 4 0 8 7 0 1 2 5 0 14 6
split_gain=2.77839 6.92032 6.82765 18.2319 14.4178 12.9139 12.605 11.3607 5.47853 5.19246 17.6627 20.7036 17.1186 16.7061 13.2666 18.8828 12.3346 8.30062 24.2619 19.51 24.4929 11.7194 6.60928 4.66204
threshold=0.84810000000000008 0.26140000000000008 0.050641025641025607 0.68090909090909102 0.30265000000000003 0.20865000000000003 0.47915000000000002 0.30665000000000003 0.74645000000000017 9.5000000000000018 22.500000000000004 27.500000000000004 0.30860000000000004 0.57735000000000014 0.61650000000000016 1.0000000180025095e-35 0.8297500000000001 0.5698000000000002 0.8136500000000001 3.5000000000000004 0.27000000000000007 0.4714000000000001 48.500000000000007 0.74650000000000005
decision_type=2 2 2 2 2 2 2 2 2 2 2 2 2 2 2 2 2 2 2 2 2 2 2 2
left_child=9 -2 4 6 8 -5 -4 -6 -3 17 11 13 -13 -11 16 -16 -12 18 22 23 -21 -20 -1 -19
right_child=1 2 3 5 7 -7 -8 -9 -10 10 14 12 -14 -15 15 -17 -18 19 21 20 -22 -23 -24 -25
leaf_value=0.00018283773489231669 -0.059612838165926024 0.022578753129684478 0.054578846136701435 -0.058406792207420268 -0.062414375794330026 0.0021213129358114953 -0.048051757477145594 0.0051348127552151637 0.059867757284307911 -0.040924116878014699 -0.0026730772721425562 -0.039870191896626772 0.023453551193530237 -0.0043473024103286859 -0.020331259237188065 0.016238948242583932 -0.032570968217102939 0.037403333035934849 0.014076069290679184 -0.071652775694176427 -0.0091936785475608875 0.055708871411716626 0.02891115303053465 -0.016975766184035384
leaf_weight=2678.9040373100433 4.4966700430959454 37.898663520812988 3.3369947448372832 8.9503254592418653 6.3297174125909796 571.02463045157492 28.919503795914352 374.44813110865653 13.30934266746044 87.763997603207827 514.78214036533609 14.158534385263918 43.350222982466221 48.452523902058601 43.259864464402199 191.79081173776649 36.975133083178662 24.826293222606186 44.653274204581976 17.297799322754145 169.49636502936482 27.199661448597908 20.171200286597013 4.6852382961660615
leaf_count=14666 26 136 10 35 34 3618 280 1864 42 382 3306 56 126 160 375 856 724 65 130 97 853 57 135 39
internal_value=-6.82568e-06 0.00228199 0.00254853 -0.000847623 0.00736172 0.00118723 -0.0374344 0.00401193 0.0322704 -0.00061178 -0.00376887 -0.017293 0.00786338 -0.0279137 -0.000439008 0.00950839 -0.00467664 0.000424507 0.0011609 -0.00900892 -0.0149776 0.029836 0.000397535 0.0287701
internal_weight=5016.48 1048.71 1044.22 612.231 431.986 579.975 32.2565 380.778 51.208 3967.77 980.533 193.725 57.5088 136.217 786.808 235.051 551.757 2987.23 2770.93 216.306 186.794 71.8529 2699.08 29.5115
internal_count=28072 6045 6019 3943 2076 3653 290 1898 178 22027 5985 724 182 542 5261 1231 4030 16042 14988 1054 950 187 14801 104
is_linear=0
shrinkage=0.05


Tree=228
num_leaves=31
num_cat=0
split_feature=15 15 4 1 4 2 15 0 5 4 0 15 9 4 13 9 4 2 15 0 2 2 15 8 4 2 5 4 4 4
split_gain=2.77279 14.5966 17.4596 20.1864 16.0316 12.7161 20.0391 25.7441 13.8047 18.2516 13.33 11.9929 39.2141 22.8752 13.3109 11.3342 11.3077 12.5095 9.09649 13.8377 29.3929 14.9951 11.5811 64.3539 10.6307 8.84446 8.80994 7.64119 6.57239 6.54238
threshold=30.500000000000004 31.500000000000004 0.42180000000000001 0.38585000000000008 0.52420000000000011 3.5000000000000004 36.500000000000007 0.17445000000000002 0.38925000000000004 0.4592500000000001 0.39175000000000004 29.500000000000004 0.94761785981541558 0.43190000000000006 4.5000000000000009 0.25041436464088401 0.36090000000000005 2.5000000000000004 28.500000000000004 0.38015000000000004 4.5000000000000009 8.5000000000000018 27.500000000000004 1.0000000180025095e-35 0.43190000000000006 10.500000000000002 0.49720000000000003 0.54265000000000019 0.38655000000000006 0.29460000000000003
decision_type=2 2 2 2 2 2 2 2 2 2 2 2 2 2 2 2 2 2 2 2 2 2 2 2 2 2 2 2 2 2
left_child=11 2 16 -4 -5 6 15 -8 10 -10 -7 18 26 29 -15 -3 17 -2 22 20 -20 -21 24 -24 -1 -18 28 -28 -13 -14
right_child=1 5 3 4 -6 8 7 -9 9 -11 -12 12 13 14 -16 -17 25 -19 19 21 -22 -23 23 -25 -26 -27 27 -29 -30 -31
leaf_value=-0.0040327753435740665 0.016125444900373345 -0.0097902735271247817 0.047208245573441693 -0.071437938364615428 -0.021073857576969713 0.021356654954885035 0.014982489967593333 -0.049920823901773562 -0.035036042656157659 0.0027944872958356758 -0.004138993506181029 -0.02399566815230152 0.065719659927327784 -0.050084844479802632 0.013826062842818577 -0.043701049975831595 0.040144523597020927 -0.045648096444258199 0.0005375398222848579 0.057160236064327574 -0.053929446608661752 -0.0042650247855004547 0.038926552336790411 -0.020619712258202711 0.0017155429441556285 -0.033660150489655753 0.075476798522969624 -0.011875382601372705 -0.070465346250827773 0.034584371234106237
leaf_weight=1193.7419969814364 15.015808003488926 50.70090368995443 6.782621130347251 28.492233175784349 35.471956641878933 162.78914860473014 95.079319427255541 18.2038284689188 39.200842400081456 170.7881713071838 74.834514392539859 23.462821432389319 24.930934391915798 9.6972059048712236 50.962363795377314 47.939374206587672 21.534473353065554 18.043345041107386 56.146468952298164 11.379326110705732 44.322685752529651 78.312409092672169 102.99007935030386 81.106647345703095 2465.3998525841162 5.0021240115165702 3.1969077321700743 11.542964869877322 11.260771313682197 52.19612430781126
leaf_count=6418 101 368 54 153 354 759 409 77 267 1820 260 201 53 42 255 325 79 147 249 40 383 469 534 634 13142 23 34 178 119 125
internal_value=-6.86379e-06 -0.00272578 -0.0180152 -0.0348109 -0.0435081 0.000295834 -0.00979411 0.00455297 0.00507295 -0.00426773 0.0133273 0.000501972 0.0128719 0.0265813 0.00360909 -0.026271 0.00192314 -0.0175899 -7.23006e-05 -0.0107471 -0.023491 0.00352809 0.000455881 0.0126925 -0.000159763 0.0262324 -0.0253174 0.00707029 -0.0390657 0.0446487
internal_weight=5010.53 789.879 130.343 70.7468 63.9642 659.536 211.923 113.283 447.613 209.989 237.624 4220.65 187.25 137.787 60.6596 98.6403 59.5958 33.0592 4033.4 190.161 100.469 89.6917 3843.24 184.097 3659.14 26.5366 49.4635 14.7399 34.7236 77.1271
internal_count=28072 5196 911 561 507 4285 1179 486 3106 2087 1019 22876 1007 475 297 693 350 248 21869 1141 632 509 20728 1168 19560 102 532 212 320 178
is_linear=0
shrinkage=0.05


Tree=229
num_leaves=24
num_cat=0
split_feature=4 5 15 15 15 5 14 14 4 2 15 8 1 2 15 14 9 5 5 9 15 1 2
split_gain=2.81341 3.82419 8.5974 9.80075 8.30519 8.21987 7.75999 7.50367 5.97971 5.32278 4.27031 3.87258 3.28013 3.04192 2.9353 2.75049 3.59356 1.6262 0.0711907 0.0317079 0.00245233 0.00232446 0.000224982
threshold=0.15480000000000002 0.15710000000000005 24.500000000000004 21.500000000000004 17.500000000000004 0.17190000000000003 36.500000000000007 19.500000000000004 0.20460000000000003 2.5000000000000004 27.500000000000004 1.0000000180025095e-35 0.83045000000000013 6.5000000000000009 22.500000000000004 20.500000000000004 0.99975502204801581 0.16275000000000003 0.13840000000000002 0.99975502204801581 24.500000000000004 0.18350000000000002 2.5000000000000004
decision_type=2 2 2 2 2 2 2 2 2 2 2 2 2 2 2 2 2 2 2 2 2 2 2
left_child=15 2 3 4 -2 7 10 12 14 -9 -4 -5 -3 -10 -7 16 17 18 -1 20 21 -17 -22
right_child=1 5 6 11 -6 8 -8 9 13 -11 -12 -13 -14 -15 -16 19 -18 -19 -20 -21 22 -23 -24
leaf_value=-0.049939941659637152 0.044762859556591102 -0.051629988619256807 -0.04636815954786392 0.070971968065125318 -0.045432327804854906 0.0083333285591501976 0.079609913125375964 0.012776512118136402 0.0015408374454819996 -0.030865230632466541 -0.0011703403181142563 0.021167563453634654 0.024319613306781129 -0.00097028136627377328 -0.049038603472946855 -0.057794478681203854 0.038826272559650696 0.026899425528176597 -0.070138287714911471 -0.06320439438974898 -0.053044954439210729 -0.053676584698416401 -0.051720513718163864
leaf_weight=2.4665300799533716 4.5479964241385478 17.239639183040712 6.1850449750199905 12.302131067961456 5.8161683715879917 2.94887994788587 2.6867853291332713 17.33267239108682 2210.5214512320235 11.704980134032665 33.701095359865576 5.7168168190401039 1.5493749231100071 2653.9769770478597 9.1379660158418101 0.6242544921115043 2.7010281719267368 0.79570656456053246 0.52998181153088797 1.4407298825681207 0.85709014907479264 0.75981870526447892 0.51229878980666399
leaf_count=81 38 201 75 51 68 36 11 82 10661 91 263 34 5 16117 141 10 10 10 10 14 21 20 22
internal_value=-7.52213e-06 4.73045e-05 0.0115722 0.0328878 -0.00585293 -0.000118759 -0.00263868 -0.0207463 8.35443e-05 -0.00481533 -0.00817905 0.0551707 -0.0453671 0.000170819 -0.0350413 -0.0256338 -0.00524783 -0.0366399 -0.0535123 -0.0571943 -0.0540496 -0.0555339 -0.0525495
internal_weight=5006.06 4995.37 70.956 28.3831 10.3642 4924.41 42.5729 47.8267 4876.59 29.0377 39.8861 18.0189 18.789 4864.5 12.0868 10.6874 6.49325 3.79222 2.99651 4.19419 2.75346 1.38407 1.36939
internal_count=28072 27874 540 191 106 27334 349 379 26955 173 338 85 206 26778 177 198 111 101 91 87 73 30 43
is_linear=0
shrinkage=0.05


Tree=230
num_leaves=17
num_cat=0
split_feature=7 15 2 7 14 14 6 15 15 2 14 14 5 13 7 5
split_gain=2.85314 5.50226 4.88079 4.89817 9.42771 12.371 9.59795 4.6988 24.1932 8.71134 4.42886 7.35015 6.31681 4.30846 2.98863 2.87536
threshold=0.39175000000000004 14.500000000000002 1.0000000180025095e-35 0.41105000000000008 24.500000000000004 44.500000000000007 0.20640000000000003 34.500000000000007 33.500000000000007 3.5000000000000004 13.500000000000002 14.500000000000002 0.23355000000000004 5.5000000000000009 0.21165000000000003 0.23355000000000004
decision_type=2 2 2 2 2 2 2 2 2 2 2 2 2 2 2 2
left_child=1 -1 -2 4 6 -6 -4 8 -5 -9 14 12 -12 -13 -3 -16
right_child=2 10 3 7 5 -7 -8 9 -10 -11 11 13 -14 -15 15 -17
leaf_value=0.040763061908741023 0.05146441885433143 0.039331121833761688 -0.037035723122383367 -4.4825101326022929e-05 0.024653739745037213 -0.072293944239749247 0.0056470292854071428 -0.0089056993418049728 -0.038476087137359193 0.011220322914908645 0.0021726662834515259 -0.011124071689258224 0.066166372359221112 -0.0006226010955019016 -0.055519945632401785 -0.010616463949115546
leaf_weight=6.8121049627661696 4.6683150082826605 1.4079741481691623 16.839462599717081 4066.828123564017 79.3271568659693 3.4329608976840964 60.455887753516436 71.690136220306158 41.367510530282743 215.04702960187569 8.8536365204490703 163.10595764406025 6.8318857271224251 243.45371050923131 8.6093758000060898 6.0847746618092051
leaf_count=17 20 16 122 21848 349 24 247 314 453 1426 105 1172 34 1686 198 41
internal_value=-7.63773e-06 -0.00382836 0.00036538 0.000313009 0.00890481 0.0206323 -0.00365178 1.11581e-07 -0.000431809 0.00618841 -0.00452133 -0.00353989 0.0300454 -0.00483564 -0.0302577 -0.0369256
internal_weight=5004.82 445.159 4559.66 4554.99 160.055 82.7601 77.2954 4394.93 4108.2 286.737 438.347 422.245 15.6855 406.56 16.1021 14.6942
internal_count=28072 3269 24803 24783 742 373 369 24041 22301 1740 3252 2997 139 2858 255 239
is_linear=0
shrinkage=0.05


Tree=231
num_leaves=26
num_cat=0
split_feature=0 3 1 14 13 0 5 3 0 14 15 1 6 15 14 0 0 7 1 15 3 1 14 0 1
split_gain=2.90378 12.1896 10.3978 13.5326 8.24206 14.0897 7.86276 7.85112 5.97194 11.6131 10.1153 16.9327 6.2543 7.16304 4.91904 12.4114 22.373 16.5575 9.98633 19.4926 16.0288 2.88329 2.10989 0.518758 0.0203238
threshold=0.10620000000000002 4.5000000000000009 0.30600000000000005 13.500000000000002 16.500000000000004 0.094750000000000015 0.30070000000000002 3.5000000000000004 0.12615000000000001 31.500000000000004 37.500000000000007 0.41280000000000006 0.14390000000000003 18.500000000000004 20.500000000000004 0.62680000000000013 0.8136500000000001 0.61415000000000008 0.35070000000000007 36.500000000000007 1.5000000000000002 0.42585000000000001 28.500000000000004 0.091750000000000012 0.42585000000000001
decision_type=2 2 2 2 2 2 2 2 2 2 2 2 2 2 2 2 2 2 2 2 2 2 2 2 2
left_child=1 2 3 -1 7 -6 -5 -4 9 10 11 -2 -11 -14 15 17 -17 -10 19 -16 -20 -12 23 24 -3
right_child=8 22 4 6 5 -7 -8 -9 14 12 21 -13 13 -15 18 16 -18 -19 20 -21 -22 -23 -24 -25 -26
leaf_value=0.093531286776422473 0.022735436920910648 0.05295588405472032 -0.027263732469507269 0.0067057287520525801 0.021563414156985122 -0.050627433979849618 -0.013530331905870528 0.0085338924611155133 -0.003731299513530482 0.074367187536193508 0.010512556899780453 -0.0054915285849517137 0.027911011786837282 -0.035245648685943522 -0.022483858853054456 -0.01831605124027209 0.013230649803859035 0.0074706987839344655 0.017433359134613646 0.038030641322638802 0.00092189251403791716 0.053571092008832991 0.011655660012985571 0.033633612685066115 0.058047363404930476
leaf_weight=3.8934726137667885 103.05693820584565 3.5050009265542048 104.31182057666592 133.86951761646196 28.957673288881779 8.8168706130236369 74.837346193380654 17.952723070979118 1044.4866037061438 1.6767861889675248 5.0375677943229702 109.66782809793949 5.3916176762431851 26.832406150642782 90.999460505321622 244.37007398810238 72.989226818084717 482.14270128682256 157.32451229612343 15.586680406937374 2236.1844325766433 17.0350326821208 5.7944093346595755 3.9493281990289688 4.4465055465698242
leaf_count=13 461 31 858 829 166 64 588 51 4057 9 19 531 23 283 1220 1058 315 1495 770 68 15045 62 24 17 15
internal_value=-7.61228e-06 -0.00414851 -0.00607395 0.00117253 -0.0157004 0.00471351 -0.000550444 -0.0220074 0.000342791 0.00757654 0.0115263 0.00818335 -0.0197795 -0.0246785 -0.000104644 -0.00206376 -0.0110606 -0.000193465 0.00134034 -0.0136345 0.00200719 0.043744 0.0363988 0.0484461 0.0558031
internal_weight=5003.12 390.335 372.639 212.6 160.039 37.7745 208.707 122.265 4612.78 268.698 234.797 212.725 33.9008 32.224 4344.08 1843.99 317.359 1526.63 2500.1 106.586 2393.51 22.0726 17.6952 11.9008 7.95151
internal_count=28072 2656 2569 1430 1139 230 1417 909 25416 1388 1073 992 315 306 24028 6925 1373 5552 17103 1288 15815 81 87 63 46
is_linear=0
shrinkage=0.05


Tree=232
num_leaves=29
num_cat=0
split_feature=0 1 0 3 5 0 15 1 13 5 6 1 7 7 6 13 1 7 13 13 1 14 1 13 9 0 3 5
split_gain=2.78511 11.1689 10.5335 8.14195 10.4695 12.9714 10.6102 6.66346 6.07908 4.95315 3.38668 6.07679 7.66517 11.176 5.39295 7.93839 6.2241 5.24479 8.49674 4.04278 11.0942 8.83888 3.82392 2.4411 1.41017 1.23542 0.790843 0.599954
threshold=0.072300000000000017 0.39210000000000006 0.056100000000000004 2.5000000000000004 0.22905000000000003 0.053100000000000008 15.500000000000002 0.18350000000000002 4.5000000000000009 0.19115000000000001 0.18300000000000002 0.41280000000000006 0.45080000000000003 0.40865000000000007 0.18635000000000004 14.500000000000002 0.74130000000000018 0.54205000000000003 7.5000000000000009 11.500000000000002 0.46050000000000008 45.500000000000007 0.27890000000000009 6.5000000000000009 0.15895087818164741 0.07060000000000001 2.5000000000000004 0.22905000000000003
decision_type=2 2 2 2 2 2 2 2 2 2 2 2 2 2 2 2 2 2 2 2 2 2 2 2 2 2 2 2
left_child=1 3 9 4 5 -1 -6 24 -9 -3 11 12 13 -2 15 16 -12 18 -13 21 -21 -16 -14 -19 -5 26 -4 -27
right_child=10 2 25 7 6 -7 -8 8 -10 -11 14 17 22 -15 19 -17 -18 23 -20 20 -22 -23 -24 -25 -26 27 -28 -29
leaf_value=-0.025258086256721393 0.0030165397556088328 0.0767266216228457 -0.062996659022223497 0.055744006589531547 0.076579431910546752 0.027719824794507544 -0.026884982336244142 -0.038959758460420435 0.016367044980529957 -0.020428745435825617 0.024729474732005055 -0.044469836356259194 0.0093295034748641301 -0.072518626046212759 -0.00042143272900810986 -0.031749957600315043 0.098527511862272155 0.040600943689771574 -0.0086621428697340377 -0.010362216956913681 0.0042736159990979308 -0.04198112057478795 0.067958604749843388 -0.0094637599563217149 0.022761349780139623 -0.056847959133501227 -0.090690911914031141 -0.0078299735301243269
leaf_weight=18.247403261484578 58.239786861930043 2.0217645373195436 5.8812277952674759 9.5780257284641248 2.5863823145627967 31.499196446035057 59.073911159299314 6.6546490676701096 19.552285145968199 3.7361039575189352 10.001659107394518 25.028837011894211 5.0724571198225004 5.346513330936431 3304.3469980173977 4.315987352281808 3.9996678233146659 5.414473648183046 49.001273827627301 145.32314397930168 1187.6013603024185 12.843322600936515 6.1567995212972164 4.4243586137890816 4.897934164851903 1.4994153296574944 4.5893956869840622 1.0694757737219331
leaf_count=239 433 19 71 38 7 174 448 33 116 24 47 264 16 35 15277 19 6 17 362 1646 8447 214 17 13 32 29 21 8
internal_value=-7.39525e-06 -0.0062805 -0.0426404 -0.00178663 -0.00877755 0.00828715 -0.0225451 0.0173574 0.00231807 0.0136855 0.000214682 -0.00696874 0.0033909 -0.00333467 0.000458853 0.0275357 0.0458109 -0.0162101 -0.0207684 0.000352195 0.00267793 -0.000582341 0.0414748 0.0180877 0.0445843 -0.0675122 -0.0751354 -0.0364409
internal_weight=4998 170.887 18.7974 152.09 111.407 49.7466 61.6603 40.6829 26.2069 5.75787 4827.12 158.684 74.8156 63.5863 4668.43 18.3173 14.0013 83.8689 74.0301 4650.11 1332.92 3317.19 11.2293 9.83883 14.476 13.0395 10.4706 2.56889
internal_count=28072 1259 172 1087 868 413 455 219 149 43 26813 1157 501 468 25656 72 53 656 626 25584 10093 15491 33 30 70 129 92 37
is_linear=0
shrinkage=0.05


Tree=233
num_leaves=18
num_cat=0
split_feature=2 5 7 13 0 2 5 13 7 0 13 2 5 7 5 0 8
split_gain=2.66244 7.70355 13.3816 6.76267 3.63138 3.27175 5.43004 5.55176 5.76549 3.5006 5.73919 9.62606 4.91009 7.88348 6.89524 3.09201 2.15243
threshold=23.500000000000004 0.71210000000000007 0.93420000000000014 10.500000000000002 0.95295000000000007 22.500000000000004 0.83825000000000005 11.500000000000002 0.6845500000000001 0.87690000000000012 11.500000000000002 14.500000000000002 0.86815000000000009 0.94030000000000014 0.84735000000000016 0.92635000000000012 1.0000000180025095e-35
decision_type=2 2 2 2 2 2 2 2 2 2 2 2 2 2 2 2 2
left_child=5 -2 16 -4 -5 9 7 -7 -9 12 15 -12 14 -14 -1 -11 -3
right_child=1 2 3 4 -6 6 -8 8 -10 10 11 -13 13 -15 -16 -17 -18
leaf_value=-0.0002041643531118559 0.057617469626627074 -0.023883834755156555 0.10164189241740383 0.016238824680472923 -0.10901666603414009 -0.08818330646242116 0.055074256025686101 0.077008413206619691 -0.034929710675339863 0.03459557606574909 -0.13404394034594375 0.0034418585239649477 -0.085754199967696482 -0.0061945962240711784 0.042588354236979452 -0.005572614667031503 -0.081317169962549452
leaf_weight=4839.1833658602554 7.7892284393310538 2.6829135110601809 2.3966154009103784 14.619739606976507 0.60250020772218782 3.7175064757466298 1.8080694172531355 1.4271483272314069 5.9304297603666782 25.429570417851213 1.3048120774328698 52.4338932139799 4.3105556927621356 11.213840108364819 9.4318997524678689 5.9030085690319529 4.1619857810437679
leaf_count=26251 23 26 7 372 4 19 21 3 93 146 15 838 23 58 89 55 29
internal_value=-7.38468e-06 0.0143118 0.000523312 0.0235726 0.0112812 -0.000100457 -0.0252648 -0.0383805 -0.0132171 -3.4953e-05 0.0100201 0.00010361 -0.000210811 -0.0282854 -0.000120921 0.027028 -0.0588057
internal_weight=4994.35 32.253 24.4638 17.6189 15.2222 4962.09 12.8832 11.0751 7.35758 4949.21 85.0713 53.7387 4864.14 15.5244 4848.62 31.3326 6.8449
internal_count=28072 461 438 383 376 27611 136 115 96 27475 1054 853 26421 81 26340 201 55
is_linear=0
shrinkage=0.05


Tree=234
num_leaves=23
num_cat=0
split_feature=4 5 15 15 7 5 7 14 4 7 4 7 4 8 7 14 9 13 15 9 13 5
split_gain=2.68648 3.51662 7.55417 8.478 7.54491 7.26846 7.02173 6.93349 6.32228 5.54313 5.47254 4.87799 3.38458 3.34047 3.32593 2.59352 3.33634 2.27938 0.0459335 0.0268541 0.00381109 0.000667264
threshold=0.15480000000000002 0.15710000000000005 24.500000000000004 21.500000000000004 0.46970000000000006 0.17190000000000003 0.47415000000000007 19.500000000000004 0.39415000000000006 0.37415000000000004 0.20460000000000003 0.52110000000000012 0.20460000000000003 1.0000000180025095e-35 0.53695000000000015 20.500000000000004 0.99975502204801581 26.500000000000004 35.500000000000007 0.99975502204801581 14.500000000000002 0.15120000000000003
decision_type=2 2 2 2 2 2 2 2 2 2 2 2 2 2 2 2 2 2 2 2 2 2
left_child=15 2 3 4 -2 7 8 12 -4 -9 11 -7 -3 -5 -12 16 17 18 -1 20 21 -17
right_child=1 5 6 13 -6 10 -8 9 -10 -11 14 -13 -14 -15 -16 19 -18 -19 -20 -21 -22 -23
leaf_value=-0.053448962924628862 -0.030973380965793954 0.01919410088424103 -0.0024381229761722403 0.066108543998111835 0.067286658397842591 -0.044393491684720225 -0.093190589663637344 -0.029394205097642963 0.085723722410259023 0.01485870780970297 0.0017112045207432385 0.067282806809123033 -0.05164277334195564 0.019775268225995193 -0.00094492669212889978 -0.051988232124569628 0.036960665090565857 0.044592226012006062 -0.070984463883646737 -0.062500266286096715 -0.056686047606407122 -0.054106819955268365
leaf_weight=2.483634350122883 7.5160328848287481 1.8847011760808552 37.829338985029608 12.45615939050913 2.6397664356045425 10.608607993228359 2.0224895514547816 12.601098571438344 2.1490630507469168 16.140219872817397 2015.1357248690911 1.0770992338657368 16.015732883941382 5.6567214811220756 2838.940294832224 1.2788438405841591 2.669340156018734 0.69606720656156529 0.43954181857407082 1.3825423792004583 0.83734045363962639 0.52392153162509192
leaf_count=88 97 37 334 51 9 175 12 112 3 61 9536 2 169 34 17242 49 10 4 9 14 13 11
internal_value=-6.72065e-06 4.60395e-05 0.0111522 0.031135 -0.00543294 -0.000112829 -0.00229719 -0.0197569 0.00230107 -0.00454316 7.54735e-05 -0.0341 -0.0441845 0.0516385 0.000157748 -0.0255019 -0.00544615 -0.0367229 -0.0560857 -0.0568549 -0.0538986 -0.0526039
internal_weight=4992.98 4982.67 70.2696 28.2687 10.1558 4912.4 42.0009 46.6418 39.9784 28.7413 4865.76 11.6857 17.9004 18.1129 4854.08 10.3112 6.28858 3.61924 2.92318 4.02265 2.64011 1.80277
internal_count=28072 27874 540 191 106 27334 349 379 337 173 26955 177 206 85 26778 198 111 101 97 87 73 60
is_linear=0
shrinkage=0.05


Tree=235
num_leaves=31
num_cat=0
split_feature=15 15 7 4 4 7 2 15 3 6 6 7 15 9 7 13 3 4 6 1 1 15 3 4 3 15 9 4 2 6
split_gain=2.6273 13.3442 43.2303 21.0441 18.1054 23.7901 11.1177 17.3967 17.5291 12.4032 16.6045 12.2526 10.6747 35.0393 27.4529 20.0034 10.4013 10.1408 8.70711 8.0503 9.26638 7.98365 17.4871 16.634 12.5575 10.4333 57.8726 9.58395 7.74742 7.67542
threshold=30.500000000000004 31.500000000000004 0.45770000000000005 0.37090000000000006 0.52420000000000011 0.53910000000000002 3.5000000000000004 36.500000000000007 2.5000000000000004 0.38925000000000004 0.4592500000000001 0.39735000000000004 29.500000000000004 0.94761785981541558 0.50350000000000017 6.5000000000000009 2.5000000000000004 0.32860000000000006 0.19560000000000002 0.70900000000000019 0.90160000000000007 28.500000000000004 1.0000000180025095e-35 0.31140000000000007 3.5000000000000004 27.500000000000004 1.0000000180025095e-35 0.43190000000000006 2.5000000000000004 0.14965000000000003
decision_type=2 2 2 2 2 2 2 2 2 2 2 2 2 2 2 2 2 2 2 2 2 2 2 2 2 2 2 2 2 2
left_child=12 2 3 28 18 -6 7 8 -3 11 -11 -8 21 19 -15 -16 -5 -9 -4 29 -21 25 23 -23 -24 27 -27 -1 -2 -14
right_child=1 6 4 16 5 -7 9 17 -10 10 -12 -13 13 14 15 -17 -18 -19 -20 20 -22 22 24 -25 -26 26 -28 -29 -30 -31
leaf_value=-0.003831241814830934 0.020158335241349076 -0.03736727905253296 0.0058561707989796393 0.085721199034516901 0.1035985577182558 -0.027733285571079902 -0.010934983025095128 -0.0086427313565864625 0.011376499844864862 -0.02957993057039577 0.0036267861107138291 0.018004023924113117 0.095431854678223973 0.045688306053951057 -0.043844971579047723 0.018658914488209933 0.0093349686331358744 0.021936954758016096 -0.069117246566907709 0.014937681478977944 -0.061354113292502836 -0.029997761132333579 -0.038321962743070134 0.065240253126649092 -0.0072688765690556911 0.036881685995741022 -0.019653767893869967 0.0016364537688135278 -0.031835059775086619 -0.048511506401116976
leaf_weight=1188.3195978165604 13.533649456687273 71.770635466556996 4.2978901267051688 13.03563926741481 3.8431782722473136 33.554284441750497 45.164894564542919 64.790770641062409 24.823615945875645 49.255970507394522 159.70951545494609 192.34750965982676 0.9616191321983959 74.392364278435707 17.935089040547609 44.713387835770845 6.7715039495378724 46.617479998618364 39.132544016465545 17.486212563700978 5.1529991067945948 6.8877247101627317 44.121437621535733 13.712153758853672 124.20257372781634 103.1219450738281 80.681407370604575 2461.7445466159843 15.224785101134328 25.073754309676588
leaf_count=6418 95 615 17 26 6 368 334 301 78 300 1787 685 8 170 71 234 30 185 239 149 35 52 325 29 735 534 634 13142 130 340
internal_value=-6.73274e-06 -0.00266447 -0.0173364 0.0199478 -0.0397386 -0.0142369 0.000236225 -0.00931138 -0.0248407 0.00468421 -0.00420048 0.012501 0.000488295 0.0122082 0.0251516 0.000765219 0.0596069 0.00415298 -0.0616979 -0.0242334 -0.00242739 -5.27634e-05 -0.0100869 0.0333967 -0.0154086 0.000441697 0.0120652 -0.000143616 -0.00736709 -0.0431949
internal_weight=4992.38 783.874 129.393 48.5656 80.8279 37.3975 654.48 208.003 96.5943 446.478 208.965 237.512 4208.51 185.715 137.041 62.6485 19.8071 111.408 43.4304 48.6746 22.6392 4022.79 188.924 20.5999 168.324 3833.87 183.803 3650.06 28.7584 26.0354
internal_count=28072 5196 911 281 630 374 4285 1179 693 3106 2087 1019 22876 1007 475 305 56 486 256 532 184 21869 1141 81 1060 20728 1168 19560 225 348
is_linear=0
shrinkage=0.05


Tree=236
num_leaves=11
num_cat=0
split_feature=15 15 4 13 5 0 7 4 13 7
split_gain=2.56005 3.33326 6.6807 2.65818 6.82425 6.90258 3.55753 16.7713 8.91388 0.0916691
threshold=11.500000000000002 12.500000000000002 0.53140000000000009 1.0000000180025095e-35 0.18300000000000002 0.27055000000000001 0.53695000000000015 0.52975000000000005 20.500000000000004 0.38760000000000006
decision_type=2 2 2 2 2 2 2 2 2 2
left_child=-1 2 -2 4 9 -6 7 -5 -8 -3
right_child=1 3 -4 6 5 -7 8 -9 -10 -11
leaf_value=-0.042319591913540497 -0.022392123690016696 -0.05702541893409796 0.052692283183367265 0.00064095849907312436 0.019721357872258333 -0.00016294539861287205 -0.0019526716425291028 0.032574614575269271 0.015319117023517459 -0.073546768052586559
leaf_weight=3.5722551196813574 4.6461460143327704 2.0310714687220748 8.1754616573452932 2019.4047934317496 68.108569774776697 121.50807106215507 2638.90334453166 41.970461420714855 76.878281276207417 1.4312431663274763
leaf_count=20 17 34 27 10304 283 480 16482 109 307 9
internal_value=-7.1791e-06 2.31538e-05 0.0254841 -4.25271e-05 0.00570911 0.00697932 -0.000274992 0.00129114 -0.00146374 -0.063855
internal_weight=4986.63 4983.06 12.8216 4970.24 193.079 189.617 4777.16 2061.38 2715.78 3.46231
internal_count=28072 28052 44 28008 806 763 27202 10413 16789 43
is_linear=0
shrinkage=0.05


Tree=237
num_leaves=22
num_cat=0
split_feature=6 7 14 0 14 0 2 7 2 7 2 14 0 1 7 14 1 7 7 2 15
split_gain=2.55564 5.8588 11.5205 13.1063 9.80654 8.80424 8.0119 5.71063 8.96362 5.49327 5.22904 4.67522 4.38676 16.6772 11.6731 8.2458 6.76177 2.63444 2.51198 0.934322 0.635311
threshold=0.76830000000000009 0.79430000000000012 12.500000000000002 0.4714000000000001 36.500000000000007 0.099200000000000024 24.500000000000004 0.78630000000000011 16.500000000000004 0.85270000000000012 10.500000000000002 17.500000000000004 0.55685000000000018 0.73505000000000009 0.93910000000000016 19.500000000000004 0.8136500000000001 0.79430000000000012 0.99350000000000016 7.5000000000000009 22.500000000000004
decision_type=2 2 2 2 2 2 2 2 2 2 2 2 2 2 2 2 2 2 2 2 2
left_child=1 6 20 5 -5 -4 7 10 -9 11 -1 19 15 14 -14 -11 -15 -13 -17 -2 -3
right_child=9 2 3 4 -6 -7 -8 8 -10 12 -12 17 13 16 -16 18 -18 -19 -20 -21 -22
leaf_value=0.00083522874072551449 0.031015303764893889 0.036581003272165534 0.077621861126950423 0.0031128037352487281 -0.018544881754659768 -0.035173840394790365 0.055423779618908521 0.0058378378694815816 0.074149985464081733 0.019093582639355476 -0.0034558433547853297 0.030751191395797784 0.10667276846659778 -0.021609678977750048 0.0098775060293619273 -0.065479150506170536 0.0042328556819425309 -0.014564822947382816 -0.007436870458291004 0.057584364718523455 0.064092564422880763
leaf_weight=3469.0926400541794 5.6374264508485821 4.0847392641007882 1.7911557294428337 164.94656337518245 76.512393617769703 50.670903327874839 6.5520275998860589 17.86889205896296 6.5668189199641338 7.1209675967693356 892.63260800065473 5.6001404076814634 6.5110384188592416 28.857162222266197 5.9711879715323448 7.5884143179282528 206.05114208627492 7.5056988373398781 2.4711240231990814 8.010964021086691 4.3153349310159683
leaf_count=17139 17 22 6 921 652 1382 20 172 27 22 4132 16 17 241 45 113 3062 28 10 19 9
internal_value=-6.77413e-06 -0.000288741 -0.00702141 -0.00867146 -0.00374998 -0.0313228 0.000174623 9.20925e-05 0.0241959 0.00453744 -4.29446e-05 0.0261284 0.0023541 0.00405077 0.0603683 -0.0220771 0.00105825 0.00479876 -0.0512211 0.0466101 0.0507144
internal_weight=4986.36 4695.03 302.321 293.921 241.459 52.4621 4392.71 4386.16 24.4357 291.325 4361.73 26.7542 264.571 247.391 12.4822 17.1805 234.908 13.1058 10.0595 13.6484 8.40007
internal_count=28072 24482 2992 2961 1573 1388 21490 21470 199 3590 21271 80 3510 3365 62 145 3303 44 123 36 31
is_linear=0
shrinkage=0.05


Tree=238
num_leaves=27
num_cat=0
split_feature=0 1 3 4 3 5 7 13 7 7 1 13 1 13 0 3 0 4 5 7 9 1 13 13 7 2
split_gain=2.58577 9.33456 8.60577 10.0649 8.06283 11.396 7.63671 7.39862 6.92988 5.21733 4.8659 5.99707 4.75893 10.7728 6.57093 7.03417 6.76811 4.80613 12.2572 6.24911 4.09351 2.92395 1.76008 1.71537 1.33194 0.0489145
threshold=0.10100000000000002 0.36940000000000006 3.5000000000000004 0.44175000000000003 1.5000000000000002 0.27520000000000006 0.46970000000000006 17.500000000000004 0.55035000000000012 0.63705000000000012 0.16475000000000004 4.5000000000000009 0.20415000000000003 4.5000000000000009 0.12615000000000001 4.5000000000000009 0.12390000000000002 0.26945000000000002 0.29680000000000006 0.31665000000000004 0.99975502204801581 0.48215000000000002 6.5000000000000009 8.5000000000000018 0.53910000000000002 2.5000000000000004
decision_type=2 2 2 2 2 2 2 2 2 2 2 2 2 2 2 2 2 2 2 2 2 2 2 2 2 2
left_child=1 4 3 8 5 6 -1 -7 -3 -5 22 -12 13 -2 15 16 -14 18 -16 -19 21 -4 -6 -17 25 -15
right_child=12 2 20 9 10 7 -8 -9 -10 -11 11 -13 14 24 17 23 -18 19 -20 -21 -22 -23 -24 -25 -26 -27
leaf_value=0.0012035958921556582 0.022858136669340792 -0.023762713457222761 -0.036426194776618605 -0.085546258377116671 0.058015324683530468 -0.026109721931486071 0.047041253097036134 0.022623703523257589 0.023093480444079877 -0.023044957847736205 -0.017668816009936264 0.01852228434344386 -1.2422589864064918e-05 -0.068929476715478569 -0.005788193141986555 0.026203182321122443 0.016243174329516729 -0.061880328754576323 -0.070839093701145647 0.000194866189951366 0.043205810531814742 0.011967244071409854 0.023651816114317072 0.061768871872910296 -0.1142997533401222 -0.057447843534470168
leaf_weight=102.33477245876566 4.6163759734481555 50.411454309243709 4.7151539772748956 9.2234089914709312 7.298283923417328 63.681543737649918 9.9720464237034303 8.8734032493084651 9.3554061613976938 5.2335370182991019 15.907586216926573 40.817521529272199 174.76155560137704 1.7489030361175539 80.488012620946392 7.2902835011482221 101.06178389489651 4.0582373645156613 7.9573549292981616 4240.6975030967733 6.6808680742979041 9.2339006960391998 7.6135777179151773 6.3374578952789307 1.8983879443258045 1.9753510570153592
leaf_count=759 16 516 17 72 31 566 28 50 36 29 70 204 982 11 658 21 490 48 59 23263 22 30 36 15 21 22
internal_value=-6.67675e-06 -0.0041421 -0.0175438 -0.0254837 0.000813891 -0.00470455 0.00527365 -0.0201497 -0.0164282 -0.0629203 0.0150544 0.00837311 0.000306948 -0.0337429 0.000382367 0.00767618 0.00594363 -0.000104848 -0.0116408 0.000135519 0.0110229 -0.00439103 0.0404703 0.0427427 -0.0802142 -0.0628396
internal_weight=4984.24 351.352 94.8537 74.2238 256.499 184.862 112.307 72.5549 59.7669 14.4569 71.637 56.7251 4632.89 10.239 4622.65 289.451 275.823 4333.2 88.4454 4244.76 20.6299 13.9491 14.9119 13.6277 5.62264 3.72425
internal_count=28072 2466 722 653 1744 1403 787 616 552 101 341 274 25606 70 25536 1508 1472 24028 717 23311 69 47 67 36 54 33
is_linear=0
shrinkage=0.05


Tree=239
num_leaves=31
num_cat=0
split_feature=1 2 3 15 2 3 13 9 1 14 15 1 6 14 6 15 1 3 7 14 15 1 14 15 13 7 14 15 2 2
split_gain=2.54407 7.41496 17.7617 16.1034 42.3095 15.322 11.3561 17.2183 17.139 27.868 17.9003 14.1693 12.6797 6.62115 12.9745 10.1874 11.3082 11.1812 8.17448 18.0689 11.908 11.6988 12.6975 9.27682 7.24979 10.3772 6.31848 6.28292 31.2919 15.4442
threshold=0.8198000000000002 9.5000000000000018 4.5000000000000009 24.500000000000004 8.5000000000000018 5.5000000000000009 5.5000000000000009 0.88282035995081432 0.47725000000000006 24.500000000000004 35.500000000000007 0.64405000000000012 0.25870000000000004 24.500000000000004 0.58500000000000008 21.500000000000004 0.90550000000000008 5.5000000000000009 0.48715000000000003 13.500000000000002 30.500000000000004 0.84810000000000008 17.500000000000004 19.500000000000004 3.5000000000000004 0.77875000000000016 26.500000000000004 25.500000000000004 4.5000000000000009 8.5000000000000018
decision_type=2 2 2 2 2 2 2 2 2 2 2 2 2 2 2 2 2 2 2 2 2 2 2 2 2 2 2 2 2 2
left_child=1 2 27 5 -5 -4 8 12 9 -3 -10 -9 -8 18 15 16 -15 -17 19 -2 -21 22 -20 -23 25 -16 -26 28 -1 -29
right_child=13 6 3 4 -6 -7 7 11 10 -11 -12 -13 -14 14 24 17 -18 -19 21 20 -22 23 -24 -25 26 -27 -28 29 -30 -31
leaf_value=0.0013900088217867566 -0.035746414197233699 0.20571519806871097 0.015356876964802816 0.028609045487218477 -0.032189786428136108 0.054716385468637024 0.032716698160408751 -0.020248773091530493 -0.024345940762970995 0.0044989016152248923 0.018052022742641685 0.010946510402172158 -0.016765683998087033 -0.0093399341847251582 -0.0095498347119641752 0.043245398166059983 0.029217818424378574 0.013579558727103183 -0.045797796090769317 0.037719016549708412 -0.016784625765167229 0.0084751060974369054 -0.0074565528503529738 -0.0055559714088789097 0.052190574224482027 0.096693985363773008 -0.0016669502949623112 0.00036872087709579823 -0.013815458447881108 0.021900918488829857
leaf_weight=1296.4778807039838 14.65570426173508 2.2063070535659772 117.39725795201957 58.167390454560518 56.320639041252434 31.323333176784217 14.003616428002713 42.567204652819782 171.86851006234065 7.8189925448969007 29.111692188773304 251.27465209551156 171.46976694476325 66.418017614632845 4.5622355192899686 46.100005604326725 26.643679477274418 102.12717189639807 30.664500873535872 47.326240438967943 12.713479831814764 187.12113135308027 72.997879043221474 318.0056781983003 5.5213175304234019 4.6316180489957333 398.01738686859608 843.19524566829205 457.84263587137684 92.404190773610026
leaf_count=5898 81 4 521 225 355 101 72 489 811 75 174 959 2286 217 16 112 91 307 138 120 42 825 229 1021 18 27 3972 5044 3375 467
internal_value=-6.55187e-06 -0.000691204 0.000399363 0.0127956 -0.00130001 0.0236467 -0.00535655 -0.00110159 -0.015022 0.0487814 -0.0182047 0.00642743 -0.0130297 0.00185848 0.00545479 0.0146653 0.0016992 0.0228059 -0.0015828 0.0140279 0.0261778 -0.00349815 -0.0187983 -0.000358245 7.01824e-05 0.043973 -0.000930058 -0.000813612 -0.00257831 0.00249534
internal_weight=4980.96 3643.45 2953.13 263.209 114.488 148.721 690.321 479.315 211.006 10.0253 200.98 293.842 185.473 1337.51 654.021 241.289 93.0617 148.227 683.485 74.6954 60.0397 608.789 103.662 505.127 412.733 9.19385 403.539 2689.92 1754.32 935.599
internal_count=28072 20856 15986 1202 580 622 4870 3806 1064 79 985 1448 2358 7216 4760 727 308 419 2456 243 162 2213 367 1846 4033 43 3990 14784 9273 5511
is_linear=0
shrinkage=0.05


Tree=240
num_leaves=25
num_cat=0
split_feature=4 5 15 15 15 14 5 14 7 4 7 7 1 13 8 14 7 15 14 7 14 13 13 15
split_gain=2.53731 3.31058 6.71352 7.48803 7.48385 6.69918 6.58568 6.33645 5.41481 5.10996 5.07156 4.33999 3.48704 3.10591 2.99286 2.44342 2.36554 1.35869 1.04816 0.165776 0.0572267 0.0233321 0.00383594 0.000762751
threshold=0.15480000000000002 0.15710000000000005 24.500000000000004 21.500000000000004 17.500000000000004 36.500000000000007 0.17190000000000003 19.500000000000004 0.47415000000000007 0.20460000000000003 0.37415000000000004 0.52110000000000012 0.74130000000000018 11.500000000000002 1.0000000180025095e-35 20.500000000000004 0.21165000000000003 30.500000000000004 13.500000000000002 0.18465000000000001 13.500000000000002 1.5000000000000002 10.500000000000002 35.500000000000007
decision_type=2 2 2 2 2 2 2 2 2 2 2 2 2 2 2 2 2 2 2 2 2 2 2 2
left_child=15 2 3 4 -2 8 7 12 -4 11 -9 -8 -3 -11 -5 16 17 19 -19 -1 -18 -17 23 -23
right_child=1 6 5 14 -6 -7 9 10 -10 13 -12 -13 -14 -15 -16 21 20 18 -20 -21 -22 22 -24 -25
leaf_value=0.025039871038545158 0.042609314037999474 -0.055926388460162471 -0.0028586648006363401 0.062339949437416768 -0.044251175600079289 0.073278607281237473 -0.043473686759783692 -0.028506722019848958 -0.086443759824197289 -0.00066039090247839243 0.014067275654775641 0.065204107368679862 -0.0042826011530601935 0.0021369506727488457 0.018440797529941582 -0.064106349878501806 -0.040390630060615634 0.02143737317063843 -0.058355272734061617 0.050406763566998192 -0.059281081559801579 -0.052333178545117036 -0.056595835361602079 -0.054681128096625557
leaf_weight=1.2920152405276877 4.520413191989066 12.91919876355678 36.829826683271676 12.581967227160932 5.4934185310266912 2.7659644894301882 10.186166669242082 12.396928177680822 2.0452045425772658 3443.1266216217773 16.053279960528016 1.009705215692519 4.3756474666297427 1394.0419678746257 5.615272202063351 0.81287358095869455 0.59481265046633769 0.7844869941473005 0.86579282954335213 1.2842531697824597 1.2298867898061869 1.2221059664152565 1.3100239899940787 0.48244258575141419
leaf_count=18 38 178 326 51 68 11 175 112 12 16308 61 2 28 10470 34 13 22 12 18 13 28 41 23 10
internal_value=-6.58287e-06 4.37958e-05 0.010852 0.0296845 -0.00504088 -0.00190661 -0.000110467 -0.0189929 -0.00725605 6.76921e-05 -0.00448397 -0.0336725 -0.0428604 0.000145786 0.0487936 -0.0253214 -0.00554484 0.0149959 -0.0204246 0.0376851 -0.0531232 -0.0565885 -0.0545613 -0.0529977
internal_weight=4973.84 4963.96 69.8521 28.2111 10.0138 41.641 4894.11 45.7451 38.875 4848.36 28.4502 11.1959 17.2948 4837.17 18.1972 9.87869 6.05125 4.22655 1.65028 2.57627 1.8247 3.82745 3.01457 1.70455
internal_count=28072 27874 540 191 106 349 27334 379 338 26955 173 177 206 26778 85 198 111 61 30 31 50 87 74 51
is_linear=0
shrinkage=0.05


Tree=241
num_leaves=31
num_cat=0
split_feature=15 15 7 2 1 2 7 2 15 0 0 7 15 15 1 15 9 7 9 5 15 0 2 7 15 8 2 5 6 0
split_gain=2.49698 11.8091 39.6663 13.9133 11.3803 10.4893 11.0238 10.1147 16.177 23.524 12.0174 17.6387 15.5324 10.5679 9.97009 9.50276 31.2491 24.832 10.5529 8.04967 7.12537 12.2691 31.4343 18.1833 9.42148 52.4017 7.44232 6.59466 5.87 4.02677
threshold=30.500000000000004 31.500000000000004 0.45770000000000005 3.5000000000000004 0.39210000000000006 10.500000000000002 0.38955000000000006 3.5000000000000004 36.500000000000007 0.17445000000000002 0.39175000000000004 0.42485000000000006 39.500000000000007 32.500000000000007 0.4714000000000001 29.500000000000004 0.94761785981541558 0.50350000000000017 0.99975502204801581 0.49720000000000003 28.500000000000004 0.35165000000000007 4.5000000000000009 0.67100000000000015 27.500000000000004 1.0000000180025095e-35 21.500000000000004 0.54205000000000003 0.19255000000000003 0.13920000000000002
decision_type=2 2 2 2 2 2 2 2 2 2 2 2 2 2 2 2 2 2 2 2 2 2 2 2 2 2 2 2 2 2
left_child=15 2 5 4 -4 6 -2 8 13 -10 12 -12 -9 -3 -5 20 19 29 -19 28 24 22 -22 -23 26 -26 -1 -21 -17 -18
right_child=1 7 3 14 -6 -7 -8 10 9 -11 11 -13 -14 -15 -16 16 17 18 -20 27 21 23 -24 -25 25 -27 -28 -29 -30 -31
leaf_value=-0.00029251913229833557 -0.0069039431856766547 0.0044347540494849439 -0.0022459776296060744 0.030325361906112402 -0.089506894119262367 -0.069653455122147559 0.044295443456879191 0.015476217661107987 0.01415822724745168 -0.048266012925981802 -0.061236320428806806 -0.00029563749712613173 -0.053641606071740379 -0.03398086860114434 -0.032814889444504676 0.0078284668953784008 0.053726427088776008 0.064589633248010397 -0.0059533485971195775 0.069932073919310431 0.0018502264059420807 0.019615341202563766 -0.056977422039508202 -0.026326861672782021 0.035055764719997475 -0.018802628317346026 0.03025877507410665 -0.010349004482868088 -0.046675260577862351 0.030123636790093902
leaf_weight=3618.8890756452456 16.644900135230273 23.985865750350058 4.7232785075902965 7.1383658174891016 17.883054041303694 3.0991323813796035 28.540187038481236 208.58558372803964 92.250479798298329 18.043828353285789 12.565943581983445 215.58152575977147 8.4578528674319369 70.586889170110226 50.357737546786666 6.0370428068563333 41.691768355667591 5.8485379796475163 56.688663734123111 3.2986547835171214 55.233766909688711 60.39983569458127 38.561948919668794 33.472943013999611 103.20444694906473 80.30365430098027 20.044171934016049 11.393242116086183 27.184439592063427 31.894550815224648
leaf_count=19321 151 129 24 92 86 21 109 1458 409 77 62 1523 63 564 428 52 91 16 289 34 248 214 354 325 534 634 239 178 268 79
internal_value=-6.6428e-06 -0.00260737 -0.0164648 -0.0380422 -0.0712749 0.0193318 0.025435 0.000129472 -0.00906457 0.0039458 0.00436037 -0.00365214 0.0127828 -0.0242378 -0.0249758 0.000476059 0.0115857 0.0238092 0.000643897 -0.0231419 -3.37973e-05 -0.00954577 -0.0223354 0.00323337 0.000433207 0.0114872 -0.000124235 0.00767587 -0.0367708 0.0434963
internal_weight=4972.59 778.445 128.387 80.1024 22.6063 48.2842 45.1851 650.058 204.867 110.294 445.191 228.147 217.043 94.5728 57.4961 4194.15 184.037 136.124 62.5372 47.9134 4010.11 187.668 93.7957 93.8728 3822.44 183.508 3638.93 14.6919 33.2215 73.5863
internal_count=28072 5196 911 630 110 281 260 4285 1179 486 3106 1585 1521 693 520 22876 1007 475 305 532 21869 1141 602 539 20728 1168 19560 212 320 170
is_linear=0
shrinkage=0.05


Tree=242
num_leaves=25
num_cat=0
split_feature=0 3 1 13 15 13 0 0 4 1 13 0 15 15 4 3 4 5 4 5 13 4 2 15
split_gain=2.51303 9.85259 8.33566 7.32122 7.84551 6.95144 12.3977 7.45209 6.56078 4.67631 7.97202 7.51342 9.28838 13.9132 5.24666 4.49291 4.41729 11.4649 5.44748 2.20049 2.75982 1.06565 0.992201 0.0532044
threshold=0.10620000000000002 4.5000000000000009 0.30600000000000005 2.5000000000000004 17.500000000000004 16.500000000000004 0.094750000000000015 0.094750000000000015 0.38150000000000006 0.21585000000000001 4.5000000000000009 0.12615000000000001 37.500000000000007 31.500000000000004 0.26570000000000005 3.5000000000000004 0.26945000000000002 0.29680000000000006 0.27335000000000004 0.32860000000000006 4.5000000000000009 0.50945000000000007 2.5000000000000004 30.500000000000004
decision_type=2 2 2 2 2 2 2 2 2 2 2 2 2 2 2 2 2 2 2 2 2 2 2 2
left_child=1 2 3 8 -5 7 -7 -4 -1 10 -2 12 13 -11 -14 22 17 -13 -18 20 -3 -22 -12 -21
right_child=9 19 5 4 -6 6 -8 -9 -10 11 15 16 14 -15 -16 -17 18 -19 -20 23 21 -23 -24 -25
leaf_value=-0.0096106863492229112 0.020328533390200885 -0.013606363568252547 -0.029544396340280672 0.042915726816798429 0.0017593989722718775 0.020685478766594018 -0.048552263095289989 -0.0035195715380348168 -0.067333340203140135 0.010170527278505427 -0.096150124322598118 -0.0055921349603979438 -0.0075043553268205887 -0.029052533951832649 0.050999880180493944 0.0097398130755227789 0.037126801642638839 -0.069630519465462504 6.5927593844167573e-05 0.053353841225393765 0.056548286893028765 0.014660452352912801 -0.058675838856719537 0.062740243325436859
leaf_weight=21.042538277339194 5.6545097362250081 3.8151785358786601 76.503670584410429 12.435143684037028 168.27456930093467 28.088510751724243 8.3985955677926523 42.949470762163401 6.4259901633486143 200.53028794564307 2.7223970629274827 80.015345768071711 4.8333040960133102 25.48226428963244 18.501729605719447 2.1576846092939377 9.9385849558748287 7.6581515092402688 4226.1997697580373 2.9752373695373526 3.8807050734758377 2.4943006262183189 5.0296544698067009 3.0648772120475769
leaf_count=152 22 20 620 48 1185 166 64 289 45 998 17 658 24 169 73 6 57 59 23254 22 23 13 79 9
internal_value=-7.19097e-06 -0.00391278 -0.00561179 0.000935778 0.00459148 -0.0143527 0.00474835 -0.0201872 -0.0231143 0.000316534 -0.0270437 0.000409652 0.00884905 0.00574824 0.0388821 -0.0540744 -7.70354e-05 -0.0111858 0.000152878 0.0342037 0.0200295 0.0401591 -0.0718362 0.0581167
internal_weight=4969.07 380.349 364.118 208.178 180.71 155.94 36.4871 119.453 27.4685 4588.72 15.5642 4573.16 249.348 226.013 23.335 9.90974 4323.81 87.6735 4236.14 16.2303 10.1902 6.37501 7.75205 6.04011
internal_count=28072 2656 2569 1430 1233 1139 230 909 197 25416 124 25292 1264 1167 97 102 24028 717 23311 87 56 36 96 31
is_linear=0
shrinkage=0.05


Tree=243
num_leaves=21
num_cat=0
split_feature=4 5 0 5 5 5 9 0 7 4 7 4 2 9 13 0 0 9 13 13
split_gain=2.47545 3.01322 6.64038 6.37983 6.30927 4.7678 9.50338 5.90439 4.45004 9.74471 4.02065 3.53371 2.04879 2.90526 2.08591 0.709741 0.0304808 0.028736 0.00309835 7.54524e-05
threshold=0.15480000000000002 0.15710000000000005 0.22610000000000002 0.13075000000000001 0.18300000000000002 0.18810000000000002 0.963409192324855 0.072300000000000017 0.54695000000000016 0.36475000000000007 0.30900000000000005 0.25160000000000005 1.5000000000000002 0.99975502204801581 26.500000000000004 0.14850000000000005 0.090300000000000005 0.99975502204801581 19.500000000000004 11.500000000000002
decision_type=2 2 2 2 2 2 2 2 2 2 2 2 2 2 2 2 2 2 2 2
left_child=12 2 3 10 8 6 -6 -7 9 -3 -2 -5 13 14 16 -10 -1 18 19 -14
right_child=1 4 -4 11 5 7 -8 -9 15 -11 -12 -13 17 -15 -16 -17 -18 -19 -20 -21
leaf_value=-0.05260201102790503 0.0024431880625634846 -0.0091205891781150367 -0.067021926605021778 0.0039695289026728123 -0.0053430601661467528 -0.01053681448264681 0.048086215170160485 0.00032823884671388402 0.032511388886182914 -0.05582931658290962 -0.057512296173168623 0.03031194871457258 -0.051426154589073826 0.032913951567143399 0.041811846401653446 0.0053460220564503953 -0.063633226038488075 -0.062137456697594164 -0.056333602165599087 -0.052084945767240945
leaf_weight=1.8846824965439726 7.6447925260290486 86.980568115832284 2.665486427024006 20.063738849945366 18.308752697892487 128.52220481773838 15.258803149685262 4616.0240070631262 5.3591350242495519 12.811042521148918 4.4089338951744139 34.83385740686208 0.9843815132044258 2.5314623583108187 0.67097643762826908 4.3610023632645607 0.93781021609902371 1.253762071952224 0.45784068852663029 0.77823794214054942
leaf_count=78 103 699 22 180 108 865 46 25516 20 66 72 163 51 12 4 14 8 12 8 25
internal_value=-6.93532e-06 4.19281e-05 0.0103709 0.0134521 -0.000105193 0.000166772 0.0189443 3.39218e-05 -0.0119713 -0.015117 -0.0194869 0.0206844 -0.0255069 -0.00787375 -0.0374296 0.0203235 -0.0562673 -0.0560859 -0.0526689 -0.051717
internal_weight=4966.74 4957.24 69.6168 66.9513 4887.63 4778.11 33.5676 4744.55 109.512 99.7916 12.0537 54.8976 9.49915 6.02493 3.49347 9.72014 2.82249 3.47422 2.22046 1.76262
internal_count=28072 27874 540 518 27334 26535 154 26381 799 765 175 343 198 102 90 34 86 96 84 76
is_linear=0
shrinkage=0.05


Tree=244
num_leaves=22
num_cat=0
split_feature=2 7 1 15 15 7 2 6 5 7 15 15 7 7 4 5 2 7 4 4 2
split_gain=2.41227 4.11148 3.05492 2.57221 13.7567 45.977 18.8041 6.58217 12.3271 11.367 10.6335 6.75687 7.90393 5.45682 7.9906 7.92043 4.11972 3.40422 1.47981 1.54367 0.999573
threshold=26.500000000000004 0.77300000000000013 0.92980000000000007 24.500000000000004 25.500000000000004 0.46050000000000008 6.5000000000000009 0.16065000000000004 0.17715000000000003 0.27845000000000003 19.500000000000004 21.500000000000004 0.36090000000000005 0.64075000000000004 0.53910000000000002 0.54435000000000011 10.500000000000002 0.53000000000000014 0.79775000000000007 0.84735000000000016 29.500000000000004
decision_type=2 2 2 2 2 2 2 2 2 2 2 2 2 2 2 2 2 2 2 2 2
left_child=3 -2 20 7 5 16 -7 11 10 -10 -9 12 -1 15 -15 -6 -5 -13 -4 -20 -3
right_child=1 2 18 4 13 6 -8 8 9 -11 -12 17 -14 14 -16 -17 -18 -19 19 -21 -22
leaf_value=-0.057701413651753547 0.076169512933886907 -0.014799492282254878 -0.022009123187953818 -0.063255252827521133 0.0011180308389144059 0.016181348707029336 -0.01284615534383938 0.0011325993966039658 0.084509625071134867 0.00084643528896389652 -0.067029601397309263 0.029728546725841631 0.023917859415384997 -0.022009686806266804 -0.002018535988055143 0.025115204740713843 0.010916625985094025 0.079487261014969585 0.059188417739980959 0.0091700390820931687 -0.090201891928110858
leaf_weight=4.7201799540780467 2.7323961555957785 0.86977902427315512 1.6613692939281461 40.101133614778519 1395.2390041563194 82.929429289302789 170.49755720305257 10.573284858837726 4.065922516398131 2742.2546327714808 12.469710438512264 17.645488757174466 7.9822784862481058 57.904307723045349 365.50487963343039 35.253785104025155 1.9637792091816653 4.2688862010836592 2.7436617333441973 3.5235074143856764 0.88852297887206078
leaf_count=102 5 17 9 305 7044 371 1015 75 41 14223 133 126 47 372 3855 143 15 10 73 77 14
internal_value=-6.81176e-06 0.0220018 0.00672249 -6.19922e-05 -0.00136337 -0.0113827 -0.00334743 0.000935578 0.000664733 0.000970298 -0.0357534 0.0226033 -0.00641152 0.000233608 -0.00475247 0.00170943 -0.0597926 0.0394215 0.0199455 0.0310672 -0.0529026
internal_weight=4965.79 12.4192 9.68684 4953.37 2149.39 295.492 253.427 2803.98 2769.36 2746.32 23.043 34.6168 12.7025 1853.9 423.409 1430.49 42.0649 21.9144 7.92854 6.26717 1.7583
internal_count=28072 195 190 27877 13120 1706 1386 14757 14472 14264 208 285 149 11414 4227 7187 320 136 159 150 31
is_linear=0
shrinkage=0.05


Tree=245
num_leaves=11
num_cat=0
split_feature=15 15 4 9 9 15 9 15 9 15
split_gain=2.38706 3.02977 6.21821 2.83777 36.6083 23.6882 20.6106 29.2143 15.8808 8.89973
threshold=11.500000000000002 12.500000000000002 0.53140000000000009 0.050641025641025607 0.86736111111111125 20.500000000000004 0.030133333333333304 23.500000000000004 0.017928571428571401 39.500000000000007
decision_type=2 2 2 2 2 2 2 2 2 2
left_child=-1 2 -2 6 5 -5 8 -8 -3 -6
right_child=1 3 -4 4 9 -7 7 -9 -10 -11
leaf_value=-0.041081120141675621 -0.021344645002713734 0.0010921000768751709 0.051563649979231088 -0.047445922234016155 0.0008382294393230647 -0.010883945541805995 -0.046843619696341349 0.052422767165933595 -0.040791156699984663 -0.046435548793392657
leaf_weight=3.5347471907734862 4.644243158400057 1960.1069802665152 7.8977530039846897 57.940346607705578 2660.5457195308991 188.19218357233331 9.1402140790596587 39.198640923947096 22.896851984784007 9.9931966401636583
leaf_count=20 17 10838 27 914 12497 3295 63 181 165 55
internal_value=-7.03415e-06 2.2234e-05 0.024566 -3.99785e-05 -0.00103927 -0.0194907 0.00139483 0.0336529 0.000608493 0.00066133
internal_weight=4964.09 4960.56 12.542 4948.01 2916.67 246.133 2031.34 48.3389 1983 2670.54
internal_count=28072 28052 44 28008 16761 4209 11247 244 11003 12552
is_linear=0
shrinkage=0.05


Tree=246
num_leaves=28
num_cat=0
split_feature=13 7 4 3 7 1 14 4 1 14 14 1 7 14 5 9 1 9 7 9 7 5 13 9 3 7 14
split_gain=2.36855 6.32153 6.5079 5.73899 5.30248 10.1378 8.40849 9.00864 7.84447 5.95795 3.31047 15.6054 12.3162 10.6194 7.05559 18.1035 23.1212 14.2274 11.6191 12.7046 11.0354 6.86181 6.75524 6.32647 5.48912 0.0894667 0.0436423
threshold=1.0000000180025095e-35 0.39735000000000004 0.28745000000000004 1.5000000000000002 0.43285000000000007 0.43615000000000009 29.500000000000004 0.38925000000000004 0.8198000000000002 25.500000000000004 20.500000000000004 0.23305000000000003 0.75720000000000021 18.500000000000004 0.46545000000000009 0.020151515151515153 0.8509500000000001 0.049444444444444409 0.57360000000000011 0.053381458966565307 0.55650000000000011 0.20430000000000001 12.500000000000002 0.99975502204801581 1.0000000180025095e-35 0.37090000000000006 28.500000000000004
decision_type=2 2 2 2 2 2 2 2 2 2 2 2 2 2 2 2 2 2 2 2 2 2 2 2 2 2 2
left_child=1 2 3 26 5 -3 7 -6 -8 -7 11 21 22 -14 18 16 -16 -17 20 -20 -12 24 -13 -23 -2 -4 -1
right_child=10 4 25 -5 6 9 8 -9 -10 -11 14 12 13 -15 15 17 -18 -19 19 -21 -22 23 -24 -25 -26 -27 -28
leaf_value=-0.054022511673421716 -0.060815152040494813 0.075483097029013638 -0.062480686855711565 0.024952817066392453 -0.032580686980310358 -0.049126575435860076 -0.048562262041757072 0.012712459692362746 0.041431992609013202 0.042322959951423184 0.0021202729889168489 -0.0046309653307878449 0.019150809802480521 -0.02126279118046457 -0.026098525804553387 0.050085367952743515 0.0024746018115302288 0.00068690584024428943 0.026439347123258281 0.0046551454793276907 -0.017682294782176113 0.064616005743109065 0.0034794070175438521 -5.0070554677134485e-05 0.025456590777685507 -0.075555528826771107 -0.066357067594380315
leaf_weight=1.5963411610573515 2.8268292052671331 7.9009206630289537 2.274890173226594 6.5426208581775427 11.946038981899617 3.8352567851543427 11.92701904568821 135.51577979326248 3.0382777974009505 3.3252385221421719 1233.2270637215115 1566.7123484592885 105.5096002407372 19.215216252952814 154.60585825750604 14.836392042227088 130.61376379802823 830.62823418725748 100.06614393182099 202.11621494917199 74.609443021938205 16.193962030112747 307.06288039800711 4.9347980320453635 5.3017904628068209 3.0794624928385019 1.3020748831331728
leaf_count=34 43 24 19 28 60 20 86 470 18 16 6466 6411 363 67 2170 75 987 7579 401 811 399 61 1383 25 24 22 10
internal_value=-7.47747e-06 0.00543324 -0.0259669 -0.000993896 0.00805074 0.0364313 0.00541909 0.00904321 -0.0302915 -0.00665863 -0.000226869 -0.00175848 -0.0022892 0.0129247 0.000906321 -0.00212094 -0.0130137 0.00155376 0.00303231 0.0118689 0.000990576 0.0344936 -0.00330189 0.0495127 -0.00454549 -0.0700005 -0.0595636
internal_weight=4960.74 192.284 14.7954 9.44104 177.489 15.0614 162.427 147.462 14.9653 7.1605 4768.46 2027.76 1998.5 124.725 2740.7 1130.68 285.22 845.465 1610.02 302.182 1307.84 29.2574 1873.78 21.1288 8.12862 5.35435 2.89842
internal_count=28072 807 113 72 694 60 634 530 104 36 27265 8377 8224 430 18888 10811 3157 7654 8077 1212 6865 153 7794 86 67 41 44
is_linear=0
shrinkage=0.05


Tree=247
num_leaves=31
num_cat=0
split_feature=15 15 7 4 4 7 9 2 0 15 0 4 15 15 9 7 13 6 1 0 2 4 6 2 2 7 13 6 15 4
split_gain=2.41924 10.8913 35.5794 17.974 16.2878 19.9585 10.0623 9.23334 14.5604 14.7327 10.8254 24.6706 14.2986 8.44761 28.1305 22.5805 17.709 7.91893 7.61642 9.57082 6.95827 6.92721 6.59047 6.4787 10.4946 6.2661 5.00657 4.23701 4.12044 3.77506
threshold=30.500000000000004 31.500000000000004 0.45770000000000005 0.37090000000000006 0.52420000000000011 0.53910000000000002 0.66794871794871802 3.5000000000000004 0.22125000000000003 36.500000000000007 0.39175000000000004 0.35365000000000008 37.500000000000007 29.500000000000004 0.94761785981541558 0.50350000000000017 6.5000000000000009 0.19560000000000002 0.70900000000000019 0.38955000000000006 2.5000000000000004 0.23015000000000005 0.14965000000000003 21.500000000000004 20.500000000000004 0.81015000000000004 31.500000000000004 0.21780000000000002 38.500000000000007 0.29460000000000003
decision_type=2 2 2 2 2 2 2 2 2 2 2 2 2 2 2 2 2 2 2 2 2 2 2 2 2 2 2 2 2 2
left_child=13 2 3 20 17 -6 -5 8 9 -3 12 -12 -9 21 18 29 -17 -4 22 -20 -2 26 -15 24 -23 -25 27 -1 -10 -16
right_child=1 7 4 6 5 -7 -8 10 28 -11 11 -13 -14 14 15 16 -18 -19 19 -21 -22 23 -24 25 -26 -27 -28 -29 -30 -31
leaf_value=-0.042345579136027857 0.018555675716708731 -0.02020183456453848 0.007634616869926285 0.10172576032927452 0.095147958179388911 -0.024744978598593509 0.027619055808907028 0.017275379488812592 -0.072779207774362017 0.0078418308119648818 -0.063070998712895662 0.0010208195904300764 -0.019571744228653036 0.081923169711303923 0.057876905339915269 -0.041314144528187095 0.017468915853775926 -0.064688705757243045 0.062734847215483044 -0.017849756726859744 -0.030941362099338007 0.00014576552689265758 -0.046735268211203662 0.053328960578156628 -0.04358506264323863 0.0064534067458765819 0.049497310999454973 -0.0021340637258245943 -0.0054780709602555095 0.033586367967168483
leaf_weight=19.456377780530609 13.504080888349565 87.452043952420354 4.1994073316454879 7.1971121132373819 3.8758658021688452 33.247115291655064 12.599793970584869 186.51826838892885 10.799949195235966 100.83147699153051 16.163111988455057 211.30205350369215 30.655815585982054 1.0388915073126579 23.715765237808228 18.004320841282606 44.429965601302683 38.341085685417056 4.6501810699701336 17.743768369778991 14.973306874278931 3923.5427242571022 23.753710940829478 10.945713900029661 13.767375048249958 20.446937965229154 2.1940216757357112 9.8761056330986303 2.8809136897325507 49.13353119045496
leaf_count=413 95 650 17 21 6 368 35 1253 73 446 83 1502 268 8 52 71 234 239 15 169 130 20854 340 28 124 326 6 118 10 118
internal_value=-7.61079e-06 -0.00257443 -0.0159037 0.0179683 -0.0364294 -0.0122274 0.0545603 6.29161e-05 -0.00880245 -0.00518361 0.00408975 -0.00353339 0.0120741 0.000467706 0.0109887 0.0225831 0.000517508 -0.0575493 -0.0222525 -0.00111608 -0.00746969 -1.22064e-05 -0.0413441 0.000173241 -7.14565e-06 0.0227976 -0.0233572 -0.0288066 -0.0586069 0.041494
internal_weight=4957.24 774.541 127.938 48.2743 79.6635 37.123 19.7969 646.604 201.964 188.284 444.639 227.465 217.174 4182.7 182.47 135.284 62.4343 42.5405 47.1866 22.3939 28.4774 4000.23 24.7926 3968.7 3937.31 31.3927 31.5265 29.3325 13.6809 72.8493
internal_count=28072 5196 911 281 630 374 56 4285 1179 1096 3106 1585 1521 22876 1007 475 305 256 532 184 225 21869 348 21332 20978 354 537 531 83 170
is_linear=0
shrinkage=0.05


Tree=248
num_leaves=31
num_cat=0
split_feature=15 3 15 0 15 4 4 0 0 4 13 2 7 4 5 15 0 2 0 2 5 15 15 7 5 7 0 7 2 4
split_gain=2.42519 8.4713 25.3583 20.9383 18.1886 25.5641 16.6903 13.1589 20.0788 13.7303 6.44248 18.7415 8.78964 5.93047 6.76576 4.23417 15.43 14.9284 13.6814 10.8388 11.6878 6.61138 12.6744 42.7968 9.7862 12.704 6.02999 4.71776 4.4164 3.49019
threshold=18.500000000000004 1.5000000000000002 17.500000000000004 0.15830000000000002 15.500000000000002 0.48050000000000004 0.51805000000000001 0.22125000000000003 0.62680000000000013 0.34430000000000005 1.5000000000000002 3.5000000000000004 0.65645000000000009 0.62320000000000009 0.37415000000000004 21.500000000000004 0.11235000000000002 1.5000000000000002 0.22125000000000003 1.5000000000000002 0.58500000000000008 24.500000000000004 25.500000000000004 0.46050000000000008 0.15710000000000005 0.27845000000000003 0.099200000000000024 0.57835000000000003 9.5000000000000018 0.23015000000000005
decision_type=2 2 2 2 2 2 2 2 2 2 2 2 2 2 2 2 2 2 2 2 2 2 2 2 2 2 2 2 2 2
left_child=1 2 4 13 5 -1 -6 9 -9 -5 11 -4 -12 -3 -15 16 19 27 -19 26 -21 24 23 -23 29 -26 -2 -18 -24 -17
right_child=15 3 10 7 6 -7 -8 8 -10 -11 12 -13 -14 14 -16 21 17 18 -20 20 -22 22 28 -25 25 -27 -28 -29 -30 -31
leaf_value=0.009668017731067801 -0.018584340673991038 0.04941352543052363 -0.043016845307220768 0.034386827428078047 -0.00036318980615164818 -0.029375803460143651 0.027092481227702792 0.014443571040953705 -0.0055652740933197862 -0.040561883431292307 -0.053756223817933185 0.086359750880538391 -0.0049727552346753769 0.053903387101993119 -0.027055932469098955 -0.0048717369424916765 0.011347049364263567 -0.017333998153250495 -0.00010711572900067338 -0.063584261201943063 0.065611691168144012 -0.058198701698819737 0.0023789800978901397 -0.0031864947232920779 0.095058644976095827 0.0027121062072165384 0.051676922660191707 0.062885425615127929 -0.0025532023375939073 0.049700244176089495
leaf_weight=79.800147872418165 13.472554665524514 33.696082189679146 8.7027985421009344 7.6879369411617509 136.08106337022036 88.329956057481468 93.306895243003964 281.06867313035764 226.35660234931856 29.78569310484454 36.024602948687971 4.1264390498399726 12.41578618949279 4.4143127575516683 6.2123663350939751 3.6171706705354181 7.4069346860051182 140.56005032779649 640.1806084564887 23.390018006553877 1.8921625688672055 41.091392356902361 1076.1193280990701 253.18348437733948 3.7399699399247757 885.65242855530232 3.9486988186836234 11.086431011557577 784.91857260861434 15.419802926480768
leaf_count=281 110 117 53 38 592 369 273 1137 1338 150 304 8 90 24 25 60 25 961 3472 293 10 320 6223 1393 36 4900 12 23 5377 58
internal_value=-7.92527e-06 0.00212779 -0.00296664 0.00609449 0.00164832 -0.0108443 0.0108048 0.00340632 0.00551785 -0.0251857 -0.0329086 -0.00140372 -0.0412525 0.0391426 0.00657449 -0.000581002 -0.00372145 -0.00215684 -0.00320854 -0.0330046 -0.053915 0.000282016 -0.00122591 -0.0108682 0.00385968 0.00310043 -0.00265893 0.0422434 0.000298764 0.0393312
internal_weight=4953.69 1048.01 458.788 589.222 397.518 168.13 229.388 544.899 507.425 37.4736 61.2696 12.8292 48.4404 44.3228 10.6267 3905.68 841.937 799.234 780.741 42.7034 25.2822 3063.74 2155.31 294.275 908.429 889.392 17.4213 18.4934 1861.04 19.037
internal_count=28072 4799 1970 2829 1515 650 865 2663 2475 188 455 61 394 166 49 23273 4906 4481 4433 425 303 18367 13313 1713 5054 4936 122 48 11600 118
is_linear=0
shrinkage=0.05


Tree=249
num_leaves=31
num_cat=0
split_feature=1 14 0 9 14 3 3 13 4 1 3 13 1 15 5 1 5 4 4 14 15 0 14 0 15 0 4 1 13 5
split_gain=2.42935 14.6534 20.8698 16.5409 16.7097 17.9805 13.6552 15.3796 12.689 12.0941 11.1077 10.5948 10.1777 10.539 24.1445 10.4729 9.51493 12.5515 8.81794 8.46182 12.9156 11.7568 8.00591 12.0907 9.64598 7.70596 12.5312 7.42958 2.88692 1.74535
threshold=0.54230000000000012 15.500000000000002 0.32200000000000006 0.98581488933601624 14.500000000000002 1.0000000180025095e-35 4.5000000000000009 9.5000000000000018 0.41065000000000002 0.29520000000000007 2.5000000000000004 4.5000000000000009 0.57415000000000005 28.500000000000004 0.28035000000000004 0.58955000000000013 0.31140000000000007 0.45510000000000006 0.2839000000000001 16.500000000000004 20.500000000000004 0.8136500000000001 35.500000000000007 0.31340000000000007 18.500000000000004 0.31865000000000004 0.42645000000000005 0.50610000000000011 15.500000000000002 0.45510000000000006
decision_type=2 2 2 2 2 2 2 2 2 2 2 2 2 2 2 2 2 2 2 2 2 2 2 2 2 2 2 2 2 2
left_child=1 3 6 8 11 -6 7 -3 9 -1 -10 -5 13 22 -15 25 17 -4 -8 21 -21 -17 23 -2 -24 26 -14 -18 -16 -27
right_child=12 2 16 4 5 -7 18 -9 10 -11 -12 -13 15 14 28 19 27 -19 -20 20 -22 -23 24 -25 -26 29 -28 -29 -30 -31
leaf_value=0.060376858766263156 0.0056654649305870452 0.00079289131374774685 -0.08958996495603018 0.077960598543482557 -0.050254616783080665 0.027661378699143258 -0.076959417832321395 -0.011985513077670294 -0.030916709717190429 0.004321240576072082 0.021535356475903555 0.029466517007988663 -0.049242890231658482 0.05492805305780521 -0.051682636925191532 -0.0048477049898563605 -0.0089686838860819369 -0.017348336605133154 0.023086629114578677 0.0077750300202804323 -0.00020600564259439809 0.022116771639270106 0.05902852551212389 0.065219134822839267 -0.040795410909867838 -0.072536011787168272 0.047330820888175106 -0.050141969861132701 0.020133410699385776 -0.036171960552350266
leaf_weight=11.341713802888988 13.252231162041424 727.92544549517334 12.097158505581321 17.07347484305501 11.516241017729042 20.73757075984031 2.2786609614267936 348.05589039367624 43.041441511362791 63.469505408313125 13.185490954667328 33.095406940206885 7.1580194942653197 9.8401144444942492 14.376283879624678 862.68438459234312 55.137281846022233 11.95393020659685 65.857532671885565 707.9173985957168 1785.3544620543253 42.411979105323553 3.7519533485174161 23.880305136553943 6.8169315012637526 7.8779520746320468 6.3291130382567644 13.673676679958588 1.5502675492316473 5.6779904898721725
leaf_count=53 49 4432 63 40 77 66 23 3556 200 454 45 161 50 28 187 3479 330 35 502 3357 9895 199 12 135 126 56 33 288 14 127
internal_value=-8.10473e-06 -0.00172861 -0.00381631 0.0103693 0.0279189 -0.00015857 -0.00196606 -0.00334064 -0.000669282 0.0128195 -0.0186164 0.04597 0.000705122 0.0191187 -0.00664788 0.000310189 -0.0266126 -0.0536843 0.0197408 0.000556815 0.00206006 -0.00358417 0.0330369 0.043965 -0.00535792 -0.0306821 -0.0039237 -0.0171504 -0.0446922 -0.0573047
internal_weight=4949.32 1450.44 1236.98 213.461 82.4227 32.2538 1144.12 1075.98 131.038 74.8112 56.2269 50.1689 3498.88 73.4681 25.7667 3425.41 92.862 24.0511 68.1362 3398.37 2493.27 905.096 47.7014 37.1325 10.5689 27.0431 13.4871 68.811 15.9266 13.5559
internal_count=28072 10325 9229 1096 344 143 8513 7988 752 507 245 201 17747 551 229 17196 716 98 525 16930 13252 3678 322 184 138 266 83 618 201 183
is_linear=0
shrinkage=0.05


Tree=250
num_leaves=30
num_cat=0
split_feature=9 9 15 9 9 9 1 15 9 0 3 1 3 5 14 1 5 14 5 15 15 4 0 15 4 4 9 9 5
split_gain=2.39643 33.5925 22.7909 26.8336 19.7314 17.7518 26.6409 27.8909 14.6825 12.0183 24.1266 23.6995 10.2474 9.69181 9.07085 23.5933 27.156 10.6512 13.0522 10.1223 9.02785 8.89943 8.39501 5.54157 4.8462 4.11875 2.6968 2.43517 1.4342
threshold=0.050641025641025607 0.86736111111111125 20.500000000000004 0.22029411764705883 0.16401960784313721 0.030133333333333304 0.59730000000000005 23.500000000000004 0.017928571428571401 0.5303000000000001 2.5000000000000004 0.78680000000000005 1.0000000180025095e-35 0.45200000000000007 11.500000000000002 0.98915000000000008 0.26570000000000005 19.500000000000004 0.36090000000000005 24.500000000000004 25.500000000000004 0.51805000000000001 0.80325000000000013 28.500000000000004 0.48525000000000007 0.41225000000000006 0.020151515151515153 0.25041436464088401 0.22905000000000003
decision_type=2 2 2 2 2 2 2 2 2 2 2 2 2 2 2 2 2 2 2 2 2 2 2 2 2 2 2 2 2
left_child=5 2 22 4 -4 8 21 24 9 11 -11 -1 -5 26 15 16 -3 18 -16 -19 -15 28 27 -9 -8 -17 -10 -2 -7
right_child=1 14 3 12 -6 6 7 23 13 10 -12 -13 -14 20 17 25 -18 19 -20 -21 -22 -23 -24 -25 -26 -27 -28 -29 -30
leaf_value=0.00051947863105076186 -0.058018856022295673 -0.021681496741409251 -0.012768748151097046 0.031377937620055051 0.030266631970495485 -0.01412800573752576 0.012017240230341696 0.092635774163461304 -0.02103322859502247 0.040307904050188172 -0.0078986204833078714 0.017701837196821064 -0.037968013050684424 -0.063717902788717098 -0.0093315708935990168 0.0055946165799996457 0.080443794145791503 0.0065814751637835005 0.0031909934271448039 -0.0010224455228327915 0.052830163014696591 0.03880779603215493 0.10556584974208727 0.048034186089333436 -0.076168596371535349 -0.042787403153884011 -0.072618115871729491 -0.036703734216102464 -0.062845345061355432
leaf_weight=1190.5427508302964 32.244723054114729 9.4131737537682074 62.124347880017012 5.7545634133275589 46.623561460990459 1.8651469256728868 2.6298331171274176 17.341705508530143 3.1986644743010428 27.371672173961997 501.55235557630658 241.3710747808218 71.755880544311367 2.6692776381969443 513.38707451336086 7.4445082172751453 21.101296816021204 820.48627488827333 349.90263722091913 938.04264029301703 4.4011533092707396 3.5483140526339403 0.89081100001931091 11.637808300554751 3.8221703134477139 10.752007484436033 12.186192305758594 22.927462320192717 7.950036158785224
leaf_count=7160 389 65 766 96 377 20 9 40 28 96 2925 704 2056 25 1965 26 55 4457 1152 4808 19 16 7 50 24 41 93 518 85
internal_value=-8.44359e-06 -0.0009278 -0.018753 -0.0103403 0.00568184 0.00130939 0.0311031 0.0537925 0.000576371 0.00103675 -0.00540395 0.00341583 -0.0328196 -0.0396247 0.000689645 0.0220684 0.04894 0.000292446 -0.00425601 0.00252536 0.00883014 -0.0290546 -0.0467026 0.0747243 -0.0402241 -0.0229935 -0.0618931 -0.0491611 -0.0535877
internal_weight=4944.94 2912.85 242.321 186.258 108.748 2032.09 48.795 35.4315 1983.29 1960.84 528.924 1431.91 77.5104 22.4553 2670.53 48.711 30.5145 2621.82 863.29 1758.53 7.07043 13.3635 56.063 28.9795 6.452 18.1965 15.3849 55.1722 9.81518
internal_count=28072 16778 4209 3295 1143 11294 244 123 11050 10885 3021 7864 2152 165 12569 187 120 12382 3117 9265 44 121 914 90 33 67 121 907 105
is_linear=0
shrinkage=0.05


Tree=251
num_leaves=23
num_cat=0
split_feature=4 6 13 1 1 5 15 4 2 4 9 1 0 15 0 0 13 5 6 1 1 6
split_gain=2.35289 3.83627 5.22617 5.92949 5.20418 5.12048 10.5992 8.54185 6.9012 6.71121 4.50966 4.44593 3.79976 5.73184 6.24028 3.59003 3.38049 2.58134 1.24959 0.683512 0.0462268 0.000267446
threshold=0.86815000000000009 0.76830000000000009 12.500000000000002 0.9215500000000002 0.46775000000000005 0.72175000000000011 27.500000000000004 0.72175000000000011 25.500000000000004 0.74390000000000012 0.99975502204801581 0.95550000000000013 0.85960000000000003 15.500000000000002 0.70710000000000017 0.95695000000000008 14.500000000000002 0.92910000000000015 0.93540000000000012 0.95060000000000011 0.85960000000000003 0.98650000000000004
decision_type=2 2 2 2 2 2 2 2 2 2 2 2 2 2 2 2 2 2 2 2 2 2
left_child=1 5 3 4 -3 7 10 8 -1 -9 -7 -8 13 -2 -15 -5 20 -16 -14 -20 -4 -21
right_child=12 2 16 15 -6 6 11 9 -10 -11 -12 -13 18 14 17 -17 -18 -19 19 21 -22 -23
leaf_value=-0.00022240452932556661 0.031921580948348009 -0.074999966044875313 -0.058241517125843911 -0.00099298833211760684 0.014289868001275657 0.011207205783116909 -0.039471915929399221 0.049050503995663061 0.066428078212599453 -0.0032372944862523326 -0.010905021742101048 0.046355395055536867 -0.021953677053576259 -0.0084857967321154883 -0.11587371645679026 -0.09787037148967602 0.028099268367519664 -0.049103847492998828 0.0032424124957539367 0.0522051113366803 -0.068677919756353012 0.051148211074215834
leaf_weight=4492.6148949129274 2.9233621433377293 1.6497967056930054 2.6334640923887482 111.55382556468248 150.25783113017678 39.081400122493505 30.191258805920373 15.754761140793564 3.8871720284223548 10.052363166585563 56.238145755603909 1.5882438719272602 1.218896161764859 5.4985942095518094 2.9274403098970652 0.96456613391637702 1.3452319167554376 2.8633339181542397 1.046149490401149 1.2202576622366905 1.7770112156867979 1.1748484466224909
leaf_count=23453 14 12 45 1838 1538 236 406 55 9 43 277 3 9 25 15 5 7 19 19 11 12 21
internal_value=-9.35159e-06 5.82458e-05 0.00585028 0.00687624 0.0133201 -0.000278335 -0.0101761 -1.60099e-07 -0.000164786 0.0286834 -0.00183892 -0.0351825 -0.0176299 -0.0304766 -0.0466345 -0.00182347 -0.041284 -0.0828584 0.0215503 0.0369595 -0.0624464 0.0516867
internal_weight=4938.46 4919.59 270.182 264.426 151.908 4649.41 127.099 4522.31 4496.5 25.8071 95.3195 31.7795 18.8729 14.2127 11.2894 112.518 5.75571 5.79077 4.66015 3.44126 4.41048 2.39511
internal_count=28072 27939 3457 3393 1550 24482 922 23560 23462 98 513 409 133 73 59 1843 64 34 60 51 57 32
is_linear=0
shrinkage=0.05


Tree=252
num_leaves=24
num_cat=0
split_feature=0 3 15 13 14 13 0 14 0 13 14 5 3 15 14 6 6 6 15 9 5 14 15
split_gain=2.25257 8.76225 5.92555 5.58895 7.10671 5.44198 4.40105 16.2765 10.2701 9.46405 13.6696 12.1292 7.38508 15.4 5.61339 12.1875 11.2396 5.20209 4.85149 3.8334 2.19116 3.59277 0.0446069
threshold=0.10620000000000002 4.5000000000000009 15.500000000000002 1.5000000000000002 26.500000000000004 9.5000000000000018 0.13420000000000001 31.500000000000004 0.13920000000000002 11.500000000000002 12.500000000000002 0.49720000000000003 1.5000000000000002 26.500000000000004 20.500000000000004 0.17820000000000005 0.42460000000000003 0.14390000000000003 15.500000000000002 0.99975502204801581 0.32860000000000006 26.500000000000004 30.500000000000004
decision_type=2 2 2 2 2 2 2 2 2 2 2 2 2 2 2 2 2 2 2 2 2 2 2
left_child=1 2 -1 4 -4 -5 7 9 12 11 -11 -2 13 -8 15 -10 -16 -9 -19 -14 21 -3 -22
right_child=6 20 3 5 -6 -7 8 17 14 10 -12 -13 19 -15 16 -17 -18 18 -20 -21 22 -23 -24
leaf_value=0.046711777984077087 -0.0002071300339772082 0.046385219790659918 -0.0059734314838371392 0.0018590274629021433 -0.058207043016367178 -0.011050201158462752 -0.064540674780020707 0.059462653374442759 -0.037676740445513092 0.055090092230305157 0.011710521713405328 0.040567490078980667 -0.039536588642933038 0.056245925028151539 0.0053585212743575989 -0.0016264186882313921 -0.0014777257134763202 0.049291956809576688 -0.031911077240558659 -0.097390178433314656 0.053161258081248268 -0.014381791189281297 0.062002523086744046
leaf_weight=5.3887537568807593 190.84280231106095 5.3419930450618249 15.35117021109909 170.47020828537643 11.309263005852698 156.66715379734524 5.0582743203267473 1.7835140873212356 23.765279317973182 24.22998708114028 72.495824683224782 20.165817013941705 9.272137047024442 5.5172587540000677 1092.1331872313749 1735.6180714047514 1337.6779229660751 1.9357795268297184 36.93471107725054 4.1425084918737403 2.7928608208894721 4.4658556096255779 2.9163487404584885
leaf_count=19 979 29 108 1159 86 1197 55 10 222 80 337 71 88 28 4887 6377 11840 5 409 28 22 27 9
internal_value=-8.79662e-06 -0.00373548 -0.00532468 -0.00611726 -0.0281307 -0.00432324 0.000297326 0.0056982 -0.000149272 0.0096263 0.0225772 0.00368965 -0.0327705 -0.00152627 3.75389e-05 -0.00211338 0.00159498 -0.0240359 -0.0278671 -0.0574021 0.0330511 0.0187159 0.0576775
internal_weight=4936.28 374.704 359.187 353.798 26.6604 327.137 4561.57 348.388 4213.18 307.734 96.7258 211.009 23.9902 10.5755 4189.19 1759.38 2429.81 40.654 38.8705 13.4146 15.5171 9.80785 5.70921
internal_count=28072 2656 2569 2550 194 2356 25416 1891 23525 1467 417 1050 199 83 23326 6599 16727 424 414 116 87 56 31
is_linear=0
shrinkage=0.05


Tree=253
num_leaves=22
num_cat=0
split_feature=4 2 3 15 8 15 1 4 1 3 4 14 3 3 14 9 13 15 9 13 5
split_gain=2.25557 2.45848 27.2078 15.5479 15.6991 12.5674 9.60695 16.147 9.45356 7.93093 7.93516 7.03692 4.87768 3.10242 2.13226 2.39895 1.8792 0.0279395 0.0179533 0.00268695 0.000410593
threshold=0.15480000000000002 6.5000000000000009 2.5000000000000004 27.500000000000004 1.0000000180025095e-35 31.500000000000004 0.79705000000000015 0.59120000000000006 0.38280000000000008 1.5000000000000002 0.43795000000000006 48.500000000000007 7.5000000000000009 2.5000000000000004 20.500000000000004 0.99975502204801581 26.500000000000004 35.500000000000007 0.99975502204801581 14.500000000000002 0.15120000000000003
decision_type=2 2 2 2 2 2 2 2 2 2 2 2 2 2 2 2 2 2 2 2 2
left_child=14 2 6 4 -4 -5 11 -8 12 -10 -11 -2 13 -3 15 16 17 -1 19 20 -16
right_child=1 8 3 5 -6 -7 7 -9 9 10 -12 -13 -14 -15 18 -17 -18 -19 -20 -21 -22
leaf_value=-0.052790790157664969 -0.0026345362391398831 -0.013504743826778529 0.032758969968256946 -0.021926903468729497 0.008913162535184883 0.014237248789144723 0.015874280505270493 -0.020383543744515602 0.068014505362194999 -0.0052560972232238504 0.00086846957285513819 0.039641137957201422 0.089394444585901456 -0.056980441428642038 -0.051599480662397626 0.031608030850275623 0.040066005456011924 -0.067449609128331353 -0.060913254043088366 -0.055860881087169349 -0.053417103490534558
leaf_weight=2.0574868533294639 1706.9997426078189 6.3461209491360995 124.14424725994468 47.960557813756168 155.45220321579836 48.131788498256356 164.87168205529451 37.734248012304306 4.1860283236019304 737.35694717615843 1870.3994890562026 9.9004030153155309 0.73972487449645896 11.611431601457296 1.0393155291676524 2.4079916439950466 0.65842449665069569 0.38604963198304165 1.2237566672265532 0.7228721969295292 0.44319362798705686
leaf_count=88 9346 105 388 299 714 222 492 204 20 3542 12216 56 1 269 49 10 4 9 14 13 11
internal_value=-8.6517e-06 3.6886e-05 0.00123276 0.0135379 0.019501 -0.00381261 -0.00117563 0.00912146 -0.00100649 -0.000752897 -0.000863284 -0.00239076 -0.0364331 -0.0416163 -0.0251019 -0.00583724 -0.0349053 -0.0551067 -0.0560565 -0.0533615 -0.0521429
internal_weight=4934.77 4925.83 2295.19 375.689 279.596 96.0923 1919.51 202.606 2630.64 2611.94 2607.76 1716.9 18.6973 17.9576 8.93909 5.50995 3.10196 2.44354 3.42914 2.20538 1.48251
internal_count=28072 27874 11721 1623 1102 521 10098 696 16153 15778 15758 9402 375 374 198 111 101 97 87 73 60
is_linear=0
shrinkage=0.05


Tree=254
num_leaves=21
num_cat=0
split_feature=2 4 7 1 14 2 4 7 2 15 0 4 4 2 5 9 9 9 9 14
split_gain=2.2285 5.95726 12.2901 3.15896 4.00152 3.02453 5.49238 3.77176 3.15754 9.23528 8.86086 4.25019 2.83953 2.5511 9.4372 4.85312 2.2161 1.89031 0.878777 0.608624
threshold=23.500000000000004 0.71010000000000006 0.93420000000000014 0.9607500000000001 43.500000000000007 22.500000000000004 0.80605000000000004 0.6845500000000001 21.500000000000004 26.500000000000004 0.84415000000000007 0.56635000000000002 0.85540000000000005 10.500000000000002 0.4431500000000001 0.011892857142857103 0.99975502204801581 0.11080417434008592 0.99975502204801581 42.500000000000007
decision_type=2 2 2 2 2 2 2 2 2 2 2 2 2 2 2 2 2 2 2 2
left_child=5 -2 17 4 -4 8 7 -7 13 11 -11 -10 -5 15 -15 -1 -8 -3 -9 -18
right_child=1 2 3 12 -6 6 16 18 9 10 -12 -13 -14 14 -16 -17 19 -19 -20 -21
leaf_value=0.0027436286579456595 0.052078359868890027 -0.024749164923834277 0.070361858893862303 -0.027161809050489358 0.010968681277031104 -0.0069802926852541806 -0.030047623361491443 -0.054261462311904131 0.13540312536111201 -0.049124373559913191 0.028210833418174708 0.043432150452485316 0.052402995601039795 -0.0083528071634649415 0.00096291751455820386 -0.000974986073447298 0.052511862625862819 -0.080432744913531917 -0.098629774453042038 0.0073207661206663253
leaf_weight=1487.837282784516 7.5211647078394916 2.5239327922463444 5.2348292199894804 4.3958042347803703 6.1884110467508435 2.8583852648735029 1.8151838462799785 1.9133118130266664 1.5371072292327896 6.5117051023989907 8.5899685099720937 6.8728165421634912 1.5053793881088493 403.71283745253459 832.41885555570479 2138.5233935917495 2.3555773403495555 3.8474857024848461 2.6781975273042917 1.0897113308310507
leaf_count=7800 23 26 109 111 141 9 25 17 4 69 71 74 22 1589 6324 11544 45 29 21 19
internal_value=-8.07215e-06 0.0133088 0.00100314 0.0228406 0.0381863 -9.29337e-05 -0.0244517 -0.0520707 -2.95672e-05 0.0182496 -0.00513541 0.060242 -0.006865 -0.000117952 -0.00207954 0.000550702 0.0146624 -0.0583746 -0.0801412 0.0382184
internal_weight=4929.93 31.217 23.6958 17.3244 11.4232 4898.71 12.7104 7.44989 4886 23.5116 15.1017 8.40992 5.90118 4862.49 1236.13 3626.36 5.26047 6.37142 4.59151 3.44529
internal_count=28072 461 438 383 250 27611 136 47 27475 218 140 78 133 27257 7913 19344 89 55 38 64
is_linear=0
shrinkage=0.05


Tree=255
num_leaves=11
num_cat=0
split_feature=15 15 4 7 4 4 1 3 4 2
split_gain=2.19143 2.9135 5.99733 2.49467 14.5447 14.4645 13.3561 11.2473 16.2769 12.5487
threshold=11.500000000000002 12.500000000000002 0.53140000000000009 0.53695000000000015 0.52975000000000005 0.51900000000000002 0.79705000000000015 1.5000000000000002 0.32465000000000005 2.5000000000000004
decision_type=2 2 2 2 2 2 2 2 2 2
left_child=-1 2 -2 4 5 -3 -6 8 -5 -9
right_child=1 3 -4 7 6 -7 -8 9 -10 -11
leaf_value=-0.039603438393297691 -0.020695228053027412 0.0010151840676467575 0.051161736034561624 0.055123154299650978 0.048004432905824637 -0.049662061624261795 -0.015100662288379783 0.015715331642132801 -0.0092976689947941518 -0.00045778902051613795
leaf_weight=3.4918848723173133 4.6441373713314515 2054.8106585507048 7.7485529892146587 10.012948498129843 30.168072405271232 14.177617959678171 11.612235650420187 126.87361204810441 472.76862990285736 2193.4365132094827
leaf_count=20 17 10616 27 29 72 60 37 471 2261 14462
internal_value=-7.54072e-06 2.05261e-05 0.0242335 -4.05386e-05 0.00125773 0.000667921 0.0304653 -0.00101815 -0.00796157 0.000426551
internal_weight=4929.74 4926.25 12.3927 4913.86 2110.77 2068.99 41.7803 2803.09 482.782 2320.31
internal_count=28072 28052 44 28008 10785 10676 109 17223 2290 14933
is_linear=0
shrinkage=0.05


Tree=256
num_leaves=29
num_cat=0
split_feature=1 7 5 13 2 6 3 6 9 14 1 9 15 5 5 7 13 14 2 14 7 2 5 5 5 5 14 9
split_gain=2.21246 6.99524 13.3925 11.4035 11.0361 10.419 10.8172 10.1011 15.0047 7.09401 7.05091 6.89197 6.091 9.63633 6.3691 5.74619 16.0025 9.97045 10.7924 7.88897 12.6167 14.7983 13.5324 9.75229 9.87129 6.30392 5.5421 3.61082
threshold=0.8198000000000002 0.82685000000000008 0.71515000000000006 7.5000000000000009 11.500000000000002 0.69615000000000016 7.5000000000000009 0.77165000000000006 0.99975502204801581 17.500000000000004 0.66145000000000009 -1.0000000180025095e-35 32.500000000000007 0.82895000000000019 0.77015000000000011 0.53695000000000015 22.500000000000004 13.500000000000002 13.500000000000002 24.500000000000004 0.69920000000000015 8.5000000000000018 0.29680000000000006 0.56295000000000017 0.32465000000000005 0.38150000000000006 25.500000000000004 0.49628830250223815
decision_type=2 2 2 2 2 2 2 2 2 2 2 2 2 2 2 2 2 2 2 2 2 2 2 2 2 2 2 2
left_child=1 2 5 9 7 6 -1 10 -9 -4 -3 -7 13 -6 -14 16 17 25 -19 20 21 -17 -22 24 -21 -2 -25 -18
right_child=15 4 3 -5 12 11 -8 8 -10 -11 -12 -13 14 -15 -16 19 27 18 -20 23 22 -23 -24 26 -26 -27 -28 -29
leaf_value=-0.00080236555588992164 -0.029705387331019052 -0.042675301056532527 0.038439407453265906 0.091964803659393746 -0.03868969541556129 0.0026489212006665184 0.018443569983544808 -0.031239995725494293 0.035633415788262603 -0.014007608891741814 -0.0044638970251621403 -0.098232388101924487 0.028544476715629603 -0.15128509766136652 -0.034720914274781897 0.0091347181254412199 -0.024723405207257305 0.023096309344849419 -0.01360704380905781 -0.028337191538967584 0.055367865190487413 -0.014736140724245679 0.0030628304741553663 0.05444745929596756 0.018244465521241975 0.040077911014566391 -0.00014228362333441606 -0.09375476428622681
leaf_weight=3344.4247319636634 19.025606138631705 17.165673393523321 15.931484431028368 6.3038738407194606 24.634674300206829 2.7057991847395897 74.638733761385083 11.726373739540575 29.46412356197834 10.83065841346979 40.688839031383395 4.523159126751124 6.7616899983258945 2.0590801984071723 9.6638331301510316 84.33428318798542 3.5903127491474143 131.24085199832916 23.635489653795958 12.294148102402685 13.378689140081404 282.11468013562262 163.35654803737998 4.7002133913338175 151.8320625834167 3.8996238410472861 429.63412244059145 4.0101642683148384
leaf_count=18319 94 732 42 23 446 20 348 81 186 37 341 40 132 10 99 294 12 375 76 42 43 1083 591 15 457 11 4103 20
internal_value=-7.04093e-06 -0.000650094 -0.000203385 0.0314649 -0.0115201 -0.000509005 -0.000382224 -0.00232829 0.0165955 0.0172141 -0.0158014 -0.0604725 -0.0326338 -0.047375 -0.00867724 0.00173817 0.00990258 0.0129397 0.0174951 0.000412273 -0.00395046 -0.00924252 0.00702227 0.00437205 0.0147552 -0.0178351 0.000448467 -0.0611457
internal_weight=4928.57 3601.52 3459.36 33.066 142.164 3426.29 3419.06 99.045 41.1905 26.7621 57.8545 7.22896 43.1193 26.6938 16.4255 1327.05 185.402 177.802 154.876 1141.64 543.184 366.449 176.735 598.461 164.126 22.9252 434.334 7.60048
internal_count=28072 20856 18829 102 2027 18727 18667 1340 267 79 1073 60 687 456 231 7216 588 556 451 6628 2011 1377 634 4617 499 105 4118 32
is_linear=0
shrinkage=0.05


Tree=257
num_leaves=26
num_cat=0
split_feature=0 3 4 5 4 4 4 1 1 5 7 0 5 4 2 7 2 7 14 5 14 14 9 4 7
split_gain=2.25849 7.9999 7.87818 10.6404 9.12794 6.91524 9.51103 8.93279 4.12496 7.47775 10.0625 6.47081 6.80211 9.06382 6.17844 4.14216 11.2471 4.52569 2.18225 2.14156 3.37307 1.88448 0.1086 0.101593 0.0325857
threshold=0.10620000000000002 4.5000000000000009 0.44175000000000003 0.58015000000000005 0.57930000000000004 0.37310000000000004 0.37950000000000006 0.30600000000000005 0.21585000000000001 0.30665000000000003 0.46050000000000008 0.12615000000000001 0.49720000000000003 0.52705000000000013 1.5000000000000002 0.31665000000000004 2.5000000000000004 0.32495000000000002 16.500000000000004 0.32860000000000006 26.500000000000004 25.500000000000004 0.99975502204801581 0.2839000000000001 0.56950000000000012
decision_type=2 2 2 2 2 2 2 2 2 2 2 2 2 2 2 2 2 2 2 2 2 2 2 2 2
left_child=1 2 5 4 -4 7 -7 -1 9 10 23 12 13 -10 -14 16 -13 -17 -5 20 -3 -11 -23 -2 -21
right_child=8 19 3 18 -6 6 -8 -9 11 21 -12 15 14 -15 -16 17 -18 -19 -20 24 -22 22 -24 -25 -26
leaf_value=0.00098642151512888477 -0.056838714121000444 0.045632738494815236 -0.024716849678273867 0.00067797732920485724 -0.1177126050685347 0.055660877766112872 0.0041029635004756794 -0.020076956775727076 0.0083750297747971891 -0.13619864604150098 0.037307397172833927 0.019981167215886983 0.097856616627109164 -0.035277429388882509 0.023518842545268218 0.029957435081873408 -0.050218419225485977 -3.8586994583250914e-05 0.05495895319236134 0.061711584446937362 -0.01377519913519641 -0.055037245918176318 -0.073461988528652572 -0.073209647664319755 0.053862049494056347
leaf_weight=145.88199701160192 1.781067796517162 5.1115294955670816 50.426187080331147 3.085854545235633 2.7843799926340571 10.414495849981902 63.39096758607775 76.852234535152093 215.32082765875384 1.0399744510650624 6.3357312232255936 9.7722178760450351 3.4818361997604397 12.586538478732107 14.171944522298871 12.611964041832833 13.711659780587068 4255.4171490421286 4.6293935473076999 2.3186826258897772 4.4865094311535358 2.7481330167502165 1.1280761207453909 2.0252820625901222 3.0762890502810478
leaf_count=1038 23 29 320 17 15 39 339 779 1125 5 14 89 6 57 76 80 221 23638 22 8 27 55 14 13 23
internal_value=-6.48518e-06 -0.00374986 -0.00525058 -0.0216265 -0.0295831 -0.00188604 0.0113782 -0.00628129 0.0002998 -0.0258262 -0.00129502 0.000386511 0.00828032 0.00596425 0.0381804 -6.5175e-05 -0.0210066 5.00508e-05 0.0332483 0.0320306 0.0178631 -0.076434 -0.0603993 -0.0655494 0.0572357
internal_weight=4924.59 372.459 357.466 60.9258 53.2106 296.54 73.8055 222.734 4552.13 15.0583 10.1421 4537.07 245.561 227.907 17.6538 4291.51 23.4839 4268.03 7.71525 14.993 9.59804 4.91618 3.87621 3.80635 5.39497
internal_count=28072 2656 2569 374 335 2195 378 1817 25416 124 50 25292 1264 1182 82 24028 310 23718 39 87 56 74 69 36 31
is_linear=0
shrinkage=0.05


Tree=258
num_leaves=23
num_cat=0
split_feature=13 14 5 5 1 1 0 1 0 14 5 5 0 0 1 2 2 0 5 1 0 0
split_gain=2.19858 5.21151 9.96107 9.43241 8.02539 8.34434 5.9305 7.93131 6.34255 4.24764 2.74282 4.52583 4.34043 3.86433 9.49541 2.82435 2.71926 2.67435 2.39955 2.24527 1.98433 1.56379
threshold=1.0000000180025095e-35 28.500000000000004 0.22345000000000004 0.24845000000000003 0.8198000000000002 0.34890000000000004 0.27055000000000001 0.53710000000000002 0.23000000000000001 16.500000000000004 0.86815000000000009 0.84325000000000017 0.93140000000000012 0.74645000000000017 0.92725000000000002 26.500000000000004 28.500000000000004 0.92405000000000015 0.73745000000000005 0.81015000000000004 0.8651500000000002 0.087600000000000011
decision_type=2 2 2 2 2 2 2 2 2 2 2 2 2 2 2 2 2 2 2 2 2 2
left_child=1 2 9 -3 5 -5 8 -8 -4 -1 11 15 19 -12 -15 17 -14 -2 -17 -13 -16 -11
right_child=10 3 6 4 -6 -7 7 -9 -10 21 13 12 16 14 20 18 -18 -19 -20 -21 -22 -23
leaf_value=0.014886910353538447 -0.00026970342191959317 0.031838293234972816 0.017489474173814808 0.018962616410655789 0.041152927718392768 -0.066049385966656035 -0.026308898080219106 0.01133422393726719 0.06295682415369136 -0.013091009069701887 0.012500107542446851 0.0021805237710896294 -0.086272234390191327 -0.10682659152211882 -0.037794400262633476 0.062838016185809573 0.014406635396983586 -0.029555568577867966 0.0060819052922671188 0.038369507685210802 0.033618674547649156 -0.066252753416264992
leaf_weight=2.9416840709745875 4681.2102205853444 7.7424395121634033 38.960047187283635 3.719322972930974 3.0559168383479109 12.890883624553679 16.694344587624073 86.480326279997826 9.5503634773194772 1.753494328353552 4.5287712402641755 5.8585606887936654 1.4179114326834672 3.4634001050144434 1.5968194603919981 3.2319015860557547 1.2726444974541662 7.8084817798808208 4.3944380003958941 15.967946145683525 2.4889425151050091 6.5525922141969204
leaf_count=14 26663 27 147 25 19 101 60 312 24 17 16 21 11 18 9 8 19 101 87 286 26 61
internal_value=-6.17341e-06 0.00526264 0.00865595 -0.0149092 -0.0333135 -0.0470137 0.0120225 0.00524332 0.0264407 -0.0367441 -0.000218052 -0.000157174 0.0212695 -0.0240148 -0.0459202 -0.000269024 -0.0386507 -0.000318472 0.0301341 0.0286558 0.00570863 -0.0550298
internal_weight=4923.58 190.341 162.933 27.4086 19.6661 16.6102 151.685 103.175 48.5104 11.2478 4733.24 4721.16 24.5171 12.0779 7.54916 4696.65 2.69056 4689.02 7.62634 21.8265 4.08576 8.30609
internal_count=28072 807 635 172 145 126 543 372 171 92 27265 27196 337 69 53 26859 30 26764 95 307 35 78
is_linear=0
shrinkage=0.05


Tree=259
num_leaves=29
num_cat=0
split_feature=15 3 15 1 0 15 15 0 0 0 5 0 7 13 5 14 5 1 1 13 0 9 5 0 5 13 8 1
split_gain=2.1813 6.99236 22.9329 20.5276 18.5627 16.6174 19.9968 15.7748 12.1517 17.8936 12.555 6.75661 6.4952 4.31149 9.84151 8.2127 13.0097 12.7443 7.09416 15.9719 12.7381 18.9502 10.2613 7.5005 6.07811 2.33305 1.67476 0.181722
threshold=18.500000000000004 1.5000000000000002 17.500000000000004 0.79705000000000015 0.15830000000000002 15.500000000000002 14.500000000000002 0.23605000000000004 0.22125000000000003 0.62680000000000013 0.29130000000000006 0.07060000000000001 0.41105000000000008 12.500000000000002 0.75145000000000006 14.500000000000002 0.22755000000000003 0.46050000000000008 0.42585000000000001 9.5000000000000018 0.15300000000000002 0.017928571428571401 0.63225000000000009 0.19100000000000003 0.53695000000000015 14.500000000000002 1.0000000180025095e-35 0.90160000000000007
decision_type=2 2 2 2 2 2 2 2 2 2 2 2 2 2 2 2 2 2 2 2 2 2 2 2 2 2 2 2
left_child=1 2 5 12 11 6 -1 -7 10 -10 -6 -3 -4 18 15 16 -15 -17 19 22 21 -20 -2 -22 -21 27 -13 -16
right_child=13 4 3 -5 8 7 -8 -9 9 -11 -12 26 -14 14 25 17 -18 -19 20 24 23 -23 -24 -25 -26 -27 -28 -29
leaf_value=0.010114437675706751 0.00849930306828371 -0.028909331271304572 0.015330083485205929 0.036076728579333826 0.020806911441582393 -0.0050417474781623336 -0.024942397193761054 0.021651314348559179 0.013645543279218629 -0.005303728318681475 -0.042961566755040113 0.053085296497290428 -0.049661892814468603 -0.0061734765939958462 -0.059206018502092589 -0.013254459589283117 0.024210193431584329 0.0040891412792422293 0.0039428502861337065 -0.019762740824296774 0.0097014254253604357 -0.028193168497823176 -0.060700987863880632 -0.0022474231544482594 0.030897434377012197 -0.0031074609513820962 0.032287388552972383 -0.079910999426467344
leaf_weight=70.084914959967136 437.17602769914083 3.5146208554506293 4.1946019944734863 9.4546225592493993 10.897190389223395 94.870361030101776 96.944353606086224 132.8616481423378 279.25443133688532 224.92428701464087 26.462757949251682 20.952677041292191 46.02737330365926 54.258845084114 5.6817692546173912 130.60781142290216 100.4631318654865 560.36218762304634 77.799574913689867 78.999782854807563 139.78769649425521 111.79232401424088 5.4235421210760242 2171.7632823899621 6.4004105182830235 2.1131497779861093 17.990707314573228 1.3027122281491754
leaf_count=223 2865 27 67 28 36 510 427 355 1137 1338 152 55 360 365 89 1355 323 3056 455 752 511 622 49 12532 267 23 84 9
internal_value=-5.79313e-06 0.00202978 -0.00262137 -0.03151 0.00564908 0.00174577 -0.0102327 0.0105313 0.00315305 0.00519189 -0.0243615 0.0374852 -0.0442337 -0.000550038 0.00258598 0.00314243 0.0135551 0.000810837 -0.00143499 0.00383141 -0.00254674 -0.0150061 0.00765133 -0.00152483 -0.015966 -0.0491405 0.0434773 -0.0630678
internal_weight=4922.37 1038.43 454.438 59.6766 583.997 394.761 167.029 227.732 541.539 504.179 37.3599 42.458 50.222 3883.93 854.79 845.692 154.722 690.97 3029.14 528 2501.14 189.592 442.6 2311.55 85.4002 9.09763 38.9434 6.98448
internal_count=28072 4799 1970 455 2829 1515 650 865 2663 2475 188 166 427 23273 5220 5099 688 4411 18053 3933 14120 1077 2914 13043 1019 121 139 98
is_linear=0
shrinkage=0.05


Tree=260
num_leaves=22
num_cat=0
split_feature=6 7 7 14 0 13 0 3 13 13 7 0 0 13 4 3 7 13 13 5 0
split_gain=2.17581 4.80514 4.76541 9.77688 12.3002 15.7767 7.78229 6.26023 6.17407 7.86748 5.44605 8.66809 5.2043 3.86331 4.3504 9.71738 3.26165 3.13335 2.8195 0.487974 0.0259016
threshold=0.76830000000000009 0.77580000000000016 0.79430000000000012 12.500000000000002 0.4714000000000001 6.5000000000000009 0.075950000000000004 9.5000000000000018 14.500000000000002 17.500000000000004 0.78630000000000011 0.73795000000000011 0.82480000000000009 12.500000000000002 0.78405000000000014 1.5000000000000002 0.88070000000000015 14.500000000000002 11.500000000000002 0.46545000000000009 0.75380000000000014
decision_type=2 2 2 2 2 2 2 2 2 2 2 2 2 2 2 2 2 2 2 2 2
left_child=2 -2 7 19 6 -6 -5 10 18 -10 12 -12 -1 14 15 -3 -16 20 -9 -4 -15
right_child=1 13 3 4 5 -7 -8 8 9 -11 11 -13 -14 17 16 -17 -18 -19 -20 -21 -22
leaf_value=-0.00038372078561603571 0.050160086846079269 -0.11926355192188043 0.034530798121415178 0.13510715707559079 0.029817899006517434 -0.0082116539304044108 -0.032832653449293245 0.022453921818635269 -0.052897992493315428 0.033688923177697692 0.0067982027740591039 0.077174097635046929 0.013683574590901821 -0.058175188652939504 0.017782249882349759 0.015922494089476609 -0.0023623609050022237 0.027088308459900342 0.057669134743149032 0.059280676681451483 -0.066674864878314838
leaf_weight=4205.1198549935361 5.5812575519084922 1.3513726517558087 3.6567543335258943 0.69962555170059104 31.421934798359871 206.48131227283739 49.253820360871032 21.122465655207638 5.6593214645981771 4.8904701583087444 18.15093033621088 5.7650838047265998 66.792146556079388 2.6336477501317854 22.780776306986809 81.410684835165739 170.35160745820031 1.3483881838619707 7.7766047688201061 4.3733796924352646 1.3587400950491426
leaf_count=20878 16 10 17 1 112 1461 1387 76 27 16 180 15 272 47 74 1122 2304 7 26 14 10
internal_value=-5.7865e-06 0.00422022 -0.000267511 -0.00640684 -0.00792487 -0.00318876 -0.0304806 0.000151504 0.0199788 -0.0127597 -3.0571e-05 0.0237627 -0.000163776 0.00330852 0.00412387 0.0137151 1.37806e-05 -0.0388111 0.0319302 0.0480101 -0.0610679
internal_weight=4917.98 286.816 4631.16 295.887 287.857 237.903 49.9534 4335.28 39.4489 10.5498 4295.83 23.916 4271.91 281.235 275.894 82.7621 193.132 5.34078 28.8991 8.03013 3.99239
internal_count=28072 3590 24482 2992 2961 1573 1388 21490 145 43 21345 195 21150 3574 3510 1132 2378 64 102 31 57
is_linear=0
shrinkage=0.05


Tree=261
num_leaves=27
num_cat=0
split_feature=0 1 0 5 5 15 3 6 5 2 15 15 1 15 13 5 13 13 5 9 0 6 0 15 3 3
split_gain=2.09664 8.76735 9.87036 7.03117 7.79784 7.2877 6.80978 4.7692 4.52691 4.09103 5.75574 12.2774 9.38297 8.88368 6.61275 5.30499 4.45737 4.18183 6.40243 3.29276 3.26083 2.90269 1.03952 0.549353 0.482714 0.00911457
threshold=0.072300000000000017 0.39210000000000006 0.056100000000000004 0.20735000000000003 0.54655000000000009 15.500000000000002 1.0000000180025095e-35 0.16360000000000002 0.19115000000000001 1.5000000000000002 21.500000000000004 24.500000000000004 0.32200000000000006 20.500000000000004 7.5000000000000009 0.13075000000000001 34.500000000000007 27.500000000000004 0.29130000000000006 0.050641025641025607 0.12390000000000002 0.19875000000000004 0.07060000000000001 28.500000000000004 2.5000000000000004 1.0000000180025095e-35
decision_type=2 2 2 2 2 2 2 2 2 2 2 2 2 2 2 2 2 2 2 2 2 2 2 2 2 2
left_child=1 3 8 6 5 -5 7 -1 -3 10 13 20 -13 14 -2 16 25 19 -19 -17 -12 -8 24 -24 -4 -11
right_child=9 2 22 4 -6 -7 21 -9 -10 15 11 12 -14 -15 -16 17 -18 18 -20 -21 -22 -23 23 -25 -26 -27
leaf_value=-0.042955177030422814 0.0012919170648270058 0.075057047562279836 -0.061485096010161548 0.063181875142290525 0.059726230712885568 -0.014006764847143123 0.038869165255044948 0.011321820305337647 -0.018204789610430396 -0.052541626558284774 -0.026834053662822974 -0.016034698652086583 0.049634956224327155 0.073977719385910939 0.037821632832832762 0.0017428088391736787 0.064238980581855953 -0.077328348127970334 -0.0028009909865996442 -0.00097261312783960207 -0.093295894530842888 -0.0057541941740285353 -0.0085135128774220699 -0.057597716406978444 -0.083895669166642192 -0.056563377073692758
leaf_weight=6.4833268416114178 39.835162424482405 2.0447013997472849 5.2326463970821333 3.1598352342844001 3.9976268857717505 94.79328652843833 21.766003503464166 10.770846494473515 3.5782081680372357 1.9986396741587658 3.368610434234145 13.309554399922492 9.1987994275987131 6.5773447565734378 17.980901315808296 1872.6666477262042 0.88004218041896809 4.4038418233394614 8.3375462461262924 2764.5238352703163 4.0818222165107727 4.3771912455558768 1.0856349570676678 1.2002897225320337 4.4431247115135193 4.7735227653756738
leaf_count=135 167 19 71 12 13 680 123 96 24 87 18 65 28 14 54 10354 2 28 39 15859 22 28 23 14 21 76
internal_value=-5.49604e-06 -0.00558257 -0.0389282 -0.00154833 -0.00872323 -0.0115168 0.0153072 -0.00907299 0.0157087 0.000185729 0.0104933 -0.0076119 0.0108034 0.0189167 0.0126527 -2.30791e-05 -0.0416201 4.53754e-05 -0.0285601 0.000123973 -0.0632461 0.0313978 -0.0646117 -0.0342866 -0.0717761 -0.0553765
internal_weight=4914.87 162.933 17.5846 145.348 101.951 97.9531 43.3974 17.2542 5.62291 4751.94 94.3522 29.9588 22.5084 64.3934 57.8161 4657.58 7.6522 4649.93 12.7414 4637.19 7.45043 26.1432 11.9617 2.28592 9.67577 6.77216
internal_count=28072 1259 172 1087 705 692 382 231 43 26813 368 133 93 235 221 26445 165 26280 67 26213 40 151 129 37 92 163
is_linear=0
shrinkage=0.05


Tree=262
num_leaves=11
num_cat=0
split_feature=15 15 4 7 4 4 3 4 14 15
split_gain=2.10694 2.56192 5.63044 2.22623 12.9989 13.1595 9.98675 14.4563 9.88723 8.79134
threshold=11.500000000000002 12.500000000000002 0.53140000000000009 0.53695000000000015 0.52975000000000005 0.51900000000000002 1.5000000000000002 0.32465000000000005 24.500000000000004 18.500000000000004
decision_type=2 2 2 2 2 2 2 2 2 2
left_child=-1 2 -2 4 5 -3 7 -5 -6 -8
right_child=1 3 -4 6 8 -7 9 -9 -10 -11
leaf_value=-0.038890007599230621 -0.020166029865273678 0.00096623364628153875 0.049957551036380242 0.051808098447043649 0.015186429154428381 -0.047570665503658655 0.0065680066389645951 -0.008794231368961427 0.072329524031031087 -0.0011395431217046221
leaf_weight=3.481204852461814 4.6498683579266054 2050.5697997824755 7.447230190038681 10.051073748618363 31.55861409008503 14.060609338805078 462.43559918715619 469.77889174094889 9.9585758503526431 1850.1957140956074
leaf_count=20 17 10616 27 29 84 60 2326 2261 25 12607
internal_value=-5.45448e-06 2.21108e-05 0.0230035 -3.46417e-05 0.00119271 0.000635686 -0.000960341 -0.00752478 0.0288931 0.000401665
internal_weight=4914.19 4910.71 12.0971 4898.61 2106.15 2064.63 2792.46 479.83 41.5172 2312.63
internal_count=28072 28052 44 28008 10785 10676 17223 2290 109 14933
is_linear=0
shrinkage=0.05


Tree=263
num_leaves=28
num_cat=0
split_feature=2 3 15 9 15 0 15 15 2 13 15 7 15 15 6 1 4 13 7 1 7 6 3 4 4 14 9
split_gain=2.17135 24.4706 13.9731 13.872 12.1219 12.0643 24.7703 19.5653 16.8675 17.581 16.6378 14.0823 11.259 12.2504 11.025 8.81294 7.80868 8.82989 7.63521 13.6703 10.5352 7.27252 4.40728 3.14172 10.2762 2.54117 0.153128
threshold=6.5000000000000009 2.5000000000000004 27.500000000000004 1.0000000180025095e-35 25.500000000000004 0.23465000000000005 20.500000000000004 17.500000000000004 2.5000000000000004 10.500000000000002 28.500000000000004 0.63705000000000012 31.500000000000004 30.500000000000004 0.41960000000000003 0.38280000000000008 0.26140000000000008 1.0000000180025095e-35 0.35385000000000005 0.58955000000000013 0.36490000000000006 0.38505000000000006 7.5000000000000009 0.41065000000000002 0.41225000000000006 42.500000000000007 0.99975502204801581
decision_type=2 2 2 2 2 2 2 2 2 2 2 2 2 2 2 2 2 2 2 2 2 2 2 2 2 2 2
left_child=1 5 3 14 -5 6 7 -1 9 -7 -10 -8 13 -4 -3 22 17 -17 19 -18 -20 -14 23 26 -25 -19 -2
right_child=15 2 12 4 -6 8 11 -9 10 -11 -12 -13 21 -15 -16 16 18 25 20 -21 -22 -23 -24 24 -26 -27 -28
leaf_value=-0.0029564794619827855 -0.054487497219920127 0.039209030275693987 -0.002408815737553938 0.0012298022269360215 0.035158989861494287 -0.0010138319305783878 0.0018293693611282453 -0.027155615747535358 0.013605597472504736 -0.042937013508007056 -0.025617304008219585 -0.026645714107606418 0.0035739097563053518 -0.055628733958225575 0.0029043250967234935 0.075497398558342255 -0.061319347290295638 -0.061840740866921533 -0.0642958693069762 0.057214174257020037 -0.00059862027841466644 0.051621909358954103 0.084865984054177959 0.18440793167652739 -0.033362272123650151 0.0067695604480442033 -0.068311467208259882
leaf_weight=157.45930044190027 7.7947848760522955 94.779708608984947 31.390011479146779 120.81351670413278 33.658982252003625 311.57622421719134 795.87852372636553 177.89472635881975 373.16224128077738 27.190137282013893 29.148819254245609 45.924966817139648 37.94290998019278 16.494826980400831 26.831961853429675 1.5050102211534966 3.0147444913163772 10.451733518391846 6.5079154996201387 12.592550015076993 2569.4738822845975 9.9381980630569142 0.72642523050308128 0.59309190511703391 6.2546732006594539 1.5496659837663163 2.696109339594841
leaf_count=792 172 260 196 580 134 978 4840 1424 1454 147 173 487 158 104 128 4 35 110 44 46 15527 64 1 1 185 12 16
internal_value=-5.13693e-06 0.00111982 0.0128589 0.0185673 0.00862285 -0.00115579 -0.00430198 -0.0157934 0.00384175 -0.00437868 0.0107638 0.000275898 -0.003598 -0.0207414 0.0311989 -0.000987257 -0.000745919 -0.0386652 -0.000548297 0.0343179 -0.000759544 0.0135467 -0.0357897 -0.0408447 -0.014501 -0.0529815 -0.0580402
internal_weight=4913.25 2290.09 371.85 276.084 154.472 1918.23 1177.16 335.354 741.077 338.766 402.311 841.803 95.7659 47.8848 121.612 2623.16 2605.1 13.5064 2591.59 15.6073 2575.98 47.8811 18.0651 17.3387 6.84777 12.0014 10.4909
internal_count=28072 11919 1624 1102 714 10295 7543 2216 2752 1125 1627 5327 522 300 388 16153 15778 126 15652 81 15571 222 375 374 186 122 188
is_linear=0
shrinkage=0.05


Tree=264
num_leaves=24
num_cat=0
split_feature=4 7 0 0 14 0 5 4 5 2 0 6 0 0 2 7 2 0 1 7 7 3 0
split_gain=2.11908 8.73494 8.11824 15.2464 13.2705 10.2837 8.94189 8.43579 6.70863 15.3898 20.4293 10.5721 10.3136 8.62044 8.3933 8.10019 7.96938 6.65248 5.89939 5.14076 3.71421 2.95648 1.02841
threshold=0.36090000000000005 0.59610000000000019 0.40190000000000009 0.22795000000000001 11.500000000000002 0.71200000000000008 0.29945000000000005 0.3393000000000001 0.23355000000000004 8.5000000000000018 0.47435000000000005 0.23845000000000002 0.34700000000000003 0.5303000000000001 9.5000000000000018 0.41445000000000004 3.5000000000000004 1.0000000180025095e-35 0.54695000000000016 0.56295000000000017 0.61415000000000008 5.5000000000000009 0.44560000000000005
decision_type=2 2 2 2 2 2 2 2 2 2 2 2 2 2 2 2 2 2 2 2 2 2 2
left_child=1 2 3 7 -5 6 -4 -1 9 13 19 12 15 16 -12 -10 -2 -13 -19 -11 -3 -7 -14
right_child=8 20 5 4 -6 21 -8 -9 11 10 14 17 22 -15 -16 -17 -18 18 -20 -21 -22 -23 -24
leaf_value=-0.0022322534203492719 0.0061186820337416833 0.06541137590403738 -0.034234279155968092 -0.078744083156318756 0.011083644687115604 0.05846379902349487 -0.0060386090741615462 -0.017275484121616738 0.042144171358238031 -0.035660181385092304 -0.019456617351470515 0.066845361109916998 -0.099618053847715438 0.071569442040811893 0.046591030533858831 -0.028400078269920109 0.027487603411492891 -0.0038011417042389008 0.0011397709900241451 -0.08694790819928809 0.009880116450990524 0.0070966274541941522 -0.063088261381121488
leaf_weight=442.95545752486214 183.60320785897784 6.5839662104845029 52.44287606049329 4.1829246282577506 240.9427430476062 5.2375741675496084 60.62661057151854 118.02398013975471 5.2751313894987168 17.990379594266418 8.3331156726926583 3.7371483631432048 3.3231309205293647 6.0615610890090457 11.377756174653767 17.800480419769883 57.232044529169798 764.95568932301831 2873.5811663984787 6.7074885070323935 5.5489085000008345 6.0218587592244148 4.5850114151835442
leaf_count=3466 682 13 299 25 1112 13 255 735 14 71 33 14 15 15 29 74 187 5903 15028 30 21 18 20
internal_value=-5.32733e-06 -0.00213627 -0.00268592 -0.000851709 0.00955079 -0.0145783 -0.0191161 -0.00539719 0.0005013 0.00780496 -0.0192929 -7.79125e-05 -0.0291612 0.012679 0.0186682 -0.0122735 0.0111968 0.00016949 0.000101007 -0.049589 0.0400144 0.0309912 -0.0784387
internal_weight=4907.13 942.567 930.434 806.105 245.126 124.329 113.069 560.979 3964.56 291.306 44.4087 3673.26 30.9838 246.897 19.7109 23.0756 240.835 3642.27 3638.54 24.6979 12.1329 11.2594 7.90814
internal_count=28072 5957 5923 5338 1137 585 554 4201 22115 1047 163 21068 123 884 62 88 869 20945 20931 101 34 31 35
is_linear=0
shrinkage=0.05


Tree=265
num_leaves=19
num_cat=0
split_feature=7 1 1 2 7 7 2 2 1 0 0 15 15 0 1 0 0 15
split_gain=2.0834 6.30129 7.60525 6.65586 10.8041 10.5996 14.8111 10.3495 6.70998 6.11093 4.15866 4.04722 7.70713 12.1352 5.81566 18.6465 5.79957 4.21369
threshold=0.39175000000000004 0.8136500000000001 0.84415000000000007 11.500000000000002 0.38170000000000009 0.38170000000000009 3.5000000000000004 12.500000000000002 0.66145000000000009 0.39175000000000004 1.0000000180025095e-35 38.500000000000007 37.500000000000007 0.19100000000000003 0.79060000000000008 0.27055000000000001 0.60235000000000005 34.500000000000007
decision_type=2 2 2 2 2 2 2 2 2 2 2 2 2 2 2 2 2 2
left_child=1 3 -3 5 7 8 -7 -5 -1 -4 -2 12 17 -14 15 -13 -16 -12
right_child=10 2 9 4 -6 6 -8 -9 -10 -11 11 14 13 -15 16 -17 -18 -19
leaf_value=-0.0050393563755508795 0.049823816573396379 0.058345265846336675 0.030471131869676878 -0.066061643675483728 0.11687234268137925 -0.0075207376518989649 -0.061117807080834308 0.059502190106873791 0.015361502917141671 -0.049121166587566496 -6.0919463025152925e-05 0.023031959339570956 0.0050368298563855142 -0.053114743918544531 0.061076866148730105 -0.059724621092683054 0.0015120152112038411 0.0071414821385269323
leaf_weight=296.09360365138855 4.2373665794730178 8.9461582191288489 5.3337416369467956 3.0593445897102338 2.9150949344038963 38.705649136099964 19.32551915384829 3.5400250479578972 46.656625591916963 4.4018616825342178 4168.4024367572274 27.622689589625224 18.634187462273985 17.301146320300177 10.497327335178854 9.0323045908007753 6.691494680941104 213.47051641077269
leaf_count=2508 20 23 17 25 6 199 161 16 295 19 22938 126 79 191 24 126 58 1241
internal_value=-5.20544e-06 -0.00333383 0.0250654 -0.00462692 0.0367049 -0.00560813 -0.0253696 0.00129314 -0.0022623 -0.00551578 0.000313816 0.0002669 0.000100835 -0.0229604 0.0138923 0.00263958 0.0378887 0.000289958
internal_weight=4904.87 428.978 18.6818 410.296 9.51446 400.781 58.0312 6.59937 342.75 9.7356 4475.89 4471.65 4417.81 35.9353 53.8438 36.655 17.1888 4381.87
internal_count=28072 3269 59 3210 47 3163 360 41 2803 36 24803 24783 24449 270 334 252 82 24179
is_linear=0
shrinkage=0.05


Tree=266
num_leaves=27
num_cat=0
split_feature=2 3 12 2 15 0 15 2 15 2 0 0 5 2 0 5 5 15 5 5 15 14 0 3 15 14
split_gain=2.11747 22.5789 12.2682 10.4853 17.932 7.94274 19.8402 24.7768 15.6034 18.7082 17.1578 11.4719 7.54575 16.2834 14.2862 14.025 7.31439 6.445 6.89209 6.17011 5.19676 3.82399 2.42735 1.33456 0.232114 0.0265237
threshold=6.5000000000000009 3.5000000000000004 1.0000000180025095e-35 4.5000000000000009 33.500000000000007 0.23465000000000005 21.500000000000004 2.5000000000000004 27.500000000000004 2.5000000000000004 0.23860000000000003 0.15300000000000002 0.26750000000000002 12.500000000000002 0.37620000000000003 0.24845000000000003 0.31645000000000006 14.500000000000002 0.56050000000000011 0.23605000000000004 26.500000000000004 32.500000000000007 0.82685000000000008 4.5000000000000009 21.500000000000004 27.500000000000004
decision_type=2 2 2 2 2 2 2 2 2 2 2 2 2 2 2 2 2 2 2 2 2 2 2 2 2 2
left_child=1 5 22 4 16 6 7 -1 9 -7 -10 -8 13 14 -4 -15 -3 18 -14 -6 -19 -5 24 -23 -2 -26
right_child=2 3 12 21 19 8 11 -9 10 -11 -12 -13 17 15 -16 -17 -18 20 -20 -21 -22 23 -24 -25 25 -27
leaf_value=-0.0012603452239253459 -0.07303802535909891 0.033050448806436129 -1.2469861869970136e-05 0.087579834443927307 -0.0068507188558789055 -0.0034691543717836788 -0.0024918347664393916 -0.025525024208804099 0.064858203322627719 0.012291209196298013 -0.034633806940063343 0.0095086381397383041 -0.09371520594598387 0.062984937026222987 -0.025272975498452633 -0.031490516379103051 0.0096771288540584786 -0.0013892880695395254 0.015409938022621097 -0.090095087422418701 0.0036249901367727457 0.02025209970986714 0.022826333017846034 0.070533392749762669 -0.060302858089302802 -0.053482178554980879
leaf_weight=251.068334242329 3.6349791199900174 59.609661743044853 109.54634713474661 6.8851226270198804 4.0219249427318555 336.21228461107239 576.76282699836884 181.08433318010066 4.8317659348249427 427.99010646063834 42.01104588015005 304.17935232818127 3.7205909714102736 13.417350701987745 114.4496140787378 5.5545548424124709 76.334723448380828 1597.1356249497039 2.3676819913089275 4.9850119315087795 763.84765278396662 4.7397647090256214 0.89975790679454881 1.8288667351007459 2.8317317366600037 2.8698903842596337
leaf_count=1525 30 190 483 13 14 1109 3748 1301 12 1733 322 1604 24 30 518 22 260 9372 15 25 5530 58 3 5 23 103
internal_value=-5.26934e-06 0.00110805 -0.000975091 0.0193184 0.0153993 -0.000249965 -0.00265288 -0.0114279 0.00364039 0.00535741 -0.0243714 0.00165179 -0.000760833 -0.00915213 -0.0129192 0.0353246 0.019926 0.000100491 -0.0512773 -0.0529234 0.000232979 0.061543 -0.055606 0.0342516 -0.0631644 -0.0568697
internal_weight=4902.82 2282.55 2620.28 158.405 144.951 2124.14 1313.09 432.153 811.045 764.202 46.8428 880.942 2610.04 242.968 223.996 18.9719 135.944 2367.07 6.08827 9.00694 2360.98 13.4538 10.2364 6.56863 9.3366 5.70162
internal_count=28072 11919 16153 565 489 11354 8178 2826 3176 2842 334 5352 15994 1053 1001 52 450 14941 39 39 14902 76 159 63 156 126
is_linear=0
shrinkage=0.05


Tree=267
num_leaves=21
num_cat=0
split_feature=4 5 4 0 5 14 5 4 7 0 14 7 0 7 14 0 13 13 15 14
split_gain=2.04099 2.61365 6.01828 5.92155 5.11066 4.57955 4.17151 6.51684 3.6739 2.56424 2.03988 1.82789 1.64108 0.729543 0.0722736 0.0610452 0.0157614 0.00260076 0.000422596 6.10508e-05
threshold=0.15480000000000002 0.15710000000000005 0.18560000000000001 0.22610000000000002 0.13075000000000001 36.500000000000007 0.17190000000000003 0.20460000000000003 0.30900000000000005 0.072300000000000017 20.500000000000004 0.21165000000000003 0.080550000000000024 0.39735000000000004 37.500000000000007 0.059400000000000001 1.5000000000000002 10.500000000000002 34.500000000000007 15.500000000000002
decision_type=2 2 2 2 2 2 2 2 2 2 2 2 2 2 2 2 2 2 2 2
left_child=10 3 13 4 8 -6 7 -4 -2 -8 11 12 19 14 -3 -13 -12 18 -18 -1
right_child=1 2 6 -5 5 -7 9 -9 -10 -11 16 15 -14 -15 -16 -17 17 -19 -20 -21
leaf_value=-0.052079992460112058 0.0030686392674435241 -0.055352536738232427 0.068714971172317368 -0.065893505080659331 0.014392430190309636 0.064438080609166393 -0.0066928653430971194 -0.020358204562816212 -0.056790887564682757 0.00029737341497472697 -0.062314958082412178 -0.036759234848251748 0.030067272343568138 -0.0079007674426659572 -0.070658710287584789 -0.058234586412597489 -0.051905228773259343 -0.055730703422099008 -0.053778291249209464 -0.051176866330502946
leaf_weight=0.45197237189859008 7.2853555665351433 4.0045394120970732 2.1654376666992894 2.4893360808491698 48.94911190122366 5.0420620776712886 135.01194872800261 39.704421556089073 3.9547771613579243 4639.4803745254176 0.7181549598462883 0.4838718925602733 2.9995413231663406 0.83956501632928837 0.95519505534321059 1.0467909496510399 0.9683590875938537 1.1037593812216071 0.43704443518072367 0.31933938059955835
leaf_count=19 103 101 15 22 325 18 921 311 72 25969 13 27 23 6 11 23 39 23 12 19
internal_value=-5.02262e-06 3.76018e-05 -9.93867e-05 0.0097921 0.0126804 0.019066 -3.80934e-05 -0.0157515 -0.0179926 9.97051e-05 -0.0244431 -0.00536444 0.0133409 -0.051004 -0.0583004 -0.0514458 -0.0557836 -0.0539143 -0.0524877 -0.0517061
internal_weight=4898.41 4889.88 4822.16 67.7206 65.2313 53.9912 4816.36 41.8699 11.2401 4774.49 8.52883 5.30152 3.77085 5.7993 4.95973 1.53066 3.22732 2.50916 1.4054 0.771312
internal_count=28072 27874 27334 540 518 343 27216 326 175 26890 198 111 61 118 112 50 87 74 51 38
is_linear=0
shrinkage=0.05


Tree=268
num_leaves=23
num_cat=0
split_feature=0 14 0 0 9 6 6 13 15 3 15 0 6 1 15 0 14 2 3 3 14 6
split_gain=2.002 4.82128 2.91137 10.2174 14.5641 6.90973 6.17527 5.38766 4.4108 4.23489 11.3346 9.72589 3.02281 2.87044 2.83785 2.49524 2.22368 6.04802 3.51364 1.75272 0.000610012 5.52572e-06
threshold=0.86755000000000015 14.500000000000002 0.78020000000000012 0.79060000000000008 0.68090909090909102 0.30265000000000003 0.30665000000000003 10.500000000000002 11.500000000000002 6.5000000000000009 30.500000000000004 0.7703000000000001 0.79505000000000015 0.92725000000000002 33.500000000000007 0.88120000000000009 34.500000000000007 14.500000000000002 9.5000000000000018 8.5000000000000018 13.500000000000002 0.51740000000000008
decision_type=2 2 2 2 2 2 2 2 2 2 2 2 2 2 2 2 2 2 2 2 2 2
left_child=2 20 8 4 12 -5 -7 -6 -1 11 -11 -10 -4 14 19 -16 18 -18 -15 -3 21 -2
right_child=1 13 3 5 7 6 -8 -9 9 10 -12 -13 -14 16 15 -17 17 -19 -20 -21 -22 -23
leaf_value=-0.064771404209878494 0.051562594510770346 0.0037246196476749963 -0.070090842768961659 0.048714688906540134 0.0082887319901211991 -0.067923768267512355 -0.0011476920995592982 -0.037707949473164998 -0.00043875780884112267 0.0092954673792723218 -0.011058932945193474 0.048952961200651686 -0.011843815392906399 0.0035404365643196775 0.036591689813817913 -0.061292607188556628 -0.058276385932085589 -0.00061974488605230247 0.04156646181653384 0.044825368428874642 0.052843182039638753 0.051678218608135366
leaf_weight=2.6162054836750022 2.001499466598033 3.5629612272605291 15.387332811951639 6.8663762211799613 21.920385994017128 3.5192228257656089 213.74241552408785 8.972026798874138 4069.7088243468897 324.54566874494776 86.658202784601599 9.9913914985954744 2.6044327169656745 46.924293844029307 1.0789938773959868 1.6416327115148304 4.9942673631012431 50.942050035111606 6.9782473910599938 9.5369688952341658 1.3591961860656736 2.1361336223781109
leaf_count=17 23 50 92 19 66 14 1700 63 22172 1378 659 45 13 597 30 24 69 789 74 142 13 23
internal_value=-5.04753e-06 0.0060891 -0.000172735 -0.00518599 -0.0258976 -0.000668618 -0.00222934 -0.00507 0.000131855 0.000169665 0.00500593 -0.000317795 -0.0616592 0.0040841 0.0239961 -0.0224719 0.0012161 -0.00576761 0.0084633 0.0336467 0.0519242 0.0516223
internal_weight=4897.69 131.156 4766.53 273.012 48.8842 224.128 217.262 30.8924 4493.52 4490.9 411.204 4079.7 17.9918 125.659 15.8206 2.72063 109.839 55.9363 53.9025 13.0999 5.49683 4.13763
internal_count=28072 1834 26238 1967 234 1733 1714 129 24271 24254 2037 22217 105 1775 246 54 1529 858 671 192 59 46
is_linear=0
shrinkage=0.05


Tree=269
num_leaves=29
num_cat=0
split_feature=2 3 15 12 3 0 15 13 2 15 14 5 15 9 4 15 15 5 4 15 15 15 0 0 15 13 13 14
split_gain=2.06664 19.8121 14.8904 12.2734 12.2062 12.1043 22.6054 23.8025 19.1803 35.7875 14.9832 14.7021 11.7166 18.5736 8.81715 7.50638 13.6743 9.038 7.18959 7.16969 6.78551 5.48763 4.94353 2.28631 0.209748 0.0810343 0.0468633 0.0219912
threshold=5.5000000000000009 2.5000000000000004 26.500000000000004 1.0000000180025095e-35 1.5000000000000002 0.23465000000000005 22.500000000000004 17.500000000000004 3.5000000000000004 25.500000000000004 12.500000000000002 0.57305000000000017 25.500000000000004 0.098437500000000025 0.5082000000000001 31.500000000000004 30.500000000000004 0.38505000000000006 0.23605000000000004 27.500000000000004 32.500000000000007 37.500000000000007 0.07060000000000001 0.82685000000000008 21.500000000000004 19.500000000000004 10.500000000000002 27.500000000000004
decision_type=2 2 2 2 2 2 2 2 2 2 2 2 2 2 2 2 2 2 2 2 2 2 2 2 2 2 2 2
left_child=1 5 12 23 14 6 7 -1 9 -7 -8 -10 13 -3 19 16 -4 -17 25 -5 -20 -16 -14 24 26 -6 -2 -26
right_child=3 2 15 4 18 8 10 -9 11 -11 -12 -13 22 -15 21 17 -18 -19 20 -21 -22 -23 -24 -25 27 -27 -28 -29
leaf_value=-0.016110910511920092 -0.076569773604284103 0.031104997929653395 -0.0014575514888430945 0.097168315075469802 -0.05653949717646696 0.0043955123973223476 0.025729907243244473 0.031153303703847519 0.027434253490911803 -0.038062869061575508 -0.00075085415449965701 -0.03027264442168941 0.0098173688893415049 0.0012653844260741213 -0.065293654847300056 0.0010471542306761858 -0.056333021943552102 0.057977325339209795 -0.001782692588105523 0.022391980457173114 0.0061091353823619753 0.068493072406380764 0.058705701344289943 0.021964412338690342 -0.059192341318384904 -0.07219920422230601 -0.065056796329463165 -0.053189777994116706
leaf_weight=408.87848552141804 1.964821100234982 95.383071351796389 46.805377500597388 6.7494045328348893 4.1870374381542197 524.41556954197586 58.198680260335095 28.494086367776617 114.3407350005582 54.817937203682959 650.21924842323642 12.216625015949829 6.6139551773667362 115.05312081822194 2.6090398323722179 35.52521793730557 14.987535674124954 8.6736410111188871 2357.6665961885592 6.105347964912653 307.9518525772728 1.085316866636276 23.699976315489039 0.89029130339622575 2.9966097548604012 1.0291770398616789 1.6066525238566098 3.1089176225941628
leaf_count=2795 9 292 215 18 69 1755 281 175 348 243 4000 180 25 496 52 148 82 38 14340 27 2241 2 61 3 28 8 24 117
internal_value=-4.69252e-06 0.0011333 0.0121021 -0.000931946 -0.000720475 -0.000920793 -0.00409367 -0.0130317 0.00423011 0.000377304 0.00142462 0.0218638 0.0189771 0.0147906 0.0420882 -0.00351385 -0.0147673 0.0122192 -0.000985727 0.0616534 -0.000870971 -0.0259902 0.0480391 -0.0547116 -0.0617659 -0.0596292 -0.0713906 -0.0561359
internal_weight=4896.27 2198.32 346.742 2697.95 2687.38 1851.58 1145.79 437.373 705.791 579.234 708.418 126.557 240.75 210.436 16.5491 105.992 61.7929 44.1989 2670.83 12.8548 2665.62 3.69436 30.3139 10.5673 9.677 5.21621 3.57147 6.10553
internal_count=28072 11134 1357 16938 16757 9777 7251 2970 2526 1998 4281 528 874 788 99 483 297 186 16658 45 16581 54 86 181 178 77 33 145
is_linear=0
shrinkage=0.05


Tree=270
num_leaves=24
num_cat=0
split_feature=15 2 7 14 8 0 7 13 6 1 13 14 0 8 14 5 1 0 2 13 1 7 0
split_gain=2.00479 6.82427 6.51466 6.00263 13.2792 7.68178 5.94692 3.79165 8.96701 7.77445 15.737 11.8448 11.6181 13.9073 7.17754 11.8068 11.1717 6.3196 5.2983 2.14085 0.150518 0.0293043 0.00260936
threshold=18.500000000000004 14.500000000000002 0.32070000000000004 16.500000000000004 1.0000000180025095e-35 0.23465000000000005 0.84295000000000009 12.500000000000002 0.75145000000000006 0.40310000000000007 9.5000000000000018 21.500000000000004 0.15300000000000002 1.0000000180025095e-35 14.500000000000002 0.22755000000000003 0.7633000000000002 0.19100000000000003 4.5000000000000009 14.500000000000002 0.90160000000000007 0.30900000000000005 0.19805000000000003
decision_type=2 2 2 2 2 2 2 2 2 2 2 2 2 2 2 2 2 2 2 2 2 2 2
left_child=1 2 21 5 -5 -4 -3 9 14 10 11 -2 13 -11 15 -9 -16 -14 -12 20 -10 22 -1
right_child=7 6 3 4 -6 -7 -8 8 19 12 18 -13 17 -15 16 -17 -18 -19 -20 -21 -22 -23 -24
leaf_value=-0.053328087021797477 0.020771447431263995 -0.11040374041587012 -0.012311520782607903 0.014582174322948777 -0.00095431922402763468 0.0022307482830709164 -0.0048645457408576336 -0.0062081946892662268 -0.058427910187872911 0.0021172433084122688 -0.010395340694739064 0.0026298423002081095 0.0087348627369778966 -0.025672872136075338 -0.004544462280913277 0.02286377742704096 0.0084160424824288246 -0.002196860628194497 -0.04526713884019383 -0.0044357143518438651 -0.077803625152289058 -0.062725788186148546 -0.056573054918185851
leaf_weight=2.287654974032193 128.78172308020294 2.5112883672118178 124.40651365881786 249.61045759730041 306.29991961177438 336.27750315517187 2.8490551663562655 53.654897887725383 5.3697548443451506 75.364969139685854 67.016123962705024 298.57703076349571 140.74607530143112 111.81060997000895 406.03597590210848 100.03886744193733 281.57465050998144 2178.9287018137984 13.006523020914754 2.1339213913306594 1.2323692142963407 1.488426058553159 0.84959347173571576
leaf_count=64 656 13 669 1042 1671 1286 28 365 92 454 558 2128 529 631 3368 323 1040 12710 387 23 9 17 9
internal_value=-4.58629e-06 0.00195945 0.0022548 0.00252419 0.00602175 -0.00169635 -0.054309 -0.000526351 0.00242295 -0.00135808 0.00428626 0.00809669 -0.00250048 -0.0144834 0.00294625 0.0127147 0.000762829 -0.00153358 -0.0160632 -0.0479727 -0.0620446 -0.056948 -0.0542069
internal_weight=4890.85 1026.58 1021.22 1016.59 555.91 460.684 5.36034 3864.27 850.04 3014.23 507.381 427.359 2506.85 187.176 841.304 153.694 687.611 2319.67 80.0226 8.73605 6.60212 4.62567 3.13725
internal_count=28072 4799 4758 4668 2713 1955 41 23273 5220 18053 3729 2784 14324 1085 5096 688 4408 13239 945 124 101 90 73
is_linear=0
shrinkage=0.05


Tree=271
num_leaves=21
num_cat=0
split_feature=4 7 4 0 1 7 13 1 0 1 7 1 7 1 2 0 0 15 2 1
split_gain=2.10524 5.65922 4.39232 5.42514 5.97089 5.83194 4.14415 4.04885 11.4045 9.19006 10.3174 7.15807 7.08115 4.3121 3.23052 3.12059 4.55547 4.13832 2.12916 4.11316
threshold=0.76830000000000009 0.82425000000000004 0.76030000000000009 0.28280000000000005 0.81015000000000004 0.8297500000000001 10.500000000000002 0.75380000000000014 0.57360000000000011 0.8136500000000001 0.95860000000000012 0.69635000000000014 0.8932500000000001 0.8983000000000001 26.500000000000004 0.87690000000000012 0.78020000000000012 25.500000000000004 7.5000000000000009 0.8651500000000002
decision_type=2 2 2 2 2 2 2 2 2 2 2 2 2 2 2 2 2 2 2 2
left_child=2 18 14 -4 5 -5 -6 8 12 10 -9 -10 -3 -11 15 16 -1 -17 -2 -20
right_child=1 7 3 4 6 -7 -8 9 11 13 -12 -13 -14 -15 -16 17 -18 -19 19 -21
leaf_value=2.7943324593733361e-05 0.0037794174441416841 0.020730815630676205 0.069242820151376783 -0.20574539555531157 0.015987570954195365 -0.058706030791110024 -0.067625928509463959 -0.080546153486047267 0.11169620546163353 0.015432537432252378 -0.0081209576083780873 0.031429740450739027 -0.036839099466825891 -0.0015733833257622618 0.048330116007713669 0.020983128611425719 -0.0074867701061746457 -0.042485009477320236 0.075110662299747555 0.018759213858060522
leaf_weight=4370.2705256271875 5.2285414487123516 11.323215332813563 1.2024266123771656 0.8801467120647416 4.1519764438271523 2.8840612657368183 2.3043887820094824 7.0437289401888874 3.5749622751027372 52.485824879258871 16.288995672948658 12.453100208193062 10.110839447937904 128.63086875621229 3.4302626326680175 29.073074945248667 211.43001443706453 2.8172140643000594 5.4080490171909323 8.0708723664283735
leaf_count=23486 19 42 2 5 14 72 24 62 11 551 121 83 124 2006 12 208 1183 12 9 26
internal_value=-4.69376e-06 0.00436774 -0.000250897 -0.0312173 -0.0430362 -0.0930868 -0.0138555 0.00231882 0.0174302 -0.000450105 -0.0299848 0.0493327 -0.00642598 0.00335476 -0.000174283 -0.000210347 -0.000318835 0.0153763 0.0308629 0.0413687
internal_weight=4889.06 260.619 4628.44 11.423 10.2206 3.76421 6.45637 241.912 37.4621 204.449 23.3327 16.0281 21.4341 181.117 4617.02 4613.59 4581.7 31.8903 18.7075 13.4789
internal_count=28072 3054 25018 117 115 77 38 3000 260 2740 183 94 166 2557 24901 24889 24669 220 54 35
is_linear=0
shrinkage=0.05


Tree=272
num_leaves=29
num_cat=0
split_feature=9 9 9 9 15 13 15 1 0 14 0 9 14 15 9 13 15 9 15 13 5 15 13 1 0 14 14 9
split_gain=1.96873 40.4509 9.94038 30.615 14.1833 10.5188 9.70547 9.02126 15.8062 16.5403 12.9777 12.6807 15.7899 13.3503 10.9935 10.7578 8.81719 8.4981 7.75074 7.60582 19.7708 7.50912 7.21981 6.70619 4.017 2.58013 2.15712 0.0156451
threshold=0.86736111111111125 0.22029411764705883 0.19836704593341761 0.10535714285714286 20.500000000000004 2.5000000000000004 26.500000000000004 0.41805000000000009 0.14405000000000004 28.500000000000004 0.25245000000000006 0.99635195974576296 28.500000000000004 37.500000000000007 0.963409192324855 11.500000000000002 30.500000000000004 0.68719676549865238 28.500000000000004 1.5000000000000002 0.43535000000000007 31.500000000000004 26.500000000000004 0.20415000000000003 0.22125000000000003 22.500000000000004 30.500000000000004 0.71441080810607971
decision_type=2 2 2 2 2 2 2 2 2 2 2 2 2 2 2 2 2 2 2 2 2 2 2 2 2 2 2 2
left_child=1 2 3 6 -4 -6 -1 10 9 15 14 12 -10 -13 24 -9 19 21 -16 20 -3 -18 -21 -5 -2 -12 -11 -19
right_child=7 16 4 23 5 -7 -8 8 11 26 25 13 -14 -15 18 -17 17 27 -20 22 -22 -23 -24 -25 -26 -27 -28 -29
leaf_value=-0.001393104894629615 -0.05947527051464483 -0.056033514210418058 -0.08349098508030646 0.042062713638447241 -0.040769229133865714 0.043636111431500757 0.0061736852290731944 -0.029063708678648312 -0.0044845149697977623 0.069641398854869765 -0.11823740864780755 0.0006764184987002827 0.036678866516006652 -0.031682152636424502 0.0050091197144593366 -0.0036042434222077848 0.08736676096721234 -0.058080076490768885 0.020751503304515938 -0.048170904727317145 0.085881685604324853 -0.00094740425858488961 0.051460534952723937 -0.044499505907433387 0.027335685476515461 -0.038755046946888416 0.02338881765584129 -0.052746102299762745
leaf_weight=1459.8630319254007 7.6161354952491802 6.1430555307306332 2.7740708361379793 2.3563473746180525 4.1756692938506594 31.814204311463982 597.10140042658895 96.883572115562856 41.079758614301682 5.3084026724100095 2.1257827281951895 1994.3863572669216 53.817004133947194 32.392896935343742 204.31233212957159 72.572883664630353 3.0482822114136097 2.5404371321201316 126.65981041546911 67.904954938334413 4.0869193077087402 11.440507140709085 1.8683600965887297 44.353806470055133 1.615183137822896 1.9647007286548612 4.8004242088645697 2.9959451156901196
leaf_count=7672 137 104 27 19 27 162 4118 548 161 11 10 8996 310 182 1244 347 82 37 557 2017 39 303 12 752 20 22 24 132
internal_value=-4.35164e-06 -0.00109426 0.000356773 -0.000105546 0.0254463 0.0338431 0.000803404 0.000919504 -0.000209851 -0.0144538 0.00846805 0.000995669 0.0188597 0.000159249 0.00953249 -0.0181602 -0.032173 -0.00250152 0.0110336 -0.0395999 0.000662223 0.0176329 -0.045503 -0.0401328 -0.0442862 -0.0800612 0.0476772 -0.0551937
internal_weight=4888 2242.47 2142.44 2103.67 38.7639 35.9899 2056.96 2645.54 2301.24 179.565 344.294 2121.68 94.8968 2026.78 340.203 169.456 100.028 20.0252 330.972 80.0033 10.23 14.4888 69.7733 46.7102 9.23132 4.09048 10.1088 5.53638
internal_count=28072 15503 12777 12561 216 189 11790 12569 10579 930 1990 9649 471 9178 1958 895 2726 554 1801 2172 143 385 2029 771 157 32 35 169
is_linear=0
shrinkage=0.05


Tree=273
num_leaves=26
num_cat=0
split_feature=0 1 14 14 5 7 4 13 3 4 0 14 0 8 5 0 3 7 14 1 14 4 6 7 6
split_gain=2.04142 7.52467 12.5555 8.4667 5.89904 6.75848 5.74558 5.67663 5.90598 4.37405 4.16061 12.5464 13.9638 17.3481 10.3825 9.22653 7.35704 9.29529 7.27106 11.3906 5.41103 15.8363 10.3999 5.39479 4.34329
threshold=0.10100000000000002 0.30600000000000005 13.500000000000002 33.500000000000007 0.30070000000000002 0.38170000000000009 0.30860000000000004 21.500000000000004 4.5000000000000009 0.25160000000000005 0.13420000000000001 16.500000000000004 0.1183 1.0000000180025095e-35 0.49720000000000003 0.13920000000000002 1.5000000000000002 0.48525000000000007 31.500000000000004 0.45080000000000003 20.500000000000004 0.41225000000000006 0.42460000000000003 0.63565000000000016 0.14390000000000003
decision_type=2 2 2 2 2 2 2 2 2 2 2 2 2 2 2 2 2 2 2 2 2 2 2 2 2
left_child=1 2 -1 7 6 -6 -4 8 -3 -9 11 12 14 -14 -2 16 17 -12 19 -13 21 -17 -22 -18 -20
right_child=10 3 4 -5 5 -7 -8 9 -10 -11 15 18 13 -15 -16 20 23 -19 24 -21 22 -23 -24 -25 -26
leaf_value=0.095920168431950337 -0.020824789385247566 -0.021517984111419568 -0.0013924882844560029 0.048636698452009693 0.029926228595900696 -0.017287468078451159 0.020461563601328264 -0.027634067787035799 0.020837592364462365 0.040669752759975697 -0.043584406036646789 0.012482196851542509 0.058136515280083872 0.010771805273835193 0.07540209107695113 -0.01030566153996468 -0.074427564068051982 0.052006738375340991 0.058646531836551254 -0.010724187070116395 0.005158190851665234 0.00065313000765073815 -0.0014404430233123514 0.0014492398439627692 -0.021778887228983343
leaf_weight=3.5305726416409007 25.516133358236406 111.94077301421203 76.993236581794918 5.392096363939344 8.7056479798629862 58.605760223697871 49.354148695245385 3.4127275617793185 8.8833288811147195 7.4836976379156113 5.5655483617447334 132.75543966377154 33.066265395842493 46.544500556774437 3.1491237357258788 441.97165163350292 9.94263235805556 4.6829585591331124 1.7455531824380148 87.882139903027564 1085.0338813567068 1297.326524682343 1327.8922050896799 3.0646604264620683 43.828495050780475
leaf_count=11 179 927 631 22 52 504 197 39 48 35 50 661 129 230 13 2098 94 33 10 401 4887 4501 11840 22 458
internal_value=-5.8148e-06 -0.00377695 0.00247826 -0.0127729 0.000774728 -0.0111811 0.0071442 -0.0152868 -0.0184039 0.0192772 0.000271263 0.00531996 0.0196702 0.0304447 -0.0102534 -0.000181541 -0.0315874 9.50657e-05 -0.000516695 0.00323886 -5.64242e-06 -0.0021316 0.0015268 -0.0565502 -0.0186985
internal_weight=4884.27 334.302 197.189 137.113 193.659 67.3114 126.347 131.721 120.824 10.8964 4549.97 374.488 108.276 79.6108 28.6653 4175.48 23.2558 10.2485 266.212 220.638 4152.22 1739.3 2412.93 13.0073 45.574
internal_count=28072 2466 1395 1071 1384 556 828 1049 975 74 25606 2081 551 359 192 23525 199 83 1530 1062 23326 6599 16727 116 468
is_linear=0
shrinkage=0.05


Tree=274
num_leaves=29
num_cat=0
split_feature=4 5 4 14 13 1 5 1 1 7 5 1 2 5 7 14 7 13 4 1 4 3 3 4 7 7 1 3
split_gain=2.02748 16.131 7.4476 10.6119 11.4867 9.61789 8.20464 12.2151 17.1134 9.55236 6.98405 12.3613 9.97782 5.81814 10.2312 16.3505 8.966 5.43515 5.41098 4.4731 4.29754 3.96912 6.932 5.78483 5.28483 2.92594 0.668115 0.096746
threshold=0.69010000000000005 0.70065000000000011 0.67960000000000009 29.500000000000004 3.5000000000000004 0.92725000000000002 0.65645000000000009 0.74130000000000018 0.8198000000000002 0.78320000000000012 0.59610000000000019 0.8651500000000002 18.500000000000004 0.74850000000000005 0.94205000000000017 36.500000000000007 0.99350000000000016 12.500000000000002 0.6845500000000001 0.46775000000000005 0.75145000000000006 7.5000000000000009 8.5000000000000018 0.74390000000000012 0.91600000000000004 0.76535000000000009 0.8983000000000001 7.5000000000000009
decision_type=2 2 2 2 2 2 2 2 2 2 2 2 2 2 2 2 2 2 2 2 2 2 2 2 2 2 2 2
left_child=2 21 6 4 18 -6 10 9 -9 -8 12 -12 -1 14 15 -3 -16 19 -4 -15 -19 23 -23 24 -2 -25 27 -5
right_child=1 13 3 26 5 -7 7 8 -10 -11 11 -13 -14 17 16 -17 -18 20 -20 -21 -22 22 -24 25 -26 -27 -28 -29
leaf_value=-0.00023227818957056924 0.039173129632691019 0.00883283777633391 -0.083158754063124452 -0.058536318266985632 0.022757411783938558 -0.057845030341796055 0.013826728376515517 0.076366286043404341 0.010740431639568475 -0.059374838435448662 -0.016755951718486619 0.010425606476906622 0.022386483264989324 -0.071301446925620293 -0.079398020689737739 -0.027781060236335278 -0.014437443096507498 0.055505973245933551 -0.016074760630399747 0.0049616329387051281 -0.046749552992621284 -0.051654207021324977 0.030573621003961687 -0.049588477498583985 -0.010382550562190241 0.012399992741460067 -0.10226610993722006 -0.070391668441164124
leaf_weight=3954.4466621867614 52.390621913014911 92.285498393932357 5.8930101022124273 6.0700438756030035 22.865567756816748 4.4157767891883841 10.555131742730739 14.434546090196816 31.861647836863995 7.7135249929269767 152.5626173975179 57.625787856057286 49.365793724544346 1.934893047902732 8.70144445868209 45.537075394066051 13.635517813265324 1.1733869463205326 6.1355818100273609 306.06038553826511 8.2649838111828995 4.4714410882443172 6.0054622301831841 3.0584635734558088 5.995724174194037 5.0415985221043229 1.1660101749002922 2.4017497948370874
leaf_count=19788 272 432 25 147 80 26 59 84 140 342 1546 212 165 21 90 563 216 7 21 3549 121 29 26 11 45 26 6 23
internal_value=-5.86478e-06 0.00284051 -0.000370619 -0.0197635 -0.00823591 0.00971105 -0.00014876 0.0175401 0.0312017 -0.017081 -0.00041978 -0.00930379 4.66043e-05 -0.000582757 -0.00835208 -0.00326453 -0.0397431 0.00333721 -0.0489403 0.00448253 -0.0340371 0.0240835 -0.00452042 0.0285909 0.0340842 -0.0110059 -0.0667812 -0.0618973
internal_weight=4882.07 554.556 4327.51 48.9477 39.3099 27.2813 4278.57 64.5649 46.2962 18.2687 4214 210.188 4003.81 477.593 160.16 137.823 22.337 317.434 12.0286 307.995 9.43837 76.9633 10.4769 66.4864 58.3863 8.10006 9.6378 8.47179
internal_count=28072 5408 22664 328 152 106 22336 625 224 401 21711 1758 19953 4999 1301 995 306 3698 46 3570 128 409 55 354 317 37 176 170
is_linear=0
shrinkage=0.05


Tree=275
num_leaves=31
num_cat=0
split_feature=15 15 7 0 1 15 9 7 13 5 7 0 5 0 1 5 15 1 0 9 15 8 6 7 7 15 15 5 0 9
split_gain=2.04241 8.70977 31.2428 10.202 16.2987 8.0844 24.6754 19.8477 15.8956 7.39121 6.4623 11.3731 7.07215 6.36572 6.27973 5.8563 5.50715 11.3165 23.6252 13.254 8.44676 44.3991 5.29366 5.09236 4.86197 12.675 5.13439 4.34028 3.74129 1.73936
threshold=30.500000000000004 31.500000000000004 0.45770000000000005 0.42165000000000002 0.4714000000000001 29.500000000000004 0.94761785981541558 0.50350000000000017 6.5000000000000009 0.49720000000000003 0.38955000000000006 0.30690000000000001 0.25870000000000004 0.033900000000000007 0.24620000000000003 0.54205000000000003 28.500000000000004 0.30150000000000005 0.35165000000000007 0.99731137682679549 27.500000000000004 1.0000000180025095e-35 0.19255000000000003 0.43825000000000008 0.39735000000000004 36.500000000000007 33.500000000000007 0.39455000000000001 0.13920000000000002 0.14337101747173689
decision_type=2 2 2 2 2 2 2 2 2 2 2 2 2 2 2 2 2 2 2 2 2 2 2 2 2 2 2 2 2 2
left_child=5 2 10 4 -4 16 9 28 -9 22 12 -12 -2 14 29 -11 20 19 -19 -18 23 -22 -7 -1 25 -15 -26 -5 -8 -3
right_child=1 13 3 27 -6 6 7 8 -10 15 11 -13 -14 24 -16 -17 17 18 -20 -21 21 -23 -24 -25 26 -27 -28 -29 -30 -31
leaf_value=-0.0050976722791891702 -0.040402297217087414 -0.047455702989731237 -0.010044905506696334 0.016841316424318298 -0.074193599725534451 0.0082654079829893329 0.049554629990068398 -0.038669217846028517 0.017106080350041374 0.067018885170037124 0.045530949664016301 -0.031773886488841795 0.024534639223280332 -0.026861794805336372 -0.15937471216449522 -0.0088109692704043466 -0.030955247754323012 -0.035344890480575368 0.0033181384404721743 0.050444422952829575 0.032547360266778805 -0.017379853419625474 -0.044421614861446086 0.0005634508776787327 0.0098784711818760834 0.0051979891774766073 -0.00085497595637631691 -0.02401051498298204 0.026553357914836609 0.015255514960232662
leaf_weight=455.29576435557101 8.2994417683221418 3.415171672590076 15.717735330341382 8.5765992626547796 26.760363199515268 5.8664032034575966 40.487771801650524 18.008703537285328 43.948007838334888 3.323781535960733 25.175578995607797 5.866470329463481 8.4737061848863942 53.184427845408209 1.0921892551705239 10.882696693413889 7.3577472197357574 68.787827859981917 92.836844299570657 15.611551057547331 102.71888402104378 78.603032246697694 25.450239615980536 3115.3743007658049 166.24283777922392 73.346520641352981 337.83696726441849 26.876689753262326 31.381892420351505 1.6350847431458531
leaf_count=2964 100 45 138 26 206 52 91 71 234 34 93 33 55 542 22 178 91 466 539 45 534 634 268 16596 1003 367 2289 260 79 17
internal_value=-5.95494e-06 -0.00238288 -0.014408 -0.03393 -0.0504573 0.000434384 0.0108161 0.0216329 0.000894103 -0.0209824 0.0174097 0.0309215 -0.0075965 -8.14261e-06 -0.0506627 0.00893036 -3.86037e-05 -0.00846993 -0.0131369 0.0243697 0.000376208 0.0109039 -0.034552 -0.000158398 0.000485256 -0.00827762 0.00268486 -0.0141279 0.0395111 -0.0271521
internal_weight=4878.44 762.5 125.747 77.9314 42.4781 4115.94 179.349 133.826 61.9567 45.5231 47.8152 31.042 16.7731 636.753 6.14245 14.2065 3936.59 184.594 161.625 22.9693 3751.99 181.322 31.3166 3570.67 630.611 126.531 504.08 35.4533 71.8697 5.05026
internal_count=28072 5196 911 630 344 22876 1007 475 305 532 281 126 155 4285 84 212 21869 1141 1005 136 20728 1168 320 19560 4201 909 3292 286 170 62
is_linear=0
shrinkage=0.05


Tree=276
num_leaves=29
num_cat=0
split_feature=2 3 15 12 0 15 2 2 15 15 4 3 15 9 4 4 15 6 3 6 15 4 15 0 0 15 14 14
split_gain=2.08315 18.6319 13.5266 11.4553 11.1316 19.5096 23.5355 17.681 32.1502 15.1151 14.2576 10.7038 10.654 16.5266 7.99548 7.43459 20.7625 7.20321 7.79188 6.68401 6.15763 6.13092 4.84986 4.49922 2.17975 0.179554 0.0341459 0.0176799
threshold=5.5000000000000009 2.5000000000000004 26.500000000000004 1.0000000180025095e-35 0.23465000000000005 22.500000000000004 1.5000000000000002 3.5000000000000004 25.500000000000004 20.500000000000004 0.36090000000000005 1.5000000000000002 25.500000000000004 0.098437500000000025 0.5082000000000001 0.43795000000000006 26.500000000000004 0.20640000000000003 4.5000000000000009 0.18895000000000003 27.500000000000004 0.46710000000000007 37.500000000000007 0.07060000000000001 0.82685000000000008 21.500000000000004 30.500000000000004 27.500000000000004
decision_type=2 2 2 2 2 2 2 2 2 2 2 2 2 2 2 2 2 2 2 2 2 2 2 2 2 2 2 2
left_child=1 4 12 24 5 6 -1 8 -6 -9 -7 14 13 -3 20 16 -13 19 -19 -4 -5 -17 -16 -14 25 26 -2 -27
right_child=3 2 17 11 7 10 -8 9 -10 -11 -12 15 23 -15 22 21 -18 18 -20 -21 -22 -23 -24 -25 -26 27 -28 -29
leaf_value=0.010755099189224772 -0.074628547092138939 0.029970597776023969 0.0031049915937628216 0.089726192034846858 0.0041972702541022405 -0.0058775541082438168 -0.018164609078317601 0.0012211946388591493 -0.036156636157321308 0.036211740958680856 0.0083473071875259305 -0.012950236244786272 0.0097290426112959291 0.0017022172255307781 -0.063386799312042413 0.007969852409259957 0.0035184010250432214 -0.015432380375056119 0.025339028875238992 0.067772222200026822 0.02083669131353668 -0.00041712096418296447 0.066049406089597223 0.056566169542969336 0.021042066751753883 -0.058572548898321058 -0.064642094799684524 -0.053046035556174091
leaf_weight=88.38895168248564 1.9146749079227414 93.871856711804867 11.149480164051058 6.9263304201886076 523.2578014745377 352.98383157653734 344.75144069723319 54.382719464134425 54.498046630062163 71.36687502078712 351.62950788741 403.46566866291687 6.568276938050988 115.09916090709157 2.5695214755833145 251.19338848721236 364.08851285651326 73.770146823022515 13.931496866047381 6.2278193272650233 6.1009719287976623 1643.9584530321881 1.0074428617954252 23.373222106834874 0.88352076709270555 2.8545424677431583 1.5480133621022103 2.9352208760101348
leaf_count=424 9 292 51 18 1755 2604 2546 257 243 271 1677 2168 25 496 52 1063 1772 351 62 19 27 11655 2 61 3 28 24 117
internal_value=-6.30975e-06 0.00114036 0.0118218 -0.000938008 -0.000855201 -0.00391224 -0.0122631 0.00408884 0.000390802 0.0210794 0.00122121 -0.000737301 0.0183973 0.0144007 0.039283 -0.000986861 -0.00513836 -0.00312856 -0.0089558 0.026281 0.0574637 0.000694533 -0.0269314 0.0462915 -0.0539923 -0.0611574 -0.0701641 -0.0557708
internal_weight=4874.7 2185.25 343.991 2689.45 1841.26 1137.75 433.14 703.505 577.756 125.75 704.613 2679.31 238.913 208.971 16.6043 2662.71 767.554 105.079 87.7016 17.3773 13.0273 1895.15 3.57696 29.9415 10.136 9.25245 3.46269 5.78976
internal_count=28072 11134 1357 16938 9777 7251 2970 2526 1998 528 4281 16757 874 788 99 16658 3940 483 413 70 45 12718 54 86 181 178 33 145
is_linear=0
shrinkage=0.05


Tree=277
num_leaves=19
num_cat=0
split_feature=4 7 5 13 0 0 0 13 2 2 5 3 2 7 4 13 0 2
split_gain=2.03214 9.6783 3.33761 3.78527 4.32218 2.95091 5.90376 2.78274 2.42006 2.69378 9.09353 7.83761 2.30452 2.29397 4.3527 0.373711 0.664815 0.354718
threshold=0.86815000000000009 0.94030000000000014 0.84325000000000017 2.5000000000000004 0.93140000000000012 0.85500000000000009 0.70710000000000017 1.0000000180025095e-35 26.500000000000004 10.500000000000002 0.4431500000000001 5.5000000000000009 12.500000000000002 0.77300000000000013 0.79775000000000007 1.5000000000000002 0.95060000000000011 27.500000000000004
decision_type=2 2 2 2 2 2 2 2 2 2 2 2 2 2 2 2 2 2
left_child=2 -2 8 -4 12 6 -3 -8 9 11 -11 -1 -5 -10 -15 16 -7 -6
right_child=1 5 3 4 17 15 7 -9 13 10 -12 -13 -14 14 -16 -17 -18 -19
leaf_value=0.00023347253099603103 -0.081982275411031605 0.029008026904277225 -0.05544295169503604 0.057911924273574833 -0.052599818386077517 -0.010414244092566869 -0.007082299908994053 -0.08027124503545964 0.069085102815140756 -0.0082592153918374829 0.00084995538893287712 0.01478618555399653 0.020814040764949405 -0.038659447117033424 0.055257358940656455 0.053542134065505759 0.051144683995735032 -0.01703089515240579
leaf_weight=3464.4676305383909 4.3276703692972669 4.8317503184080106 1.6229497492313409 5.8977402728051009 1.3882862851023667 0.81454914994537941 2.3479052819311619 2.9064119309186935 2.3749315440654746 403.20589766092598 854.83745822054334 95.058622288983315 14.425390120595692 2.4168170876801014 2.52017642557621 2.2251264099031687 0.95024430379271507 1.4157450702041385
leaf_count=18822 25 16 7 36 9 16 17 17 5 1596 6667 419 267 20 70 25 17 21
internal_value=-6.1429e-06 -0.0165895 5.67886e-05 0.018371 0.0235509 0.00351554 -0.0108834 -0.0475666 -3.71575e-05 -8.07831e-05 -0.00206956 0.000622109 0.0315798 0.0287062 0.00928206 0.0399143 0.0227319 -0.0346412
internal_weight=4868.04 18.4037 4849.63 24.7501 23.1272 14.076 10.0861 5.25432 4824.88 4817.57 1258.04 3559.53 20.3231 7.31193 4.93699 3.98992 1.76479 2.80403
internal_count=28072 133 27939 340 333 108 50 34 27599 27504 8263 19241 303 95 90 58 33 30
is_linear=0
shrinkage=0.05


Tree=278
num_leaves=31
num_cat=0
split_feature=15 15 7 3 14 7 14 7 0 0 0 0 6 6 9 3 1 1 1 6 7 3 4 6 0 1 6 6 0 0
split_gain=2.13291 12.2704 38.5252 24.9962 13.9636 13.4869 8.24501 10.3999 10.1787 23.5553 13.4345 9.72477 8.43034 14.4815 12.8617 19.1491 12.5393 11.7355 8.87997 7.40269 7.05873 4.02054 7.55714 4.10772 3.61148 8.19023 11.4923 7.3055 5.31968 22.1376
threshold=24.500000000000004 25.500000000000004 0.46050000000000008 1.5000000000000002 15.500000000000002 0.53000000000000014 19.500000000000004 0.69920000000000015 0.63765000000000016 0.8136500000000001 0.42460000000000003 0.14850000000000005 0.4592500000000001 0.44575000000000004 0.88282035995081432 5.5000000000000009 0.83045000000000013 0.8651500000000002 0.32200000000000006 0.29130000000000006 0.71835000000000016 1.0000000180025095e-35 0.34830000000000005 0.34335000000000004 0.072300000000000017 0.39210000000000006 0.14965000000000003 0.20865000000000003 0.39175000000000004 0.38955000000000006
decision_type=2 2 2 2 2 2 2 2 2 2 2 2 2 2 2 2 2 2 2 2 2 2 2 2 2 2 2 2 2 2
left_child=6 2 21 4 -4 -5 7 8 10 -10 -1 20 13 18 16 -16 -14 -15 -8 -13 -9 22 -2 -23 25 27 -27 -3 29 -26
right_child=1 24 3 5 -6 -7 12 11 9 -11 -12 19 14 17 15 -17 -18 -19 -20 -21 -22 23 -24 -25 28 26 -28 -29 -30 -31
leaf_value=-0.0049215716143123367 -0.053383386288354998 0.017040152135890049 -0.030455303975880334 -0.040407241361506731 0.048694213415275037 -0.0049092562153326864 -0.0091973000823792183 0.06665088847372258 -0.025490386452218339 0.019884987974203509 0.0098832713239479023 0.043768301427008618 -0.022167580459084846 0.04086070997179158 -0.0045557999703296007 0.016994443308918264 0.0021857467541631088 -0.055380107458934527 0.0074289949598294091 0.0020594925015397 0.01113471325232712 -0.0706729627455321 0.1388595349910991 -0.03258568607885954 0.0022012956402031655 0.056075009382470925 -0.063975221690688006 -0.013736592219851549 -0.0023699556480296941 0.057246082468007109
leaf_weight=748.75622957863379 1.6540095144882792 29.516113232122734 6.8189077768474808 31.392636633478105 30.482410060241818 181.2214191268431 91.88716961722821 11.409067682921888 128.08364711888134 36.824417673051357 192.66174283064902 11.271063260734079 112.65037754818331 43.815027941018343 250.0388753011357 175.38899434451014 99.580010684207082 3.41437854617834 637.30788915348239 189.50730551406741 11.493977040052412 27.395396428182721 0.73988344892859448 9.5458689993247372 977.20867253968026 2.3932371870614579 11.935817481949924 55.608240980654955 738.57567737752106 18.613673700485379
leaf_count=3328 41 263 32 178 111 1072 783 37 652 157 617 40 1567 200 1893 1237 746 14 2745 688 55 213 4 62 5987 29 117 396 4760 48
internal_value=-5.58124e-06 -0.00119554 -0.0107666 -0.00352722 0.0342252 -0.0101506 0.000915087 -0.00191094 -0.00389901 -0.0153579 -0.00189175 0.00792203 0.00357309 0.00707173 -0.000686917 0.00432861 -0.0107408 0.0339031 0.00533389 0.00440089 0.0387899 -0.0567617 0.00603337 -0.060831 0.000314087 -0.00895198 -0.0439244 -0.00306503 0.000845419 0.00323018
internal_weight=4867.19 2123.1 289.251 249.915 37.3013 212.614 2744.09 1330.01 1106.33 164.908 941.418 223.681 1414.08 776.424 637.658 425.428 212.23 47.2294 729.195 200.778 22.903 39.3352 2.39389 36.9413 1833.85 99.4534 14.3291 85.1244 1734.4 995.822
internal_count=28072 13313 1713 1393 143 1250 14759 5574 4754 809 3945 820 9185 3742 5443 3130 2313 214 3528 728 92 320 45 275 11600 805 146 659 10795 6035
is_linear=0
shrinkage=0.05


Tree=279
num_leaves=24
num_cat=0
split_feature=15 2 7 4 1 1 7 0 0 0 7 7 1 15 9 7 9 9 9 9 7 7 0
split_gain=2.21449 6.13715 6.09194 5.80976 13.4255 10.5895 4.98468 3.52879 27.041 17.2921 16.6476 13.9004 13.1712 8.4477 10.2971 7.76593 5.52718 3.34602 27.2207 23.0626 3.18277 0.0239625 0.00208954
threshold=18.500000000000004 14.500000000000002 0.32070000000000004 0.34830000000000005 0.73205000000000009 0.68585000000000018 0.84295000000000009 0.72475000000000012 0.74645000000000017 0.71715000000000007 0.56950000000000012 0.6835500000000001 0.8983000000000001 22.500000000000004 0.028777934272300455 0.47415000000000007 0.040238095238095205 0.99005568379481257 0.9916138219366426 0.20060362173038235 0.76255000000000017 0.30900000000000005 0.19805000000000003
decision_type=2 2 2 2 2 2 2 2 2 2 2 2 2 2 2 2 2 2 2 2 2 2 2
left_child=1 2 21 4 -4 -5 -3 9 13 17 15 -12 20 14 -9 -10 -15 19 -19 -2 -11 22 -1
right_child=7 6 3 5 -6 -7 -8 8 10 12 11 -13 -14 16 -16 -17 -18 18 -20 -21 -22 -23 -24
leaf_value=-0.053141040492031937 -0.00063411436416082158 -0.10118718437844523 0.022761990106807573 -0.0044838797429036506 -0.033171487001561945 0.0062797054791642361 -0.0050207199194281819 0.054202809971717496 -0.011658015570039648 -0.082236421001812929 -0.025805159163544353 0.00020402642118423262 0.047406486833838357 0.010848406891150755 -0.060656257265270776 0.037493455565197752 0.058588081384450146 0.069656665709386334 6.2903216554971686e-05 -0.021767769371210142 -0.031866787819228241 -0.061855235537022095 -0.056129471702350102
leaf_weight=2.1534782266244288 1420.1957800434902 2.5872770249843589 75.846858208999038 415.99617821839638 12.495615787804125 507.0154543844983 2.8120938269421458 3.6262502484023562 10.16120897233486 11.068806558847429 60.722430743277073 333.54989922232926 2.94563004374504 7.5300186835229388 4.2245329339057207 38.430947471410036 31.119660393334925 14.163995400071142 1756.7270162920468 141.99935503385495 4.376160603016614 1.4200286213308571 0.80306051671504963
leaf_count=64 9105 13 392 1877 61 2338 28 14 33 60 216 3350 8 54 29 93 91 25 7288 2871 36 17 9
internal_value=-5.85092e-06 0.00206368 0.0023463 0.00260103 0.0148505 0.00142862 -0.0511019 -0.00055606 0.00341011 -0.00113518 -0.000398428 -0.00380168 -0.0494857 0.0396822 -0.00760324 0.0272153 0.0492871 -0.000868401 0.00061953 -0.00255511 -0.0679647 -0.0565168 -0.0539528
internal_weight=4861.97 1021.13 1015.73 1011.35 88.3425 923.012 5.39937 3840.84 489.365 3351.48 442.864 394.272 18.3906 46.5005 7.85078 48.5922 38.6497 3333.09 1770.89 1562.2 15.445 4.37657 2.95654
internal_count=28072 4799 4758 4668 453 4215 41 23273 3880 19393 3692 3566 104 188 43 126 145 19289 7313 11976 96 90 73
is_linear=0
shrinkage=0.05


Tree=280
num_leaves=27
num_cat=0
split_feature=2 3 15 12 15 1 0 15 1 14 15 5 14 1 2 3 14 4 1 5 13 4 0 1 13 15
split_gain=2.01902 16.962 12.2041 10.7066 10.0064 10.2341 10.0036 17.6596 36.55 16.5141 19.1377 13.9844 12.7837 9.59953 17.2197 9.4822 7.23014 6.76037 6.24828 6.02624 4.5765 4.34756 2.04862 0.161349 0.0748063 0.0319615
threshold=5.5000000000000009 2.5000000000000004 26.500000000000004 1.0000000180025095e-35 25.500000000000004 0.79705000000000015 0.23465000000000005 22.500000000000004 0.59730000000000005 32.500000000000007 30.500000000000004 0.52975000000000005 12.500000000000002 0.36940000000000006 2.5000000000000004 1.5000000000000002 28.500000000000004 0.23605000000000004 0.4714000000000001 0.19115000000000001 4.5000000000000009 0.55630000000000013 0.82685000000000008 0.8509500000000001 19.500000000000004 22.500000000000004
decision_type=2 2 2 2 2 2 2 2 2 2 2 2 2 2 2 2 2 2 2 2 2 2 2 2 2 2
left_child=1 6 4 22 5 -3 7 8 -1 10 -8 -11 -9 19 -15 16 -5 24 -19 -4 -18 -6 23 25 -17 -2
right_child=3 2 13 15 21 -7 9 12 -10 11 -12 -13 -14 14 -16 17 20 18 -20 -21 -22 -23 -24 -25 -26 -27
leaf_value=-0.0013023010349028515 -0.06133704322893957 0.018074063652768476 0.064096038245814793 0.057738557897117883 0.054175463999716081 -0.014863974624238788 0.003313065191104646 0.023697298950593717 -0.032159720538522528 0.057391725806663269 -0.057351807291454296 -0.008724231831204866 -0.00082183210398569222 -0.068957853762459123 -0.0024255577718456547 -0.056204773881216266 -0.073322536926015577 -0.011990912491846686 -0.0003312538968338427 0.0079753161947265141 0.025785863103722585 0.0053410263240856919 0.020103127050169943 -0.073495157523920898 -0.071554043645057519 -0.054354457116712523
leaf_weight=285.84088696911931 2.6449042672757024 180.14968396420591 5.4602629207074633 11.894765481352808 23.910132262855772 27.134862344712019 652.10773877624888 57.932593601290137 144.46410996816121 25.244460977613926 13.264821976423262 11.706644011661409 645.31123441748787 12.152827620506285 48.68541032448411 3.9704794809222212 1.975541641935705 120.36952498508617 2529.7466271206504 38.590088540222496 2.8382999435998499 5.6308929985389105 0.864786237478257 1.8872725442051885 0.99213299155235279 4.3084007184952497
leaf_count=2126 36 630 19 28 58 158 2193 281 844 79 67 187 4000 53 235 69 15 1844 14737 176 56 28 3 10 8 132
internal_value=-5.68042e-06 0.00112532 0.0113538 -0.000924145 0.0176422 0.0137623 -0.000778519 -0.00368371 -0.0116619 0.00391046 0.00210365 0.0364452 0.00119803 -0.00284466 -0.0157158 -0.000733725 0.0368147 -0.00097002 -0.000860841 0.0149318 -0.014887 0.044867 -0.0533449 -0.0605296 -0.0592734 -0.0570105
internal_weight=4859.08 2177.59 341.714 2681.49 236.826 207.285 1835.87 1133.55 430.305 702.324 665.373 36.9511 703.244 104.889 60.8382 2671.79 16.7086 2655.08 2650.12 44.0504 4.81384 29.541 9.70536 8.84058 4.96261 6.9533
internal_count=28072 11134 1357 16938 874 788 9777 7251 2970 2526 2260 266 4281 483 288 16757 99 16658 16581 195 71 86 181 178 77 168
is_linear=0
shrinkage=0.05


Tree=281
num_leaves=31
num_cat=0
split_feature=15 0 1 13 13 14 5 2 5 1 0 5 13 15 13 9 13 6 5 2 5 5 0 1 1 13 6 0 9 5
split_gain=2.07519 6.46638 17.8079 20.0248 13.6495 14.5968 10.4693 9.50058 6.8502 6.23603 10.1447 10.035 9.46738 9.43092 12.1928 7.61694 3.31721 7.54836 11.2815 14.8406 8.61503 17.748 9.53948 7.47868 6.49516 12.4896 9.29641 8.948 13.0903 5.92389
threshold=18.500000000000004 0.62680000000000013 0.78415000000000001 5.5000000000000009 4.5000000000000009 12.500000000000002 0.35765000000000008 8.5000000000000018 0.32860000000000006 0.84415000000000007 0.73205000000000009 0.5082000000000001 12.500000000000002 17.500000000000004 2.5000000000000004 -1.0000000180025095e-35 12.500000000000002 0.60120000000000007 0.63510000000000011 12.500000000000002 0.41960000000000003 0.42950000000000005 0.55085000000000017 0.91365000000000018 0.42585000000000001 9.5000000000000018 0.62985000000000013 0.15300000000000002 0.017928571428571401 0.53695000000000015
decision_type=2 2 2 2 2 2 2 2 2 2 2 2 2 2 2 2 2 2 2 2 2 2 2 2 2 2 2 2 2 2
left_child=1 2 4 7 5 -1 -6 -4 -5 13 11 -11 -12 14 -3 -15 24 20 23 -20 22 -22 -18 -19 25 26 -2 28 -26 -27
right_child=16 9 3 8 6 -7 -8 -9 -10 10 12 -13 -14 15 -16 -17 17 18 19 -21 21 -23 -24 -25 27 29 -28 -29 -30 -31
leaf_value=-0.029734317131251072 0.0079588150169117126 0.031231540071550348 0.020746120865671763 -0.041414257797838465 0.019024492681462172 -0.0015046801783219791 -0.0007031862424951783 0.053607333021359019 0.0043035729522224722 -0.011120739179193781 -0.0027127659058576985 0.054422251742216612 -0.054872060157875213 -0.016801143700896422 -0.030887680391008428 -0.086129631222905692 0.0021787605411832411 -0.05882468398892278 0.023174910625829187 -0.020819530974036542 0.051674619277798255 0.0071133066747448362 -0.023874301542508084 0.018724569039268377 0.0030075805060117275 -0.01790954890485837 -0.057667210245535262 -0.0015348781957485345 -0.024142203492140982 0.033027660121486134
leaf_weight=53.275496639311314 430.96537660108879 13.187446337193249 53.479488048702478 10.287303686141966 135.79419124685228 325.97562075732276 133.23730622394942 37.360525108873844 40.257622059434652 9.5902976542711276 146.99888717755675 14.933268159627913 9.2469979487359506 7.6077306158840665 19.699328204616904 8.2670190660282934 462.53847907402087 16.359350362326953 33.251133719284553 45.261227293638512 24.883676726836711 218.99088008108083 38.023963432759047 3.8383615911006919 75.257501808926463 76.178243616479449 5.4648136007599524 2289.3168067509541 108.27099423902109 6.1702286794316015
leaf_count=233 2861 47 209 41 583 1264 858 94 145 42 971 37 65 33 122 55 2487 229 363 439 109 1434 149 10 455 752 53 13043 622 267
internal_value=-5.69631e-06 0.00199965 0.00414684 0.0202249 0.000640346 -0.00547025 0.0092544 0.0342612 -0.00500128 -0.00538742 -0.00110707 0.0287907 -0.00579968 -0.0212556 -0.00597816 -0.052905 -0.000538675 0.00223138 -0.0107607 -0.00218724 0.00395409 0.0116601 0.000199705 -0.0440873 -0.00131938 0.00376712 0.00713707 -0.00238647 -0.0130092 -0.0140929
internal_weight=4853.97 1019.2 789.668 141.385 648.283 379.251 269.031 90.84 50.5449 229.531 180.769 24.5236 156.246 48.7615 32.8868 15.8747 3834.77 843.147 98.7101 78.5124 744.437 243.875 500.562 20.1977 2991.62 518.779 436.43 2472.85 183.528 82.3485
internal_count=28072 4799 3427 489 2938 1497 1441 303 186 1372 1115 79 1036 257 169 88 23273 5220 1041 802 4179 1543 2636 239 18053 3933 2914 14120 1077 1019
is_linear=0
shrinkage=0.05


Tree=282
num_leaves=24
num_cat=0
split_feature=0 0 5 4 7 15 15 4 0 2 4 9 15 5 7 5 7 4 5 15 5 4 7
split_gain=1.99632 7.25101 7.6364 6.2911 4.86913 5.49115 4.54358 4.01309 4.07022 3.83184 6.3627 6.45017 9.39336 6.01945 6.22079 5.10839 3.89986 10.2908 6.03644 3.79898 1.05786 0.0111766 0.00218351
threshold=0.091750000000000012 0.090300000000000005 0.57735000000000014 0.51805000000000001 0.37415000000000004 30.500000000000004 20.500000000000004 0.55215000000000003 0.06745000000000001 1.5000000000000002 0.43285000000000007 0.99975502204801581 18.500000000000004 0.34335000000000004 0.55845000000000011 0.13075000000000001 0.53695000000000015 0.53410000000000013 0.17930000000000004 15.500000000000002 0.36980000000000007 0.29460000000000003 0.26205000000000006
decision_type=2 2 2 2 2 2 2 2 2 2 2 2 2 2 2 2 2 2 2 2 2 2 2
left_child=1 2 7 4 5 -3 -6 19 -9 10 13 12 -12 14 -2 21 17 -17 -18 -1 -13 22 -11
right_child=9 3 -4 -5 6 -7 -8 8 -10 15 11 20 -14 -15 -16 16 18 -19 -20 -21 -22 -23 -24
leaf_value=0.046155575798369819 -0.0031815755721513956 0.024704460631925905 0.054285163332994137 0.029048766995378623 -0.011074961746442352 -0.070107979449426372 -0.088328164699239764 -0.092632148960217764 -0.0016950688284060246 -0.051197429225542983 -0.024350226277842377 0.064368297576549577 0.042375651499507713 -0.049974795508886255 0.050454861546876423 0.0013340565136450593 0.040075836895076246 0.027709758591731162 -0.0012556802038579497 -0.0031494954129152038 0.038032431092192981 -0.059403769649742311 -0.054076452733686109
leaf_weight=3.9730210267007342 34.15627642441541 3.9108505975455108 5.9070285223424426 3.343307936564087 2.5719611207023245 2.5054548159241676 7.3207923416048288 2.5033524073660365 2.4199917390942574 0.90912901214323882 10.662856139242651 7.7039730399847013 10.437128413468598 5.6041439771652213 6.4223201572895041 1783.0992873437935 8.8633810952305776 37.764600901864469 2666.2672138873022 234.46900606120471 7.5498548746109009 0.96371487295255054 2.3896184875629842
leaf_count=16 173 33 19 17 38 24 53 18 14 53 42 14 28 26 14 8742 25 98 16771 1773 18 13 50
internal_value=-5.57752e-06 -0.00419242 -0.00188714 -0.0334328 -0.0462414 -0.0123181 -0.0682435 -0.00325056 -0.0479335 0.000240112 0.010916 0.026563 0.0086558 -0.00140094 0.00530739 4.43122e-05 9.61815e-05 0.00188109 -0.00111874 -0.00232795 0.0513334 -0.0546669 -0.053283
internal_weight=4851.72 268.925 249.272 19.6524 16.3091 6.41631 9.89275 243.365 4.92334 4582.79 82.5366 36.3538 21.1 46.1827 40.5786 4500.26 4495.99 1820.86 2675.13 238.442 15.2538 4.26246 3.29875
internal_count=28072 2005 1840 165 148 57 91 1821 32 26067 315 102 70 213 187 25752 25636 8840 16796 1789 32 116 103
is_linear=0
shrinkage=0.05


Tree=283
num_leaves=21
num_cat=0
split_feature=2 6 7 13 6 2 6 13 2 15 0 6 0 2 0 3 8 3 7 14
split_gain=1.97014 4.64832 10.7423 5.73479 3.28974 2.83412 4.05947 3.38443 2.80795 8.40038 8.16559 4.34084 2.70278 2.18174 8.82693 7.24524 1.72609 1.72243 1.06362 0.00576352
threshold=23.500000000000004 0.7108000000000001 0.93420000000000014 10.500000000000002 0.80230000000000012 22.500000000000004 0.83795000000000008 11.500000000000002 21.500000000000004 26.500000000000004 0.84415000000000007 0.5656000000000001 0.91780000000000006 10.500000000000002 0.52040000000000008 5.5000000000000009 1.0000000180025095e-35 11.500000000000002 0.89510000000000012 36.500000000000007
decision_type=2 2 2 2 2 2 2 2 2 2 2 2 2 2 2 2 2 2 2 2
left_child=5 -2 17 -4 -5 8 7 -7 13 11 -11 -10 19 15 -15 -1 -14 18 -3 -8
right_child=1 2 3 4 -6 6 12 -9 9 10 -12 -13 16 14 -16 -17 -18 -19 -20 -21
leaf_value=0.00014695482669758441 0.047973996771195779 0.0092864740710891774 0.09519267779467161 -0.084179307164021222 0.016289109317994814 -0.08389042789956902 0.056367004413476821 -0.013276562870519952 0.13713426863755449 -0.048129176997318189 0.027005376757442086 0.041455281833991282 -0.066575031199013202 -0.0083095324685382357 0.00089692633124277077 0.014168253046354724 0.0069933160916764506 -0.080159021080797976 -0.056937559088613449 0.050579252444724478
leaf_weight=3466.9760006458964 7.1453831680119064 1.1742672212421923 2.304860085248948 0.86641322076320548 13.673451860435307 3.5272802636027318 0.60141110420227084 3.2699004374444485 1.4473248422145868 6.2735725580714634 8.5370014477521163 6.5515112923458219 1.2478266432881358 375.55632167775184 848.74741613515653 94.648423558450304 2.2082705181092024 3.3663527294993401 1.2535676918923853 1.5103996340185402
leaf_count=18924 23 15 7 9 367 19 2 19 4 69 71 74 9 2720 5193 420 39 23 17 48
internal_value=-5.20354e-06 0.0128148 0.00171767 0.0219178 0.0103023 -8.44041e-05 -0.0239913 -0.0499204 -2.29304e-05 0.0174786 -0.00482067 0.0587676 0.00766242 -0.000106341 -0.00192716 0.000519564 -0.0195686 -0.0570078 -0.0249071 0.0522275
internal_weight=4850.89 29.7843 22.6389 16.8447 14.5399 4821.1 12.3651 6.79718 4808.74 22.8094 14.8106 7.99884 5.56791 4785.93 1224.3 3561.62 3.4561 5.79419 2.42783 2.11181
internal_count=28072 461 438 383 376 27611 136 38 27475 218 140 78 98 27257 7913 19344 48 55 32 50
is_linear=0
shrinkage=0.05


Tree=284
num_leaves=19
num_cat=0
split_feature=13 13 4 15 4 15 0 1 15 0 1 1 13 9 0 15 4 0
split_gain=1.91458 5.25396 4.75548 3.99302 2.48282 3.5225 3.50763 3.51481 2.0898 5.9669 17.9698 5.80601 4.0053 8.43491 3.47755 0.0198035 0.00831117 0.00497308
threshold=27.500000000000004 31.500000000000004 0.42645000000000005 20.500000000000004 0.18560000000000001 29.500000000000004 0.080550000000000024 0.36940000000000006 18.500000000000004 0.62680000000000013 0.78415000000000001 0.84415000000000007 23.500000000000004 0.54110360360360377 0.72475000000000012 28.500000000000004 0.17190000000000003 0.17975000000000002
decision_type=2 2 2 2 2 2 2 2 2 2 2 2 2 2 2 2 2 2
left_child=4 2 3 -2 5 15 16 -8 9 10 -6 -11 14 -14 -10 17 -7 -1
right_child=1 -3 -4 -5 8 6 7 -9 12 11 -12 -13 13 -15 -16 -17 -18 -19
leaf_value=-0.05220624269453096 -0.092506615475913101 0.029538167373218419 0.015012636175361173 -0.023032780287772281 0.00073725624510451735 -0.052062767959689629 0.022057153996672421 -0.053980570325492222 -0.0011817179555153416 -0.020326648343709442 0.020719142430762321 -0.00082970507980820824 0.034155500337797171 -0.0087936238714857919 0.0033399340521638263 -0.062182344129439404 -0.057571500616454309 -0.057283046125681331
leaf_weight=3.8036709626903784 3.8335765767842549 4.3786811344325534 3.4190414398908606 4.4913139753043652 644.51713875331916 1.6358719868585458 8.5592051623389107 1.8479070453904558 3270.3227201103 48.427996763028204 136.31145676039159 180.5200987290591 24.671086614020169 21.302641561254859 488.77903837710619 0.65378739591687907 1.1775723625905812 0.5524341370910405
leaf_count=169 25 18 13 27 2893 68 53 52 18781 257 475 1113 111 97 3880 11 22 7
internal_value=-4.89113e-06 -0.0172064 -0.0346349 -0.0550252 5.2491e-05 -0.0183647 -0.00483505 0.00855575 0.000122224 0.00214431 0.00422555 -0.00495377 -0.00041439 0.0142544 -0.000593788 -0.0540679 -0.0543685 -0.0528501
internal_weight=4849.21 16.1226 11.7439 8.32489 4833.08 18.2304 13.2206 10.4071 4814.85 1009.78 780.829 228.948 3805.08 45.9737 3759.1 5.00989 2.81344 4.35611
internal_count=28072 83 65 52 27989 382 195 105 27607 4738 3368 1370 22869 208 22661 187 90 176
is_linear=0
shrinkage=0.05


Tree=285
num_leaves=15
num_cat=0
split_feature=4 7 0 4 13 0 0 0 13 2 15 7 1 14
split_gain=1.91248 8.9393 2.87728 3.26624 3.33449 3.53915 2.74991 5.13124 2.40028 2.34527 2.29632 1.98174 0.550167 5.70986e-05
threshold=0.86815000000000009 0.94030000000000014 0.9487000000000001 0.84325000000000017 2.5000000000000004 0.93140000000000012 0.85500000000000009 0.70710000000000017 1.0000000180025095e-35 26.500000000000004 30.500000000000004 0.77300000000000013 0.93215000000000015 21.500000000000004
decision_type=2 2 2 2 2 2 2 2 2 2 2 2 2 2
left_child=2 -2 3 9 -5 -6 7 -3 -9 10 -1 -11 -8 -14
right_child=1 6 -4 4 5 -7 12 8 -10 11 -12 -13 13 -15
leaf_value=0.00041813809904735541 -0.079615361708916976 0.0272236832735131 -0.051061822151499285 -0.048413124212871209 0.02966534185742355 -0.050988957384905567 0.0093835696222959505 -0.00656134723414492 -0.074022518139428839 0.067612770821895332 -0.0026212742763788888 0.01048998642838928 0.051459359061535898 0.050985993000124845
leaf_weight=4061.8899476038059 4.2554147019982347 4.7670823037624341 2.7512203529477111 1.7080940827727342 19.984334518201653 1.4594732355326403 1.0986015349626552 2.3675172738730907 2.9759139623492956 2.2518226355314246 733.6774764804868 4.6613325057551265 1.7185207419097426 1.0123018361628053
leaf_count=22672 25 16 16 8 304 23 13 17 17 5 4821 90 24 21
internal_value=-4.70903e-06 -0.0161844 5.62629e-05 8.54067e-05 0.0188205 0.024176 0.00317898 -0.0104882 -0.0441325 -4.91198e-06 -4.68639e-05 0.0290966 0.0392633 0.0512839
internal_weight=4846.58 18.1954 4828.38 4825.63 23.1519 21.4438 13.9399 10.1105 5.34343 4802.48 4795.57 6.91316 3.82942 2.73082
internal_count=28072 133 27939 27923 335 327 108 50 34 27588 27493 95 58 45
is_linear=0
shrinkage=0.05


Tree=286
num_leaves=26
num_cat=0
split_feature=13 14 6 6 1 14 0 1 0 14 14 1 0 0 6 15 15 6 1 2 6 6 0 6 3
split_gain=1.85628 4.79305 9.0092 7.99538 7.48051 7.83453 6.35072 6.62707 5.41724 4.08272 2.59172 12.9635 9.58421 18.4475 10.9038 6.45089 14.9887 21.2721 9.78525 17.0268 14.1686 8.1175 5.94586 4.45268 1.40254
threshold=1.0000000180025095e-35 28.500000000000004 0.22345000000000004 0.24845000000000003 0.8198000000000002 36.500000000000007 0.27055000000000001 0.53710000000000002 0.23000000000000001 16.500000000000004 20.500000000000004 0.23305000000000003 0.62680000000000013 0.64405000000000012 0.44575000000000004 24.500000000000004 25.500000000000004 0.48050000000000004 0.31340000000000007 2.5000000000000004 0.4592500000000001 0.39415000000000006 0.10840000000000001 0.22755000000000003 2.5000000000000004
decision_type=2 2 2 2 2 2 2 2 2 2 2 2 2 2 2 2 2 2 2 2 2 2 2 2 2
left_child=1 2 9 -3 5 -5 8 -8 -4 -1 11 22 14 -14 -13 18 17 -17 19 -12 -20 -18 23 -2 -11
right_child=10 3 6 4 -6 -7 7 -9 -10 24 15 12 13 -15 -16 16 21 -19 20 -21 -22 -23 -24 -25 -26
leaf_value=0.014291210430016155 -0.005975595073128487 0.028740854092728627 0.01812932971031872 -0.063397214482830186 0.040708293241665548 0.021920535014794892 -0.02451197821740864 0.0099569034783387484 0.060760520585985911 -0.066176209860692711 0.0052616150055013267 -0.0026840444015425588 -0.054664349713202588 -0.0068560240947865064 0.0072770241383039074 -0.031965417807970069 0.0043418936346597235 0.0024772133933638452 0.010023274260003351 -0.03703045723460998 -0.00094055507432891827 -0.0037966749744447591 0.09865900225626574 0.039269783881981872 -0.013687730122327314
leaf_weight=2.9008198445662838 8.1215736009180599 7.5839540502056506 38.217407771386206 12.73765868786723 2.9911617897450915 3.4113893425092092 16.691964145749807 84.723238488659263 9.2567706592380983 6.1250462806783617 59.298833429347724 1312.1639794337098 21.839058257639408 265.22664594743401 347.48351879790425 91.148659035097808 640.34620032773819 88.215047909528948 601.30746749369428 39.753195662051439 577.85805409471504 587.46800158836413 3.0201776549220076 16.454628862440586 1.6065141819417474
leaf_count=14 72 27 147 103 19 23 60 312 24 63 377 5765 132 1148 1179 560 3151 735 2618 610 5072 5765 8 73 15
internal_value=-4.27625e-06 0.00489056 0.00817358 -0.0147065 -0.0319217 -0.0453744 0.0113489 0.00428366 0.0264418 -0.0362916 -0.00019992 -0.00157517 -0.00205756 -0.0104931 -0.000598477 0.000811167 -0.00152446 -0.0150258 0.00338244 -0.0117117 0.00465038 0.000447861 0.0324538 0.0243178 -0.0552698
internal_weight=4845.95 186.246 159.522 26.7242 19.1402 16.149 148.889 101.415 47.4742 10.6324 4659.71 1974.31 1946.71 287.066 1659.65 2685.4 1407.18 179.364 1278.22 99.052 1179.17 1227.81 27.5964 24.5762 7.73156
internal_count=28072 807 635 172 145 126 543 372 171 92 27265 8377 8224 1280 6944 18888 10211 1295 8677 987 7690 8916 153 145 78
is_linear=0
shrinkage=0.05


Tree=287
num_leaves=23
num_cat=0
split_feature=0 0 14 5 3 14 7 2 15 15 15 7 5 5 14 0 7 5 5 14 7 7
split_gain=1.8574 6.65086 11.7065 6.99549 6.61584 4.56683 3.9787 3.36959 5.47342 12.7429 7.50162 7.20982 5.60973 4.7628 3.89691 8.71821 4.30185 2.18811 2.03422 0.849 0.00645866 0.00132401
threshold=0.091750000000000012 0.090300000000000005 36.500000000000007 0.57735000000000014 4.5000000000000009 11.500000000000002 0.56950000000000012 1.5000000000000002 21.500000000000004 24.500000000000004 20.500000000000004 0.59175000000000011 0.25555000000000011 0.13075000000000001 10.500000000000002 0.44060000000000005 0.53695000000000015 0.27075000000000005 0.23845000000000002 13.500000000000002 0.38955000000000006 0.26205000000000006
decision_type=2 2 2 2 2 2 2 2 2 2 2 2 2 2 2 2 2 2 2 2 2 2
left_child=1 3 6 4 5 -1 17 8 10 19 11 -2 -11 20 15 -15 -16 -3 -6 -10 21 -9
right_child=7 2 -4 -5 18 -7 -8 13 9 12 -12 -13 -14 14 16 -17 -18 -19 -20 -21 -22 -23
leaf_value=0.024471233630810801 -0.004161405418608875 -0.054976062213256377 0.036195182694276573 0.052782823107822709 0.004045603317724555 -0.0064037422122515874 -0.013210537233321573 -0.051091018681174508 -0.09602597572888831 -0.02066283087788327 0.068900165713669151 0.033062846132612393 0.037973078727698138 -0.022934346988476816 0.0021453317656738541 0.026190650267605548 -0.001025537714258794 -0.10379347776885069 0.056067342748599681 -0.057679924874348337 -0.056746431556255986 -0.053584435188707216
leaf_weight=12.661391065223141 29.950510133057833 6.9981863168068248 4.7115503773093215 5.7232053317129603 2.7448052875697595 221.51987861422822 4.1738254628144196 0.83193011791445259 2.408856704831126 7.3296765834093121 6.5055940337479106 22.995393093675375 9.1974476519972068 44.695881605613977 1802.1026283032261 11.318682618439196 2631.6845998791978 3.4157885052263737 5.9586467295885086 3.6017524795606732 1.7008164140861479 1.4787524659186599
leaf_count=96 141 84 21 19 17 1666 29 53 12 36 14 62 28 215 8733 42 16646 31 42 22 25 38
internal_value=-4.61321e-06 -0.00405107 -0.0323261 -0.00185609 -0.00314358 -0.00473444 -0.054457 0.000232302 0.0102774 -0.0107046 0.0182316 0.0120058 0.0119684 4.903e-05 9.76856e-05 -0.0130078 0.000263255 -0.0709882 0.0396613 -0.0730478 -0.054408 -0.0526867
internal_weight=4843.71 267.907 19.2994 248.608 242.885 234.181 14.5878 4575.8 81.9892 22.5377 59.4515 52.9459 16.5271 4493.81 4489.8 56.0146 4433.79 10.414 8.70345 6.01061 4.0115 2.31068
internal_count=28072 2005 165 1840 1821 1762 144 26067 315 98 217 203 64 25752 25636 257 25379 115 59 34 116 91
is_linear=0
shrinkage=0.05


Tree=288
num_leaves=18
num_cat=0
split_feature=13 0 7 4 6 15 0 5 1 6 3 5 3 15 7 4 15
split_gain=1.80167 4.89798 2.49273 2.20219 4.17634 4.09975 3.58104 3.14138 4.2155 4.1768 5.03207 2.70835 1.77557 0.0189011 0.0144849 0.00829049 0.00187641
threshold=27.500000000000004 0.18810000000000002 0.47415000000000007 0.18560000000000001 0.16360000000000002 29.500000000000004 0.080550000000000024 0.13075000000000001 0.20415000000000003 0.15480000000000002 1.0000000180025095e-35 0.17715000000000003 1.0000000180025095e-35 38.500000000000007 0.34700000000000003 0.29460000000000003 14.500000000000002
decision_type=2 2 2 2 2 2 2 2 2 2 2 2 2 2 2 2 2
left_child=3 12 -3 4 5 16 -7 8 -5 10 -9 -11 -2 14 -6 -10 -1
right_child=1 2 -4 7 13 6 -8 9 15 11 -12 -13 -14 -15 -16 -17 -18
leaf_value=-0.056058384144479924 0.042188246114760193 -0.078964806803643053 -0.022855132662770533 0.024966968188702726 -0.054086576274292142 -0.053200923827894701 0.026979883929601767 -0.023565397042552658 -0.054236871080049688 -0.0097657210740077997 0.023129969385322528 0.00017254167648105925 -0.0085287998551331606 -0.064109916165502212 -0.061044736466639597 -0.058587829323692331 -0.052311258417467747
leaf_weight=0.38083469867706599 3.1969736106693736 2.9268598817288858 6.1149638369679451 2.3185819871723643 2.9890154927270483 1.681755577912553 8.0975734663661552 6.8651460716500869 3.9823493997100741 69.569721880368888 36.151474170852453 4688.7988553169416 3.7499142829328775 0.83276567421853531 0.99755748361349095 1.5099633492063729 2.7222505296813324
leaf_count=4 12 19 28 19 95 64 70 104 99 504 175 26686 24 8 11 20 130
internal_value=-4.38533e-06 -0.0167609 -0.041018 5.11192e-05 -0.0175521 -0.00269768 0.0131912 0.000115913 -0.0315671 0.000167455 0.0156777 2.72393e-05 0.0148113 -0.0572588 -0.0558277 -0.055433 -0.0527711
internal_weight=4842.89 15.9887 9.04182 4826.9 17.7018 12.8824 9.77933 4809.2 7.81089 4801.39 43.0166 4758.37 6.94689 4.81934 3.98657 5.49231 3.10309
internal_count=28072 83 47 27989 382 268 134 27607 138 27469 279 27190 36 114 106 119 134
is_linear=0
shrinkage=0.05


Tree=289
num_leaves=24
num_cat=0
split_feature=6 7 5 14 3 1 9 5 7 7 3 2 0 0 13 1 0 0 7 1 7 1 7
split_gain=1.73188 4.41469 4.09145 8.39266 12.6341 10.9048 4.98998 6.13768 4.90981 12.4102 10.9295 4.49558 4.41898 4.07279 4.02986 3.96797 14.6417 8.3345 5.3653 3.89117 8.3223 4.38204 1.40283
threshold=0.76830000000000009 0.77580000000000016 0.72175000000000011 36.500000000000007 2.5000000000000004 0.66145000000000009 0.99975502204801581 0.73125000000000007 0.94030000000000014 0.90525000000000011 5.5000000000000009 25.500000000000004 0.73205000000000009 0.67030000000000012 13.500000000000002 0.73505000000000009 0.57360000000000011 0.44060000000000005 0.93910000000000016 0.8136500000000001 0.85270000000000012 0.8983000000000001 0.94205000000000017
decision_type=2 2 2 2 2 2 2 2 2 2 2 2 2 2 2 2 2 2 2 2 2 2 2
left_child=2 -2 8 6 5 -5 7 -4 9 11 -11 -1 -6 -8 22 16 17 -3 -18 20 -17 -21 -10
right_child=1 15 3 4 12 -7 13 -9 14 10 -12 -13 -14 -15 -16 19 18 -19 -20 21 -22 -23 -24
leaf_value=-0.00015921759156715552 0.048791723494021055 0.016584934807137387 -0.024604225727229409 -0.05109582511442036 -0.058071642816877225 0.20320970998531154 0.0024786905236397878 0.025888973474058039 -0.029654333776189742 0.005980055287031185 0.072371779227751593 0.058274823512515207 -0.021949891254762655 -0.026177200835832443 0.0094390922035120142 0.056336420926245336 0.094257054814940885 -0.049860587889761859 0.022576716608480318 0.015556431604231761 -0.023653483641988635 -0.00096921496660999228 -0.080011003637126488
leaf_weight=4398.8501006738516 5.3476760387420645 14.911998336203398 7.7969333813525727 0.69839805224910279 13.047510217176749 1.0634089354425666 27.574434303678572 26.383375055622309 2.213183531071989 14.138463755603881 11.038600193336604 3.2939663976430884 24.117256908677518 22.531153805553913 3.0795418927446008 3.645125374197959 6.7049165908247215 6.9046138990670434 4.2750541064888239 53.916165509261191 30.129008252173662 156.70510783605278 3.6871586004272103
leaf_count=23289 16 70 46 42 358 6 117 129 14 139 44 9 142 82 19 8 15 98 32 567 253 2531 46
internal_value=-4.42723e-06 0.00379427 -0.000239821 -0.00922719 -0.0284292 0.1024 -0.000358934 0.0143709 9.79132e-06 8.47043e-05 0.0350888 -0.000115493 -0.0346312 -0.0104071 -0.0369243 0.00292616 0.0192565 -0.00444403 0.0663483 0.000734709 -0.0150205 0.00326112 -0.0611225
internal_weight=4842.05 282.54 4559.51 123.212 38.9266 1.76181 84.2859 34.1803 4436.3 4427.32 25.1771 4402.14 37.1648 50.1056 8.97988 277.192 32.7966 21.8166 10.98 244.395 33.7741 210.621 5.90034
internal_count=28072 3590 24482 922 548 48 374 175 23560 23481 183 23298 500 199 79 3574 215 168 47 3359 261 3098 60
is_linear=0
shrinkage=0.05


Tree=290
num_leaves=19
num_cat=0
split_feature=4 15 0 0 5 5 13 0 2 2 0 9 0 4 4 15 0 2
split_gain=1.72188 3.37928 3.93349 4.10946 4.21868 2.89627 3.25473 3.58244 2.263 2.11027 2.18362 3.12634 2.44045 1.45855 3.26489 1.44557 0.422194 0.27549
threshold=0.86815000000000009 15.500000000000002 0.85960000000000003 0.66145000000000009 0.92910000000000015 0.84325000000000017 2.5000000000000004 0.93140000000000012 12.500000000000002 26.500000000000004 0.92405000000000015 -1.0000000180025095e-35 0.87690000000000012 0.70435000000000014 0.79775000000000007 25.500000000000004 0.91365000000000018 27.500000000000004
decision_type=2 2 2 2 2 2 2 2 2 2 2 2 2 2 2 2 2 2
left_child=5 -2 3 -3 -5 9 -7 8 -8 10 12 -12 -1 -11 -15 16 -4 -9
right_child=1 2 15 4 -6 6 7 17 -10 13 11 -13 -14 14 -16 -17 -18 -19
leaf_value=-0.00017519007893539377 0.032514947552402952 -0.0052466158188778592 -0.029809642303002811 -0.11064699051342418 -0.028565571887555759 -0.050725377080235404 0.05732003234114115 -0.04359598199529946 0.019446944533055458 0.064236532751460532 0.01050291368633207 -0.052297399960213042 0.0086917551286599497 -0.02791976016988755 0.054512472635804367 0.053553826934764182 0.012196952631794355 -0.013280677210654788
leaf_weight=4705.3805668973364 3.0544070824980762 4.6836908906698209 1.1281521394848817 2.9519191812723875 3.3327922932803631 1.6351295411586786 5.5113022457808318 1.5067778453230851 13.871784693561493 1.9590654373168934 3.414034828543663 4.7238388862460834 78.901195512153208 2.4168997369706631 2.3880677223205566 1.6226318255066869 1.2732550166547296 1.490961382165551
leaf_count=26340 16 22 13 16 21 7 36 9 267 5 28 74 1062 20 70 26 19 21
internal_value=-4.59308e-06 -0.0154202 -0.025186 -0.0406985 -0.0671191 5.3087e-05 0.0173734 0.0223487 0.0302156 -3.35869e-05 -7.29764e-05 -0.0259511 -2.89586e-05 0.0278745 0.013049 0.0170968 -0.00753724 -0.0285183
internal_weight=4841.25 18.0468 14.9924 10.9684 6.28471 4823.2 24.016 22.3808 19.3831 4799.18 4792.42 8.13787 4784.28 6.76403 4.80497 4.02404 2.40141 2.99774
internal_count=28072 133 117 59 37 27939 340 333 303 27599 27504 102 27402 95 90 58 32 30
is_linear=0
shrinkage=0.05


Tree=291
num_leaves=26
num_cat=0
split_feature=7 4 1 4 1 13 15 2 1 3 13 1 4 15 4 0 13 8 0 13 0 7 4 7 0
split_gain=1.76302 10.2681 11.067 9.39547 8.8968 14.6444 10.1785 7.69036 7.09859 6.48671 11.6668 20.5935 24.1432 18.6091 11.3169 8.65611 17.8327 16.9319 7.62763 14.616 9.42311 3.6131 1.59973 0.611345 0.43175
threshold=0.53695000000000015 0.53410000000000013 0.79705000000000015 0.51900000000000002 0.83045000000000013 22.500000000000004 16.500000000000004 4.5000000000000009 0.91365000000000018 1.5000000000000002 3.5000000000000004 0.75380000000000014 0.45510000000000006 29.500000000000004 0.32465000000000005 0.4714000000000001 16.500000000000004 1.0000000180025095e-35 0.39500000000000007 4.5000000000000009 0.31340000000000007 0.5122000000000001 0.54950000000000021 0.52420000000000011 0.28280000000000005
decision_type=2 2 2 2 2 2 2 2 2 2 2 2 2 2 2 2 2 2 2 2 2 2 2 2 2
left_child=1 3 21 4 6 -6 -1 24 -4 14 11 13 -13 -11 -2 16 -12 -17 20 -20 -16 -3 -23 -9 -5
right_child=9 2 8 7 5 -7 -8 23 -10 10 15 12 -14 -15 18 17 -18 -19 19 -21 -22 22 -24 -25 -26
leaf_value=0.012155579680342594 0.046467264369031855 0.023136738248901299 -0.058015629194403562 -0.016497127133745081 0.015162738727985653 -0.057338242213238882 -0.0012005476543460996 -0.089809941985750333 0.022544746002783431 0.021465063509762308 -0.0099711507575136089 -0.06989700486447499 0.00079596970578274257 -0.030659174666681943 -0.0078083034531234736 -0.0079545652354068731 0.01282000957365536 0.0052090266912154324 -0.03012909107050786 0.015052102881813904 0.012468097095683299 0.07573503356601359 0.043601710182228477 -0.05993920427501729 0.0057403579287029719
leaf_weight=155.70653570443392 10.019754268229006 12.307308030314745 5.2386850416660291 5.0285668820142728 159.09506854787469 7.2839086875319472 1700.8363630316453 3.9800212141126385 5.7202559113502502 224.44566948059946 535.90954130992759 12.64539618976414 269.00988603197038 18.537497876212001 299.76579316111747 360.09233379689977 102.19356088805944 759.57607917150017 76.213652279227972 23.394569054245949 70.840876356698573 7.63080060854554 7.8657984733581543 3.007090606726706 3.8568856120109558
leaf_count=590 29 32 20 22 505 31 9507 22 15 720 4687 76 1078 197 1704 2435 576 5175 282 90 221 16 18 13 11
internal_value=-4.11623e-06 0.00109629 0.0265891 0.000611603 0.000912264 0.0119887 -8.03816e-05 -0.0377069 -0.0159654 -0.00083164 0.000279707 0.00682307 -0.00237791 0.0174884 -0.00611354 -0.00167328 -0.0063211 0.000975534 -0.00723397 -0.0195176 -0.0039325 0.043362 0.0594247 -0.0769543 -0.00684456
internal_weight=4840.2 2077.56 38.7628 2038.79 2022.92 166.379 1856.54 15.8726 10.9589 2762.64 2282.41 524.638 281.655 242.983 480.235 1757.77 638.103 1119.67 470.215 99.6082 370.607 27.8039 15.4966 6.98711 8.88545
internal_count=28072 10802 101 10701 10633 536 10097 68 35 17270 14944 2071 1154 917 2326 12873 5263 7610 2297 372 1925 66 34 35 33
is_linear=0
shrinkage=0.05


Tree=292
num_leaves=24
num_cat=0
split_feature=2 12 12 2 4 5 4 14 4 7 4 7 7 13 4 14 2 5 1 13 14 1 2
split_gain=1.76204 9.94476 7.65934 11.214 6.46624 6.14029 5.449 12.2988 6.11268 4.69159 8.64989 12.2191 7.27972 9.10996 5.32996 1.03768 0.983592 0.806806 0.180687 0.0649713 0.0199507 0.0197301 0.0100569
threshold=5.5000000000000009 1.0000000180025095e-35 1.0000000180025095e-35 3.5000000000000004 0.23605000000000004 0.31520000000000009 0.43795000000000006 23.500000000000004 0.46710000000000007 0.71835000000000016 0.46895000000000003 0.75160000000000016 0.68800000000000006 13.500000000000002 0.63510000000000011 19.500000000000004 4.5000000000000009 0.25555000000000011 0.8509500000000001 19.500000000000004 23.500000000000004 0.41280000000000006 9.5000000000000018
decision_type=2 2 2 2 2 2 2 2 2 2 2 2 2 2 2 2 2 2 2 2 2 2 2
left_child=2 15 3 5 19 17 7 -6 -8 12 -11 -12 14 -14 -4 -2 -5 -1 20 22 -17 -18 -3
right_child=1 4 9 16 6 -7 8 -9 -10 10 11 -13 13 -15 -16 18 21 -19 -20 -21 -22 -23 -24
leaf_value=0.0046392888639728083 -0.019749051920944623 -0.054070920695983571 0.0011919963109228279 -0.0074826386537415572 -0.012523654218463014 0.090604989378695086 0.0080941907123358806 0.00065441933759976091 -0.00025530122216256085 0.050983126240022041 -0.036041267208934288 -0.0018751493341228052 0.022741063227672238 -0.056798093484789737 -0.020697282806098276 -0.062509856590372601 -0.055588177993860427 0.039927783864817247 -0.074913190565683394 -0.070466027097519521 -0.055060707817142167 -0.064833112373190269 -0.059488267481821559
leaf_weight=3.2714022714644688 1.9329982362687568 2.5017325468361373 1910.8835751927691 1.4808384364005172 278.26648616138846 6.6101793292909861 253.07581373490393 486.75757021270692 1637.8793542219792 5.9882339015603057 34.845346299232915 105.09766248427331 60.316297954879701 3.8284319285303345 28.220697000622749 1.1212807446718214 1.5123263611458244 3.2081366628408432 1.7527903318405149 0.96271907538175572 4.5309837295208126 0.93324536643922318 1.3028527749702332
leaf_count=21 16 56 9424 16 1266 20 1070 2623 11721 15 208 983 252 31 112 8 31 10 8 8 149 11 13
internal_value=-3.9233e-06 -0.000863548 0.00105566 0.0344692 -0.000682776 0.0566999 -0.000578347 -0.00413892 0.000862152 0.00079111 -0.00786429 -0.0103824 0.00142163 0.0179938 0.000873431 -0.052372 -0.0396426 0.0221113 -0.0608878 -0.0588623 -0.0565384 -0.0591161 -0.0559261
internal_weight=4836.28 2670.08 2166.2 17.0161 2660.75 13.0897 2655.98 765.024 1890.96 2149.18 145.931 139.943 2003.25 64.1447 1939.1 9.33805 3.92641 6.47954 7.40505 4.7673 5.65226 2.44557 3.80459
internal_count=28072 16938 11134 109 16757 51 16680 3889 12791 11025 1206 1191 9819 283 9536 181 58 31 165 77 157 42 69
is_linear=0
shrinkage=0.05


Tree=293
num_leaves=19
num_cat=0
split_feature=0 7 4 5 15 4 0 1 15 1 8 1 7 0 4 13 0 7
split_gain=1.69991 6.58433 4.69685 7.55168 7.12067 5.66447 4.34306 6.67014 11.2622 4.09525 3.45831 3.35945 2.20593 10.3408 9.10454 1.31349 0.281206 0.0396482
threshold=0.053100000000000008 0.63705000000000012 0.23015000000000005 0.25675000000000009 33.500000000000007 0.34830000000000005 0.056100000000000004 0.20415000000000003 35.500000000000007 0.18900000000000003 1.0000000180025095e-35 0.13965000000000002 0.53695000000000015 0.06745000000000001 0.53410000000000013 29.500000000000004 0.06745000000000001 0.42025000000000007
decision_type=2 2 2 2 2 2 2 2 2 2 2 2 2 2 2 2 2 2
left_child=1 2 15 4 -4 -5 7 9 10 -2 -9 16 14 -14 -13 17 -8 -1
right_child=6 -3 3 5 -6 -7 11 8 -10 -11 -12 12 13 -15 -16 -17 -18 -19
leaf_value=-0.053852389473138265 0.010602652460705898 0.055424217678526726 -0.005709276794616293 -0.048401806733105165 0.052042585725204087 -0.0040015911041000564 -0.06552827686988541 -0.10247155731139895 0.072013924754961267 0.074988609239275514 -0.018341504687291711 0.0008344454297435892 -0.048101074616623975 -0.00067596256257909529 0.025368720618524 0.027598258651362062 -0.034662151784591887 -0.068334620545424454
leaf_weight=6.4583279065554953 3.9903603838756698 3.8355418611317864 15.596259286627175 13.060262689366938 8.1142810098826867 15.963723351247607 1.7623352892696851 2.1941889673471442 2.654648719355464 6.4804847985506058 2.7555647026747465 1965.9564702081261 11.542736558243631 2734.183886143961 38.555483704432845 0.51820414885878552 1.2694260310381649 0.50991216674447049
leaf_count=198 24 17 107 133 53 104 23 20 8 19 20 10042 78 17098 101 4 18 5
internal_value=-3.88697e-06 -0.00809494 -0.0121405 -0.00687928 0.0140547 -0.0239809 0.000104737 0.0245673 -0.011074 0.0504516 -0.0556357 1.17138e-05 4.52951e-05 -0.000875333 0.00130635 -0.0492009 -0.0526043 -0.0549122
internal_weight=4835.4 64.0565 60.221 52.7345 23.7105 29.024 4771.35 18.0752 7.6044 10.4708 4.94975 4753.27 4750.24 2745.73 2004.51 7.48644 3.03176 6.96824
internal_count=28072 621 604 397 160 237 27451 91 48 43 40 27360 27319 17176 10143 207 41 203
is_linear=0
shrinkage=0.05


Tree=294
num_leaves=21
num_cat=0
split_feature=7 1 1 2 7 2 1 0 0 7 1 4 15 0 1 7 0 15 8 1
split_gain=1.67526 5.57062 7.02942 5.92621 9.31713 14.0963 8.59216 6.11024 5.41064 3.93454 20.2393 10.627 9.04011 8.85994 8.05707 6.44207 3.73856 3.50546 10.8823 3.66067
threshold=0.39175000000000004 0.8136500000000001 0.84415000000000007 11.500000000000002 0.38170000000000009 3.5000000000000004 0.59730000000000005 0.52705000000000013 0.39175000000000004 0.41105000000000008 0.64405000000000012 0.42950000000000005 16.500000000000004 0.091750000000000012 0.15585000000000002 0.40270000000000006 1.0000000180025095e-35 39.500000000000007 1.0000000180025095e-35 0.52705000000000013
decision_type=2 2 2 2 2 2 2 2 2 2 2 2 2 2 2 2 2 2 2 2
left_child=1 3 -3 4 7 -6 -5 -1 -4 10 13 12 -12 14 -2 -15 -11 19 -19 -18
right_child=9 2 8 6 5 -7 -8 -9 -10 16 11 -13 -14 15 -16 -17 17 18 -20 -21
leaf_value=-0.0027959536706505155 0.029076871431364018 0.056090376949105292 0.028426734375438658 0.078820573774577768 -0.006611778050537866 -0.060010004417480139 -0.016526923851136601 0.058901394537554656 -0.046998638502516961 0.049371284388218827 0.051312796282133435 0.06170277912530029 -0.033765076093483441 0.017655166055952774 -0.048404432070458386 0.047434521580393019 -0.0028377627124820223 0.041533804111274442 -0.033433743666377552 0.00065297100820228674
leaf_weight=330.89884937088937 5.6067374404519787 8.8183847758919018 5.247199470177291 5.111677944660185 37.851612122729421 18.351277858950198 4.3936826437711716 4.0622308477759352 4.347825400531292 3.8307825922965995 3.3966247737407675 3.6807495504617682 38.666137582622468 70.01083721825853 8.3552937153726798 24.521740020252764 976.03113792522345 16.342865003738556 6.8780348983127615 3258.1980730216019
leaf_count=2791 31 23 17 21 199 161 26 12 19 18 7 7 213 315 58 113 6932 66 46 16997
internal_value=-3.789e-06 -0.00302493 0.0238655 -0.00426073 -0.00520864 -0.0240473 0.0347479 -0.00204772 -0.00575101 0.000282952 0.00812809 -0.0197659 -0.0268949 0.0198888 -0.0172902 0.0253799 -1.00494e-06 -4.54293e-05 0.0193284 -0.000151677
internal_weight=4834.6 419.083 18.4134 400.669 391.164 56.2029 9.50536 334.961 9.59502 4415.52 154.238 45.7435 42.0628 108.495 13.962 94.5326 4261.28 4257.45 23.2209 4234.23
internal_count=28072 3269 59 3210 3163 360 47 2803 36 24803 744 227 220 517 89 428 24059 24041 112 23929
is_linear=0
shrinkage=0.05


Tree=295
num_leaves=29
num_cat=0
split_feature=2 3 15 9 15 12 0 15 13 2 15 15 4 3 15 4 15 15 0 3 4 14 15 13 0 15 14 14
split_gain=1.66592 16.0157 10.8775 9.30034 9.49263 9.28295 8.85627 17.2298 20.4137 15.5739 28.6324 14.2606 12.1566 8.7401 7.82007 6.96955 6.2159 11.8975 6.06305 12.3226 7.71969 4.95695 4.80179 4.17879 2.1335 0.105477 0.0176673 0.0112823
threshold=5.5000000000000009 2.5000000000000004 26.500000000000004 0.27252945090211739 20.500000000000004 1.0000000180025095e-35 0.23465000000000005 22.500000000000004 17.500000000000004 3.5000000000000004 25.500000000000004 20.500000000000004 0.36090000000000005 1.5000000000000002 21.500000000000004 0.5082000000000001 31.500000000000004 30.500000000000004 0.28060000000000007 4.5000000000000009 0.25675000000000009 39.500000000000007 27.500000000000004 5.5000000000000009 0.82685000000000008 21.500000000000004 30.500000000000004 27.500000000000004
decision_type=2 2 2 2 2 2 2 2 2 2 2 2 2 2 2 2 2 2 2 2 2 2 2 2 2 2 2 2
left_child=1 6 3 14 -5 24 7 8 -1 10 -8 -11 -9 15 -3 22 17 -4 19 -15 -20 -18 -7 -17 25 26 -2 -27
right_child=5 2 16 4 -6 13 9 12 -10 11 -12 -13 -14 18 -16 23 21 -19 20 -21 -22 -23 -24 -25 -26 27 -28 -29
leaf_value=-0.014403274208235634 -0.069941183020673786 0.012209797761746294 -0.00029581488075744011 0.025216705291493072 -0.0034923515277782737 0.079871034757257972 0.0037015604471712809 -0.0053484147954806216 0.029555703658869604 0.00021370141167419241 -0.03456015796701644 0.034330682094130975 0.0078475349037500017 -0.015838035496272419 0.038809730752096483 0.019382695074208488 0.0043877673686232915 -0.052073497426110497 -0.05848164573561037 0.013616916340038698 -6.8514405035171962e-05 0.049546585301574464 0.019220478174150488 -0.091569709789105877 0.022275693164656309 -0.057311263876714084 -0.062391693960822239 -0.052560097289161251
leaf_weight=398.45621219812892 1.7668384760618177 48.591688800603151 45.903436599299312 46.444581963121891 75.760482879937626 7.1323105655610579 521.61499462835491 348.33269559207838 28.284653093898669 53.912070585298352 53.95295681245625 70.922572799026966 349.79064510704484 157.38731231843121 64.052622117102146 2.0098058991134162 36.220851371064782 14.630804599262772 5.6693005384877315 45.852894610725343 2434.0785713209771 7.3017151579260817 6.016129526309669 1.4688329384662209 0.88514551520347673 2.5085335001349449 1.3804176034172995 2.4895453983917832
leaf_count=2795 9 167 215 183 334 18 1755 2604 175 257 243 271 1677 1864 190 7 153 82 69 317 14408 33 27 47 3 28 24 117
internal_value=-3.95665e-06 0.00102689 0.011009 0.0169715 0.00741865 -0.000839939 -0.000826524 -0.00357477 -0.0114896 0.00358723 0.000114959 0.0195967 0.00126334 -0.000668103 0.0273352 0.0354694 -0.0024482 -0.0128102 -0.000895445 -0.00919272 -0.00020425 0.011964 0.0521201 -0.0274662 -0.0514482 -0.0594597 -0.0666299 -0.0549447
internal_weight=4832.82 2164.17 338.906 234.849 122.205 2668.65 1825.27 1124.86 426.741 700.403 575.568 124.835 698.123 2659.62 112.644 16.6271 104.057 60.5342 2642.99 203.24 2439.75 43.5226 13.1484 3.47864 9.03048 8.14533 3.14726 4.99808
internal_count=28072 11134 1357 874 517 16938 9777 7251 2970 2526 1998 528 4281 16757 357 99 483 297 16658 2181 14477 186 45 54 181 178 33 145
is_linear=0
shrinkage=0.05


Tree=296
num_leaves=22
num_cat=0
split_feature=2 4 7 1 14 3 2 4 7 2 14 6 1 2 5 3 8 3 4 9 14
split_gain=1.60725 3.79564 9.66112 2.68234 3.83577 2.64047 2.58492 4.70631 3.49078 2.63364 5.69351 7.37258 7.04779 2.07741 7.4853 6.38335 2.01305 1.6455 1.18622 0.764222 0.537729
threshold=23.500000000000004 0.71010000000000006 0.93420000000000014 0.9607500000000001 43.500000000000007 12.500000000000002 22.500000000000004 0.80605000000000004 0.6845500000000001 21.500000000000004 41.500000000000007 0.77850000000000008 0.95550000000000013 10.500000000000002 0.4431500000000001 5.5000000000000009 1.0000000180025095e-35 11.500000000000002 0.73375000000000001 0.99975502204801581 42.500000000000007
decision_type=2 2 2 2 2 2 2 2 2 2 2 2 2 2 2 2 2 2 2 2 2
left_child=6 -2 17 4 -4 -5 9 8 -8 13 11 -11 -12 15 -15 -1 -9 18 -3 -10 -18
right_child=1 2 3 5 -6 -7 7 16 19 10 12 -13 -14 14 -16 -17 20 -19 -20 -21 -22
leaf_value=0.00016565180493296181 0.044296046734743445 0.017782587314351655 0.068630664040271447 -0.043579093817438685 0.0080408197886064816 0.023533450657534424 -0.0064894084735311539 -0.027900052947208188 -0.052369648877935819 0.060262611771517594 -0.040659711117357784 -0.018530601393581592 0.068651775211984442 -0.0074889076148662781 0.00085627003284965075 0.01336268789091638 0.052094954996945546 -0.07877702795072955 -0.054447360745529097 -0.095428850139020832 0.0092233385567176591
leaf_weight=3448.499441245629 6.8399252891540554 0.99462549574673476 4.8563691312447208 2.6156866410747162 5.6524185845628381 3.3332502041012049 2.8554634898900968 1.8564040549099443 1.7376004755496977 9.8316759001463669 6.4403956467285735 4.253083733841776 1.9124097302556036 399.49193873093463 820.77820854319725 94.13072544883471 2.1313869655132298 3.2047072201967239 1.3265228848904369 2.5320140402764082 1.1135430615395305
leaf_count=18924 23 7 109 55 141 78 9 25 17 37 96 79 6 1589 6324 420 45 23 25 21 19
internal_value=-3.98295e-06 0.0117677 0.00164685 0.0208534 0.0360409 -0.00597525 -7.47063e-05 -0.0230357 -0.0492844 -1.60417e-05 0.0170739 0.0364699 -0.0156324 -9.65506e-05 -0.00187577 0.000516308 0.0136261 -0.0555563 -0.0234964 -0.0779051 0.037383
internal_weight=4826.39 28.8235 21.9836 16.4577 10.5088 5.94894 4797.56 12.2264 7.12508 4785.34 22.4376 14.0848 8.35281 4762.9 1220.27 3542.63 5.10133 5.52586 2.32115 4.26961 3.24493
internal_count=28072 461 438 383 250 133 27611 136 47 27475 218 116 102 27257 7913 19344 89 55 32 38 64
is_linear=0
shrinkage=0.05


Tree=297
num_leaves=27
num_cat=0
split_feature=15 13 0 3 15 1 15 0 1 4 15 0 2 5 1 2 5 1 13 7 1 4 0 5 2 4
split_gain=1.68119 6.03772 9.19775 5.31591 18.0677 18.4296 16.075 15.2816 9.30418 6.10636 3.531 13.1718 15.3549 22.9187 21.7542 9.69204 10.6578 7.76719 5.27501 4.54103 9.40199 7.74572 3.77943 7.72082 3.33747 1.20596
threshold=18.500000000000004 23.500000000000004 0.36055000000000004 1.5000000000000002 17.500000000000004 0.79705000000000015 15.500000000000002 0.15830000000000002 0.54230000000000012 0.62320000000000009 21.500000000000004 0.11235000000000002 2.5000000000000004 0.32305000000000006 0.52705000000000013 1.5000000000000002 0.58500000000000008 0.24620000000000003 25.500000000000004 0.64075000000000004 0.53710000000000002 0.36090000000000005 0.18810000000000002 0.21485000000000001 8.5000000000000018 0.41065000000000002
decision_type=2 2 2 2 2 2 2 2 2 2 2 2 2 2 2 2 2 2 2 2 2 2 2 2 2 2
left_child=1 3 24 4 6 -6 -1 9 -9 -5 11 15 13 -13 -14 17 -17 -2 19 21 -21 -12 23 -20 -3 -4
right_child=10 2 25 7 5 -7 -8 8 -10 -11 18 12 14 -15 -16 16 -18 -19 22 20 -22 -23 -24 -25 -26 -27
leaf_value=-0.0099358517156510149 0.018549144847195966 -0.020533510369309112 -0.096551987766755026 0.046420274729956162 -0.041335009335411371 0.036211317691982763 0.010786058580980876 -0.018530929725585499 0.0052721403940210023 0.00020798873416055832 -0.0030939034122847413 0.031543852101994667 -0.031121418374890637 -0.014215411173372081 -0.001799724102826723 -0.063699881910851755 0.06160190557774127 -0.058082466639289225 0.017340327210969935 -0.020631661734134749 -0.0013847384173792533 0.0033786302072999347 -0.0043187536973757386 0.10842866205772619 0.047372552546064928 -0.053408248095262345
leaf_weight=162.41409608628601 11.898002783302219 4.49131998606026 3.1605274528264999 30.155930173583329 46.341243835631758 9.1795424595475179 220.86057231668383 44.933062524069101 475.50833492074162 9.3693636208772642 671.52743219118565 74.212414150126278 70.838406159018632 43.346005101222545 591.00765526643954 20.46364765800536 1.8505069836974133 4.5793148116208604 7.4311694353818911 69.278944067656994 754.23644890566356 1483.00391434005 5.7470736782997838 3.3865395504981279 3.0302043557167053 3.3223605155944824
leaf_count=646 69 28 15 116 425 28 857 334 2275 49 4413 288 924 194 3075 293 10 53 42 1371 5995 6509 24 13 11 15
internal_value=-3.67581e-06 0.00180713 -0.0307953 0.00226427 -0.00185649 -0.0285139 0.00200507 0.00549335 0.00321707 0.0354658 -0.000484666 -0.00339564 -0.00198033 0.0146715 -0.00493807 -0.0318322 -0.0533086 -0.00274803 0.000310677 0.000154168 -0.0030039 0.00136126 0.0284481 0.045856 0.00682388 -0.0744416
internal_weight=4825.57 1012.77 14.0044 998.762 438.795 55.5208 383.275 559.967 520.441 39.5253 3812.81 818.196 779.404 117.558 661.846 38.7915 22.3142 16.4773 2994.61 2978.05 823.515 2154.53 16.5648 10.8177 7.52152 6.48289
internal_count=28072 4799 69 4730 1956 453 1503 2774 2609 165 23273 4906 4481 482 3999 425 303 122 18367 18288 7366 10922 79 55 39 30
is_linear=0
shrinkage=0.05


Tree=298
num_leaves=23
num_cat=0
split_feature=15 2 5 5 7 5 1 15 1 1 14 4 14 5 1 4 7 2 15 4 4 7
split_gain=1.68725 8.78343 6.82041 5.2797 9.81689 7.82744 5.37779 3.60278 24.04 16.3706 14.352 9.91875 9.24994 4.95337 4.17722 3.52327 5.31166 3.45416 3.44898 8.70762 3.47129 1.5306
threshold=14.500000000000002 3.5000000000000004 0.57735000000000014 0.24845000000000003 0.52110000000000012 0.53140000000000009 0.74130000000000018 15.500000000000002 0.72315000000000007 0.59730000000000005 26.500000000000004 0.48050000000000004 13.500000000000002 0.42685000000000006 0.84415000000000007 0.86815000000000009 0.94030000000000014 15.500000000000002 18.500000000000004 0.51805000000000001 0.69010000000000005 0.46050000000000008
decision_type=2 2 2 2 2 2 2 2 2 2 2 2 2 2 2 2 2 2 2 2 2 2
left_child=1 3 -3 21 6 -6 -5 8 9 12 11 -10 -2 -11 -12 18 -17 -18 19 -9 -20 -1
right_child=7 2 -4 4 5 -7 -8 15 10 13 14 -13 -14 -15 -16 16 17 -19 20 -21 -22 -23
leaf_value=0.04681365861766193 0.046053214132109471 -0.087964671207985845 0.022433472920191707 -0.046891996089613398 0.028551732737991595 -0.024400200571549294 0.01461205238359245 -0.0019768323028536991 0.043821172244299107 -0.06866533367775024 -0.07384760451005988 0.0039857387553686773 -0.018233640841617743 -0.022321017080912098 0.007778944832975393 -0.075732552193041827 -0.020840936747097125 0.048573321209928973 -0.00097416209658199467 0.0086158927975511345 0.0037233712408357069 0.017380421498654607
leaf_weight=11.040919646620752 6.599346511065959 4.0824972204864016 2.128415659070015 11.595767959952356 32.854200176894665 8.8614307902753335 5.1249913722276679 394.40232230676338 26.470095001161098 22.06304802745581 5.6786109413951626 38.144764576107264 36.782725078519434 7.8053937628865233 2.1648665722459555 3.7395540643483374 8.9037048444151861 2.2438468970358381 3355.3092880949844 381.84071150457021 445.48480385029688 7.3623057901859275
leaf_count=26 26 29 14 50 102 41 14 1885 86 124 37 150 176 32 20 23 67 27 18564 1927 4632 20
internal_value=-4.04792e-06 0.007061 -0.0501324 0.0116839 0.00432884 0.0173034 -0.0280407 -0.000127898 -0.00786828 -0.0280674 0.0125517 0.0203047 -0.00845423 -0.0565544 -0.051318 0.000117716 -0.024167 -0.00686881 0.000196704 0.00323382 -0.000423572 0.0350387
internal_weight=4820.68 83.0505 6.21091 76.8396 58.4364 41.7156 16.7208 4737.63 145.709 73.2505 72.4583 64.6149 43.3821 29.8684 7.84348 4591.92 14.8871 11.1476 4577.04 776.243 3800.79 18.4032
internal_count=28072 296 43 253 207 143 64 27776 651 358 293 236 202 156 57 27125 117 94 27008 3812 23196 46
is_linear=0
shrinkage=0.05


Tree=299
num_leaves=27
num_cat=0
split_feature=7 7 4 4 5 13 14 8 0 15 0 7 3 13 0 15 4 4 9 9 0 0 13 4 3 0
split_gain=1.73909 8.60629 13.1384 19.1488 11.1281 8.28221 10.0947 7.21535 6.06185 15.8657 11.4448 6.02894 5.44816 10.2385 19.3512 18.4238 14.488 9.92081 9.25815 20.2894 13.5003 6.92738 12.7918 8.82784 5.44252 2.9907
threshold=0.53695000000000015 0.53000000000000014 0.49720000000000003 0.48335000000000006 0.43535000000000007 19.500000000000004 27.500000000000004 1.0000000180025095e-35 0.52705000000000013 15.500000000000002 0.45080000000000003 0.51665000000000016 1.5000000000000002 3.5000000000000004 0.60235000000000005 29.500000000000004 0.4592500000000001 0.32465000000000005 0.8935439560439562 0.25041436464088401 0.4714000000000001 0.39500000000000007 4.5000000000000009 0.43535000000000007 1.5000000000000002 0.28280000000000005
decision_type=2 2 2 2 2 2 2 2 2 2 2 2 2 2 2 2 2 2 2 2 2 2 2 2 2 2
left_child=1 4 3 7 8 6 -6 -3 10 -10 -1 -7 17 14 15 -14 -16 -2 19 -15 -20 23 -23 -19 -4 -5
right_child=12 2 24 25 5 11 -8 -9 9 -11 -12 -13 13 18 16 -17 -18 21 20 -21 -22 22 -24 -25 -26 -27
leaf_value=-0.00087628185194687591 0.04341063951004933 0.030735276411941272 0.069684140418795087 -0.030315915146063389 0.005028686183523581 -0.072211752248538194 0.031482240934538296 -0.0014714536378904065 0.068570400352774563 -0.01192878740188884 0.015996632774005842 0.017447497380530211 0.017710064162730448 -0.0040502271566890393 -0.062365839291422767 -0.025979888588336039 -0.0025241700538777417 -0.022152668057054615 -0.0067423641454384458 -0.042658405232806063 0.0054649595978874888 -0.028463554338628929 0.013932908638067093 -0.00035447204884005894 0.018487521598913793 -0.092049728048535395
leaf_weight=1513.9677220757585 10.071056701242922 34.053855586796999 13.31087262928486 3.3153805397450906 89.072404565289617 4.7645823620259753 60.597666954156011 35.538506804034114 6.3335514664649954 182.31225755158812 107.64649923052639 3.0915350811555982 290.53990061208606 692.96646738867275 10.671065606176851 26.315445343963802 193.90427065826952 54.535473412368447 338.38963184319437 35.786470829276368 684.88524534087628 75.655830111354589 23.261875668540597 313.14141010155436 8.5097994171082956 4.805444497615099
leaf_count=8605 29 114 23 19 328 24 293 163 15 757 395 14 932 5073 66 223 850 318 2205 1363 4232 282 90 1607 29 23
internal_value=-4.05654e-06 0.00109165 0.0154359 0.00580999 0.000366095 0.0131124 0.0157391 0.0142884 -0.000743071 -0.00922613 0.000243781 -0.0369291 -0.00082772 0.000191299 0.00634188 0.0140815 -0.00564563 -0.00568794 -0.00163921 -0.00594614 0.00142809 -0.00674769 -0.0184934 -0.00358768 0.0497181 -0.0668465
internal_weight=4817.44 2067.32 99.5339 77.7132 1967.79 157.526 149.67 69.5924 1810.26 188.646 1621.61 7.85612 2750.12 2273.46 521.431 316.855 204.575 476.666 1752.03 728.753 1023.27 466.595 98.9177 367.677 21.8207 8.12083
internal_count=28072 10802 371 319 10431 659 621 277 9772 772 9000 38 17270 14944 2071 1155 916 2326 12873 6436 6437 2297 372 1925 52 42
is_linear=0
shrinkage=0.05


end of trees

feature_importances:
jaccard=934
our_name_len=922
overlap_coef=798
fuzz_ratio=653
fuzz_partial=630
n_common_tokens=589
plat_name_len=534
fuzz_token_sort=506
n_kw_matched=457
name_len_diff=440
vol_ratio=418
fuzz_token_set=378
vol_same_unit=97
temp_match=28

parameters:
[boosting: gbdt]
[objective: binary]
[metric: auc,binary_logloss]
[tree_learner: serial]
[device_type: cpu]
[data_sample_strategy: bagging]
[data: ]
[valid: ]
[num_iterations: 300]
[learning_rate: 0.05]
[num_leaves: 31]
[num_threads: 14]
[seed: 42]
[deterministic: 0]
[force_col_wise: 0]
[force_row_wise: 0]
[histogram_pool_size: -1]
[max_depth: 5]
[min_data_in_leaf: 15]
[min_sum_hessian_in_leaf: 0.001]
[bagging_fraction: 0.8]
[pos_bagging_fraction: 1]
[neg_bagging_fraction: 1]
[bagging_freq: 0]
[bagging_seed: 400]
[bagging_by_query: 0]
[feature_fraction: 0.8]
[feature_fraction_bynode: 1]
[feature_fraction_seed: 30056]
[extra_trees: 0]
[extra_seed: 12879]
[early_stopping_round: 0]
[early_stopping_min_delta: 0]
[first_metric_only: 0]
[max_delta_step: 0]
[lambda_l1: 0]
[lambda_l2: 0]
[linear_lambda: 0]
[min_gain_to_split: 0]
[drop_rate: 0.1]
[max_drop: 50]
[skip_drop: 0.5]
[xgboost_dart_mode: 0]
[uniform_drop: 0]
[drop_seed: 17869]
[top_rate: 0.2]
[other_rate: 0.1]
[min_data_per_group: 100]
[max_cat_threshold: 32]
[cat_l2: 10]
[cat_smooth: 10]
[max_cat_to_onehot: 4]
[top_k: 20]
[monotone_constraints: ]
[monotone_constraints_method: basic]
[monotone_penalty: 0]
[feature_contri: ]
[forcedsplits_filename: ]
[refit_decay_rate: 0.9]
[cegb_tradeoff: 1]
[cegb_penalty_split: 0]
[cegb_penalty_feature_lazy: ]
[cegb_penalty_feature_coupled: ]
[path_smooth: 0]
[interaction_constraints: ]
[verbosity: -1]
[saved_feature_importance_type: 0]
[use_quantized_grad: 0]
[num_grad_quant_bins: 4]
[quant_train_renew_leaf: 0]
[stochastic_rounding: 1]
[linear_tree: 0]
[max_bin: 255]
[max_bin_by_feature: ]
[min_data_in_bin: 3]
[bin_construct_sample_cnt: 200000]
[data_random_seed: 175]
[is_enable_sparse: 1]
[enable_bundle: 1]
[use_missing: 1]
[zero_as_missing: 0]
[feature_pre_filter: 1]
[pre_partition: 0]
[two_round: 0]
[header: 0]
[label_column: ]
[weight_column: ]
[group_column: ]
[ignore_column: ]
[categorical_feature: ]
[forcedbins_filename: ]
[precise_float_parser: 0]
[parser_config_file: ]
[objective_seed: 16083]
[num_class: 1]
[is_unbalance: 0]
[scale_pos_weight: 3.00114]
[sigmoid: 1]
[boost_from_average: 1]
[reg_sqrt: 0]
[alpha: 0.9]
[fair_c: 1]
[poisson_max_delta_step: 0.7]
[tweedie_variance_power: 1.5]
[lambdarank_truncation_level: 30]
[lambdarank_norm: 1]
[label_gain: ]
[lambdarank_position_bias_regularization: 0]
[eval_at: ]
[multi_error_top_k: 1]
[auc_mu_weights: ]
[num_machines: 1]
[local_listen_port: 12400]
[time_out: 120]
[machine_list_filename: ]
[machines: ]
[gpu_platform_id: -1]
[gpu_device_id: -1]
[gpu_device_id_list: ]
[gpu_use_dp: 0]
[num_gpu: 1]

end of parameters

pandas_categorical:[]
